108,322,0,143,338,-35,183,338,-52,211,321,-65,236,302,-77,215,264,-35,258,239,-55,283,219,-70,304,200,-82,196,236,-30,232,194,-48,252,165,-64,269,138,-76,171,222,-29,193,182,-46,207,154,-59,220,130,-69,140,219,-30,155,187,-45,164,167,-54,173,149,-60,0
107,323,0,142,338,-31,182,339,-46,210,325,-58,232,305,-69,215,264,-30,258,239,-49,283,220,-64,304,202,-75,197,237,-27,232,195,-44,252,166,-59,269,139,-70,171,223,-27,194,183,-43,208,156,-55,221,132,-64,141,220,-30,156,188,-44,164,168,-51,174,150,-56,0
106,323,0,143,337,-31,183,338,-46,211,320,-57,233,300,-68,216,263,-29,257,238,-46,282,219,-61,302,201,-72,197,235,-25,232,194,-41,251,165,-56,268,139,-67,172,222,-24,195,182,-40,208,155,-52,220,130,-61,142,219,-27,156,188,-41,165,168,-49,174,150,-53,0
106,324,0,142,339,-31,182,338,-45,209,320,-57,232,301,-68,215,265,-29,257,239,-47,281,219,-62,302,200,-72,196,237,-26,230,195,-42,249,166,-57,265,140,-68,171,223,-25,194,183,-41,207,156,-54,219,132,-62,140,220,-28,155,188,-43,163,167,-50,172,148,-55,0
139,425,0,187,412,-2,221,377,-3,242,350,-8,262,332,-12,209,297,7,224,251,-2,234,224,-13,244,198,-22,189,288,-2,198,229,-11,212,191,-23,225,159,-31,170,291,-15,169,232,-25,179,196,-35,189,165,-42,150,305,-29,137,261,-40,135,230,-47,137,201,-51,0
140,419,0,188,409,-5,226,373,-6,250,345,-10,265,331,-14,214,294,5,228,248,-3,238,223,-14,249,199,-23,192,285,-3,202,225,-12,215,187,-23,226,155,-33,171,288,-14,171,232,-24,181,197,-35,191,167,-43,149,301,-27,140,257,-38,140,227,-44,144,198,-49,0
140,417,0,189,408,-3,225,373,-4,247,346,-8,265,330,-13,215,294,6,229,249,-2,239,223,-13,250,199,-22,194,285,-3,204,226,-12,217,188,-24,229,157,-34,172,289,-16,175,232,-26,186,197,-37,198,166,-45,150,303,-30,141,258,-42,142,227,-49,146,197,-54,0
285,361,0,339,358,-10,386,344,-30,422,340,-53,456,337,-76,379,248,-21,403,200,-49,429,179,-66,447,166,-77,352,238,-33,405,258,-70,402,307,-77,388,323,-75,324,243,-47,376,278,-81,367,321,-72,350,329,-58,296,257,-62,338,289,-83,336,318,-73,320,321,-62,0
286,358,0,339,359,-12,389,345,-31,426,341,-54,459,336,-75,382,249,-22,406,201,-50,431,179,-66,451,165,-76,355,237,-32,405,260,-70,404,308,-77,391,325,-75,327,241,-44,376,279,-79,367,322,-71,350,329,-58,299,255,-58,338,290,-79,335,319,-71,321,323,-60,0
176,348,0,222,346,-20,262,330,-30,292,315,-40,317,305,-51,255,256,-19,283,218,-34,299,193,-47,311,170,-56,227,240,-21,242,190,-34,251,159,-46,256,132,-55,197,238,-24,199,191,-38,200,161,-47,203,135,-54,167,246,-30,162,209,-43,159,186,-48,159,163,-52,0
197,357,0,244,355,-23,286,340,-36,317,322,-47,344,312,-59,280,260,-21,308,221,-37,324,196,-50,336,172,-59,250,244,-22,262,193,-36,271,161,-48,276,133,-57,219,241,-25,221,194,-40,224,162,-50,228,134,-56,188,249,-31,182,207,-45,180,180,-52,180,153,-55,0
199,358,0,245,355,-24,286,340,-37,318,324,-49,346,313,-61,280,261,-22,309,222,-38,325,197,-51,337,173,-61,250,245,-23,262,194,-38,270,162,-50,276,135,-59,219,243,-26,220,194,-42,223,162,-52,227,134,-58,187,250,-32,181,207,-47,180,179,-53,181,151,-57,0
196,354,0,244,351,-23,286,335,-35,317,318,-46,344,307,-57,277,256,-20,306,218,-37,323,193,-50,336,170,-60,247,240,-21,261,190,-36,270,157,-49,276,129,-58,217,239,-25,219,191,-40,221,158,-50,224,129,-57,185,247,-31,179,207,-45,176,180,-52,177,154,-55,0
196,355,0,243,352,-22,284,337,-34,315,319,-45,342,308,-56,275,259,-20,304,220,-36,320,195,-49,333,171,-58,246,243,-21,260,191,-35,268,158,-48,272,130,-56,216,241,-24,218,193,-39,219,160,-49,221,132,-55,184,250,-30,178,212,-43,176,187,-49,175,164,-52,0
196,355,0,242,353,-23,283,337,-35,315,320,-47,342,310,-58,275,258,-20,304,220,-36,320,194,-49,332,171,-58,246,242,-21,260,191,-35,267,159,-47,272,132,-56,215,241,-24,218,193,-39,220,161,-49,223,133,-55,184,250,-30,178,212,-43,175,187,-49,175,163,-53,0
195,355,0,242,352,-23,283,337,-35,315,320,-46,342,309,-57,275,259,-20,304,220,-36,320,195,-49,332,171,-58,245,243,-21,260,192,-35,267,159,-47,272,132,-56,215,241,-24,218,193,-39,220,161,-49,222,133,-55,184,250,-30,178,212,-43,175,187,-49,175,163,-53,0
198,358,0,244,354,-22,286,339,-34,316,323,-46,343,311,-57,277,261,-21,306,222,-36,321,197,-49,333,174,-58,247,245,-22,261,194,-36,269,162,-48,274,135,-56,217,243,-25,219,195,-40,221,163,-50,224,136,-56,186,252,-31,179,213,-45,176,188,-52,176,164,-55,0
198,357,0,245,354,-21,287,338,-33,318,321,-44,344,310,-54,278,260,-19,306,221,-34,322,196,-46,334,173,-56,248,244,-20,261,193,-34,269,161,-46,273,134,-54,218,242,-23,219,194,-38,221,162,-48,224,133,-54,187,250,-29,180,209,-43,178,182,-49,179,156,-52,0
198,356,0,246,354,-21,287,338,-33,317,321,-44,344,310,-54,278,259,-19,306,221,-34,322,196,-46,334,173,-55,248,244,-20,261,193,-34,268,161,-45,272,134,-54,218,242,-23,220,194,-38,221,162,-47,224,134,-53,187,251,-29,180,211,-43,178,184,-49,178,159,-52,0
197,357,0,244,354,-22,286,339,-35,317,322,-46,344,310,-57,278,261,-21,306,222,-37,322,197,-50,334,173,-59,248,244,-22,261,193,-36,269,161,-49,273,134,-57,218,242,-25,220,193,-40,222,161,-50,225,133,-56,186,250,-31,181,209,-45,179,182,-51,179,156,-54,0
197,358,0,245,355,-22,287,339,-34,318,322,-46,344,310,-57,277,261,-20,306,222,-36,322,197,-49,334,173,-59,248,245,-21,261,193,-36,269,161,-48,273,134,-57,217,242,-25,219,194,-40,222,162,-50,225,134,-56,186,250,-31,181,209,-45,179,181,-51,179,154,-54,0
199,357,0,245,355,-24,287,339,-37,318,322,-49,344,311,-60,279,260,-22,307,222,-38,323,197,-51,334,174,-61,249,244,-22,262,194,-37,270,162,-50,275,134,-59,218,242,-25,220,195,-40,223,164,-51,227,136,-57,187,251,-30,181,211,-45,178,185,-52,178,159,-55,0
202,359,0,249,357,-24,291,341,-38,320,324,-51,347,312,-63,283,262,-24,311,223,-40,327,197,-54,339,174,-63,252,246,-24,264,195,-40,271,164,-52,275,137,-61,221,244,-28,222,196,-43,226,164,-53,229,136,-60,189,252,-33,183,210,-48,181,182,-55,182,155,-59,0
202,359,0,249,356,-24,291,341,-38,321,324,-50,348,313,-62,282,262,-23,310,223,-40,326,197,-54,338,174,-63,251,246,-24,263,195,-39,271,163,-52,276,136,-61,220,244,-27,221,197,-42,224,164,-53,228,135,-59,189,253,-32,183,212,-47,180,184,-54,181,158,-58,0
203,359,0,250,356,-24,292,341,-37,323,323,-49,351,313,-61,283,263,-22,311,224,-39,327,199,-52,339,175,-61,252,247,-23,265,196,-38,272,163,-50,278,136,-59,221,245,-26,223,197,-41,226,164,-51,230,136,-57,190,253,-31,184,212,-46,181,185,-52,181,158,-56,0
204,359,0,251,357,-24,293,341,-38,324,323,-50,351,313,-61,284,263,-23,312,225,-39,329,199,-52,341,175,-62,254,246,-23,266,195,-38,274,163,-50,279,136,-58,223,244,-26,224,196,-40,227,164,-50,231,136,-56,192,253,-31,184,214,-45,181,188,-51,181,164,-54,0
203,359,0,251,356,-24,293,341,-37,324,323,-49,352,314,-61,283,263,-23,312,225,-40,329,199,-53,341,175,-63,253,246,-24,266,195,-39,274,164,-51,279,136,-60,223,244,-27,224,196,-42,227,164,-52,231,135,-58,192,253,-32,185,214,-46,182,188,-53,181,164,-56,0
204,360,0,251,356,-23,294,339,-36,326,322,-47,354,314,-59,283,263,-22,313,224,-38,330,199,-51,342,175,-61,253,247,-23,266,196,-37,273,164,-49,277,137,-58,222,245,-26,225,197,-41,228,165,-50,232,137,-56,192,254,-32,184,213,-45,182,187,-51,182,162,-54,0
204,360,0,251,356,-23,294,340,-36,326,322,-48,354,314,-59,283,263,-23,312,225,-39,329,199,-52,342,175,-61,253,247,-23,266,196,-38,273,164,-50,278,137,-59,222,245,-26,224,197,-41,228,165,-51,231,137,-57,191,254,-32,184,213,-46,182,187,-52,182,161,-55,0
203,358,0,252,356,-25,295,340,-38,327,322,-50,356,313,-62,283,262,-25,312,224,-41,329,198,-55,341,175,-65,253,246,-25,266,195,-40,273,163,-53,278,135,-62,221,245,-27,224,196,-43,227,164,-53,230,135,-60,190,253,-32,184,212,-47,181,184,-54,181,158,-58,0
203,358,0,252,356,-25,294,340,-39,326,322,-51,355,313,-64,283,262,-25,312,224,-43,328,198,-56,340,174,-66,253,246,-25,265,195,-41,272,163,-54,277,136,-63,222,244,-28,224,196,-44,227,164,-54,231,135,-61,191,253,-33,184,212,-48,181,184,-55,181,157,-59,0
204,358,0,252,356,-24,296,339,-37,327,322,-49,354,312,-61,283,262,-24,312,224,-41,328,198,-54,341,174,-64,253,246,-24,266,196,-40,273,164,-53,278,135,-62,222,245,-27,224,196,-43,227,164,-53,231,135,-59,191,253,-33,184,213,-47,182,186,-54,182,160,-57,0
204,358,0,252,355,-24,296,340,-38,326,322,-50,354,312,-62,283,262,-24,312,224,-41,328,198,-54,340,174,-64,253,246,-24,265,195,-40,273,163,-53,278,135,-62,222,244,-27,224,196,-43,227,164,-53,230,135,-59,191,253,-33,185,213,-47,182,185,-54,182,159,-57,0
204,358,0,252,356,-24,295,339,-38,326,322,-50,354,313,-62,283,262,-24,312,224,-41,328,198,-55,341,174,-65,253,246,-25,265,195,-40,273,163,-53,278,135,-62,222,244,-28,224,196,-43,227,164,-53,230,135,-59,191,253,-33,185,213,-47,182,186,-54,182,160,-57,0
204,357,0,252,355,-24,295,339,-37,326,321,-49,354,311,-61,283,262,-25,312,224,-42,329,198,-55,341,174,-65,253,246,-25,267,194,-40,274,162,-53,279,134,-61,223,244,-28,225,196,-43,227,164,-53,230,135,-60,193,253,-33,185,215,-47,182,190,-54,181,165,-57,0
204,357,0,252,354,-24,294,339,-37,325,321,-49,352,311,-61,283,261,-24,312,223,-41,329,198,-55,341,174,-65,253,245,-25,266,194,-40,274,162,-53,279,135,-62,223,244,-28,225,196,-43,227,164,-53,231,135,-60,192,253,-33,184,215,-48,181,189,-55,181,164,-58,0
205,357,0,253,355,-23,296,340,-36,326,321,-47,353,312,-58,283,262,-23,313,224,-39,330,198,-51,342,173,-61,254,245,-23,266,194,-38,274,161,-50,279,134,-59,224,243,-26,225,194,-41,228,162,-51,231,134,-57,193,251,-31,186,210,-45,183,183,-52,183,158,-55,0
206,356,0,254,354,-24,295,338,-37,326,321,-49,353,311,-61,285,261,-24,314,223,-40,330,197,-54,342,173,-64,255,244,-24,267,194,-39,274,162,-52,279,134,-60,225,242,-27,226,195,-42,228,163,-52,232,135,-59,195,252,-32,187,214,-46,184,188,-53,183,164,-56,0
207,356,0,254,355,-23,296,339,-36,327,321,-48,354,311,-60,285,262,-24,315,223,-40,331,197,-53,343,174,-63,255,245,-24,268,195,-39,276,163,-51,280,135,-59,225,243,-27,227,196,-41,229,164,-51,232,136,-57,195,253,-32,187,216,-46,184,192,-52,183,169,-55,0
206,356,0,254,354,-24,296,339,-37,326,321,-48,354,311,-60,285,261,-23,314,223,-40,331,197,-53,343,173,-63,255,245,-23,268,194,-38,275,162,-51,280,135,-59,225,243,-26,227,196,-41,229,164,-51,233,136,-57,195,253,-31,188,217,-45,184,193,-51,183,170,-55,0
204,356,0,253,354,-25,294,339,-38,325,322,-50,353,312,-63,285,262,-24,314,224,-42,331,198,-56,344,175,-66,255,245,-24,268,195,-40,275,162,-53,279,134,-62,225,243,-27,227,196,-42,229,164,-53,232,135,-60,194,253,-32,187,216,-47,183,191,-54,182,167,-57,0
204,356,0,252,355,-25,293,340,-39,325,322,-51,353,313,-63,284,262,-25,314,224,-42,330,199,-55,343,175,-66,255,245,-24,268,195,-40,275,163,-52,279,135,-61,224,243,-27,227,196,-42,230,164,-53,233,135,-59,194,253,-32,187,216,-46,183,191,-53,182,167,-57,0
204,357,0,252,355,-25,293,340,-39,325,322,-51,353,313,-63,284,262,-25,313,224,-42,330,199,-56,343,176,-66,255,245,-25,268,195,-40,275,163,-53,279,135,-62,224,243,-27,227,196,-43,229,164,-53,232,135,-60,194,253,-32,186,216,-47,183,191,-54,182,166,-58,0
206,356,0,253,353,-24,295,338,-38,325,322,-49,352,312,-61,284,261,-24,313,223,-40,329,198,-53,342,175,-63,254,245,-24,267,194,-38,274,162,-50,278,135,-59,224,243,-26,227,196,-41,229,164,-51,232,135,-58,193,253,-31,186,217,-45,183,193,-51,182,170,-55,0
205,355,0,253,353,-25,294,339,-38,325,322,-50,352,312,-62,284,261,-24,313,223,-40,329,198,-54,341,175,-63,254,245,-24,267,194,-39,274,162,-51,278,135,-60,224,243,-26,226,196,-41,229,164,-51,232,136,-58,194,253,-31,187,217,-45,183,193,-52,182,171,-55,0
204,356,0,252,355,-24,293,339,-37,324,322,-49,351,312,-60,284,262,-23,313,223,-40,330,198,-53,343,175,-63,254,245,-23,267,194,-39,275,162,-51,280,134,-60,224,244,-26,226,196,-41,229,164,-51,232,136,-58,193,253,-31,187,215,-46,184,189,-52,183,165,-55,0
205,356,0,253,354,-24,295,338,-38,326,321,-50,354,311,-62,285,261,-24,314,223,-41,330,197,-55,342,173,-64,255,245,-24,267,193,-39,274,161,-52,279,133,-60,224,244,-27,226,195,-42,229,163,-52,233,135,-58,194,253,-32,186,217,-46,183,193,-52,182,170,-55,0
205,357,0,252,355,-25,294,339,-39,325,323,-51,354,313,-64,285,262,-24,314,223,-41,331,197,-54,343,173,-65,255,246,-24,267,195,-40,274,163,-52,279,135,-61,224,244,-27,227,196,-42,229,164,-53,232,134,-60,193,253,-32,186,214,-47,183,188,-54,182,163,-57,0
205,358,0,252,355,-25,294,339,-39,325,323,-51,353,313,-63,285,262,-24,314,223,-41,331,198,-54,343,174,-65,255,246,-24,267,195,-39,275,163,-52,279,135,-61,224,244,-27,227,196,-42,230,164,-52,233,135,-59,193,253,-32,186,214,-47,183,188,-53,183,163,-57,0
205,358,0,253,356,-24,296,340,-37,327,322,-49,354,312,-60,284,262,-23,314,224,-40,330,199,-53,343,175,-63,254,246,-24,266,195,-39,273,163,-51,278,135,-60,224,244,-26,226,196,-42,229,164,-51,232,137,-58,194,253,-32,186,214,-46,183,187,-53,182,163,-56,0
205,358,0,253,355,-24,296,339,-37,327,322,-49,354,312,-61,285,262,-23,314,223,-40,330,198,-54,343,174,-64,254,246,-24,266,195,-39,274,162,-52,279,135,-61,224,244,-26,226,196,-42,229,164,-52,232,136,-58,194,253,-32,187,214,-46,183,188,-53,182,163,-56,0
205,358,0,253,355,-24,296,340,-37,326,322,-49,354,312,-61,285,261,-23,314,223,-40,330,198,-53,343,174,-64,255,245,-23,266,194,-38,274,162,-51,279,135,-60,224,244,-26,226,196,-41,229,164,-51,233,136,-58,194,253,-31,187,215,-46,183,189,-52,182,164,-56,0
205,357,0,253,355,-25,295,340,-39,326,322,-51,354,312,-63,285,262,-25,315,223,-42,331,197,-56,344,173,-66,255,246,-25,268,195,-41,275,162,-53,280,134,-62,224,244,-27,226,196,-43,228,164,-53,231,136,-60,194,253,-32,187,216,-46,184,191,-53,183,168,-57,0
205,357,0,252,355,-25,294,340,-39,325,322,-51,353,312,-64,285,262,-25,314,223,-42,331,197,-56,344,173,-66,255,245,-25,267,195,-40,275,162,-53,280,134,-63,224,244,-27,227,196,-42,229,165,-53,233,137,-60,194,253,-32,187,217,-46,184,193,-53,183,170,-57,0
206,357,0,252,354,-24,293,339,-37,324,322,-49,352,312,-61,284,261,-23,314,223,-40,331,197,-53,343,174,-63,255,245,-23,267,194,-38,275,162,-51,280,134,-60,225,244,-26,227,196,-41,229,164,-51,233,136,-58,195,254,-31,187,218,-45,184,194,-51,183,170,-55,0
206,357,0,254,355,-25,295,340,-40,326,323,-52,353,312,-65,285,262,-25,315,224,-42,331,198,-56,343,174,-66,255,246,-25,268,195,-41,275,162,-53,280,135,-62,225,244,-27,227,196,-43,229,164,-53,232,136,-60,194,254,-32,187,217,-47,183,193,-54,182,170,-57,0
206,357,0,254,355,-23,297,339,-36,328,321,-47,355,312,-58,286,263,-23,316,224,-39,332,198,-52,344,174,-62,255,246,-23,268,194,-39,276,162,-51,280,135,-59,225,244,-26,227,196,-41,230,164,-51,233,136,-58,195,254,-32,187,217,-45,184,193,-52,183,170,-55,0
206,357,0,254,355,-23,297,339,-36,328,321,-47,356,312,-58,285,262,-22,315,223,-39,332,198,-52,344,175,-61,255,246,-23,268,194,-38,276,162,-50,280,134,-59,225,244,-26,227,196,-40,230,164,-51,233,136,-57,195,254,-31,188,219,-45,184,195,-51,183,173,-55,0
204,357,0,252,354,-24,296,339,-37,328,322,-49,355,313,-61,285,261,-23,315,223,-39,331,198,-53,344,174,-63,255,245,-23,268,194,-38,275,162,-50,280,135,-59,225,244,-25,227,196,-40,230,164,-50,233,136,-56,195,253,-30,187,217,-44,184,193,-50,183,171,-53,0
204,357,0,252,355,-24,296,339,-37,328,322,-49,357,313,-60,285,261,-22,315,223,-39,332,197,-52,345,174,-62,255,245,-22,268,194,-37,275,162,-50,280,135,-58,225,244,-25,227,196,-39,230,165,-49,233,137,-56,195,253,-30,188,218,-44,184,194,-50,183,171,-53,0
204,357,0,252,354,-24,296,339,-37,328,321,-48,356,312,-60,285,261,-22,315,222,-39,331,197,-52,344,173,-62,255,245,-22,268,194,-37,276,162,-50,281,134,-58,225,244,-25,227,196,-39,230,165,-49,233,137,-56,195,253,-30,188,218,-43,184,194,-50,183,171,-53,0
206,358,0,254,354,-23,296,338,-36,328,321,-48,356,313,-60,283,261,-22,314,223,-39,331,197,-52,344,174,-62,254,245,-23,267,194,-38,275,162,-50,280,134,-59,224,244,-25,226,196,-40,229,165,-50,232,137,-56,195,253,-31,187,217,-44,184,192,-51,183,168,-54,0
206,358,0,254,354,-23,297,338,-36,329,321,-48,357,313,-59,284,261,-22,314,223,-38,331,197,-51,343,174,-61,254,246,-23,267,195,-38,275,163,-50,280,135,-59,224,244,-26,226,196,-41,228,164,-51,231,135,-57,194,253,-32,186,214,-45,182,188,-52,181,163,-55,0
206,358,0,253,355,-25,294,339,-39,325,323,-51,353,313,-64,286,261,-24,315,222,-40,331,197,-53,344,173,-64,255,245,-24,267,194,-39,275,162,-51,280,135,-60,224,244,-26,226,196,-41,228,163,-52,232,135,-58,193,253,-32,186,214,-46,182,187,-53,182,161,-56,0
205,357,0,252,355,-23,294,339,-36,326,321,-48,354,312,-59,285,261,-22,314,223,-38,330,197,-51,342,173,-61,255,245,-22,267,194,-37,274,162,-49,279,135,-58,224,243,-25,226,195,-40,228,164,-50,232,136,-56,194,252,-31,186,213,-45,182,187,-51,182,162,-54,0
206,358,0,252,355,-24,294,339,-37,325,322,-48,354,312,-60,286,261,-22,314,222,-38,331,197,-51,343,173,-61,255,245,-22,267,194,-37,274,162,-49,278,135,-58,225,243,-25,226,195,-40,228,163,-50,232,135,-56,194,252,-31,186,211,-45,183,184,-51,182,158,-54,0
206,357,0,254,354,-23,297,338,-36,328,320,-48,355,311,-59,286,260,-22,315,222,-38,330,196,-51,342,173,-61,256,245,-22,268,194,-37,274,162,-49,278,135,-58,225,243,-25,227,196,-40,229,165,-50,231,137,-57,195,253,-31,187,215,-45,183,190,-51,182,166,-55,0
207,356,0,255,353,-24,297,338,-37,328,320,-49,355,310,-61,285,260,-23,314,222,-40,331,196,-53,343,173,-63,255,244,-23,268,195,-38,274,162,-51,279,135,-60,225,243,-25,227,196,-41,229,164,-51,232,136,-58,195,253,-30,187,217,-45,183,192,-52,182,169,-56,0
206,355,0,254,355,-25,297,339,-38,328,321,-50,356,311,-62,287,261,-25,316,223,-42,332,197,-55,344,173,-65,256,245,-24,269,194,-40,276,162,-52,281,134,-61,226,244,-27,227,196,-42,229,165,-52,233,137,-59,196,254,-31,188,217,-46,184,192,-52,183,169,-56,0
206,356,0,254,355,-24,298,339,-37,329,321,-49,357,311,-60,286,260,-23,315,222,-39,331,197,-52,344,174,-62,256,245,-23,268,194,-38,275,162,-50,280,134,-59,226,243,-25,228,195,-40,230,164,-50,233,137,-57,196,253,-30,188,217,-44,184,193,-51,182,169,-55,0
207,358,0,255,355,-24,298,339,-37,330,321,-49,358,311,-61,286,261,-23,316,223,-40,332,197,-53,345,174,-63,256,246,-23,269,195,-38,276,162,-51,280,135,-60,225,245,-26,228,196,-41,230,165,-51,234,137,-58,195,254,-31,188,219,-45,185,194,-52,184,171,-55,0
207,357,0,254,354,-24,297,338,-37,328,321,-49,356,311,-61,285,261,-23,316,222,-40,332,196,-54,345,173,-64,255,245,-24,268,194,-39,275,162,-51,279,134,-60,225,244,-26,228,196,-41,230,164,-51,233,136,-58,195,254,-31,188,218,-45,185,194,-52,184,171,-55,0
207,357,0,255,354,-23,297,338,-36,329,321,-48,357,311,-60,285,261,-22,316,222,-39,332,196,-52,344,173,-62,255,245,-23,268,194,-38,275,162,-50,279,135,-59,225,244,-25,228,196,-40,230,164,-50,233,136,-57,195,254,-31,188,218,-45,185,194,-51,183,171,-54,0
208,358,0,255,354,-25,297,339,-39,328,321,-52,358,312,-65,286,260,-24,315,222,-42,332,196,-56,344,173,-66,256,245,-24,268,194,-40,275,162,-53,280,134,-62,226,244,-27,227,197,-43,230,165,-53,233,136,-60,196,255,-33,188,218,-47,184,194,-54,183,170,-57,0
208,356,0,255,353,-24,297,337,-37,328,320,-50,356,311,-62,286,260,-24,315,222,-41,332,196,-55,344,172,-65,256,245,-24,267,194,-40,274,162,-52,279,134,-61,226,243,-27,227,196,-42,229,164,-52,233,136,-58,195,253,-32,187,217,-46,184,192,-53,183,168,-56,0
207,357,0,254,355,-25,297,339,-39,328,321,-51,356,310,-63,286,261,-25,315,222,-42,332,196,-56,344,172,-66,256,245,-25,268,193,-40,275,161,-53,280,134,-62,225,243,-27,227,196,-42,230,164,-53,234,136,-59,196,253,-32,188,215,-46,185,190,-53,184,165,-57,0
207,357,0,255,354,-25,297,338,-38,329,320,-50,357,310,-62,285,260,-24,315,222,-41,332,196,-55,344,173,-65,256,244,-24,267,194,-39,275,161,-52,279,134,-61,225,243,-26,227,196,-41,230,164,-52,234,136,-58,195,253,-31,188,216,-46,185,190,-52,184,166,-56,0
208,356,0,255,354,-24,298,338,-38,329,321,-50,357,311,-62,287,260,-24,316,221,-41,332,196,-55,345,172,-65,256,245,-24,268,194,-40,275,162,-52,280,135,-61,226,244,-27,228,196,-42,230,165,-52,233,137,-59,195,254,-32,188,218,-46,184,194,-53,183,171,-56,0
207,356,0,255,354,-24,298,338,-38,329,320,-49,357,311,-61,286,260,-24,316,222,-41,332,196,-55,344,173,-64,256,245,-24,268,194,-39,275,162,-52,280,134,-61,225,244,-26,228,196,-41,230,164,-52,234,137,-58,195,254,-31,188,219,-45,185,195,-52,184,173,-55,0
207,356,0,255,354,-24,298,338,-37,329,320,-49,357,311,-61,286,260,-24,316,222,-41,332,197,-54,345,173,-64,256,245,-24,269,194,-39,276,162,-52,280,134,-61,225,244,-26,228,196,-41,231,164,-52,234,137,-58,195,254,-31,188,218,-45,185,195,-52,185,172,-55,0
207,356,0,256,354,-23,299,338,-35,329,319,-46,356,310,-57,286,259,-21,315,221,-37,331,196,-50,344,173,-60,256,244,-21,268,194,-36,275,161,-48,279,134,-57,226,243,-24,228,195,-39,230,164,-49,233,136,-56,197,253,-29,189,217,-43,185,192,-50,184,169,-53,0
207,355,0,255,352,-23,297,337,-36,328,320,-47,355,310,-59,285,259,-23,314,221,-39,331,196,-53,344,173,-63,255,244,-23,268,194,-38,275,161,-51,279,133,-60,225,243,-26,226,196,-41,228,164,-51,232,135,-58,195,253,-31,187,217,-45,184,192,-52,183,169,-55,0
207,354,0,255,352,-26,296,336,-41,326,319,-54,354,309,-67,285,259,-26,314,220,-44,330,195,-58,343,171,-68,255,243,-25,267,192,-41,274,160,-54,278,133,-64,224,242,-27,226,194,-43,228,161,-54,231,134,-61,194,251,-32,186,213,-47,182,187,-54,181,162,-58,0
208,355,0,255,353,-27,296,338,-42,327,320,-54,355,309,-67,286,260,-27,314,221,-45,330,195,-58,342,171,-69,255,243,-26,267,192,-42,274,160,-55,278,133,-64,224,242,-28,225,194,-44,228,161,-55,231,133,-62,193,252,-33,185,212,-48,181,185,-56,180,159,-60,0
207,356,0,255,354,-24,297,337,-37,327,319,-48,354,308,-59,285,259,-22,314,221,-38,329,195,-51,341,171,-61,254,244,-22,267,193,-37,274,161,-49,279,134,-58,224,242,-25,225,195,-40,228,163,-50,231,135,-56,193,251,-30,186,212,-45,183,186,-51,182,161,-55,0
207,357,0,255,353,-23,297,336,-36,327,318,-47,354,308,-58,285,260,-22,313,221,-38,329,195,-51,341,171,-60,254,244,-22,266,193,-37,274,161,-49,278,134,-57,223,242,-25,225,195,-39,227,163,-49,231,135,-55,192,251,-30,186,213,-44,183,187,-50,183,162,-53,0
208,356,0,256,353,-22,298,336,-34,328,318,-45,355,308,-56,286,260,-21,314,221,-37,330,195,-50,342,172,-59,256,244,-22,268,193,-37,275,161,-49,279,133,-57,226,243,-25,227,195,-40,229,163,-50,231,135,-56,196,253,-31,188,216,-44,184,192,-50,183,168,-54,0
208,356,0,256,353,-24,298,337,-37,328,319,-49,356,309,-61,288,260,-23,317,221,-40,333,195,-53,345,171,-63,258,244,-23,270,193,-38,276,161,-51,280,134,-60,227,242,-25,228,195,-41,229,163,-51,232,136,-58,196,252,-31,188,216,-45,184,191,-52,183,167,-56,0
209,356,0,256,353,-24,299,337,-37,330,319,-49,357,309,-61,286,260,-24,315,221,-41,331,196,-54,344,172,-64,256,244,-24,268,193,-39,275,161,-52,280,133,-61,226,243,-26,227,195,-41,229,163,-52,232,135,-59,196,253,-31,188,218,-45,185,193,-52,183,170,-56,0
208,356,0,256,353,-24,298,337,-38,329,319,-50,355,308,-61,286,260,-23,315,221,-40,331,195,-53,343,171,-63,256,244,-23,268,193,-38,274,161,-50,279,133,-59,226,242,-25,227,195,-40,229,162,-50,232,133,-57,196,252,-30,188,215,-44,184,190,-51,183,166,-54,0
208,355,0,257,352,-24,299,336,-37,329,317,-49,356,306,-61,286,259,-23,315,221,-40,331,195,-53,344,171,-64,256,243,-23,268,193,-38,275,161,-51,279,133,-60,226,242,-25,227,195,-41,229,163,-51,232,135,-58,196,252,-30,188,216,-45,184,192,-51,183,169,-55,0
208,355,0,256,352,-24,298,335,-36,329,317,-48,356,306,-59,286,259,-23,314,221,-40,330,195,-53,343,171,-63,256,243,-23,268,193,-38,275,161,-51,279,133,-60,226,242,-26,226,196,-41,228,163,-52,231,135,-59,196,253,-31,188,216,-45,184,191,-52,182,168,-56,0
208,354,0,257,352,-24,299,336,-37,329,317,-49,356,306,-60,285,258,-23,314,220,-40,330,195,-53,342,171,-63,256,243,-23,268,193,-39,275,161,-51,279,133,-60,226,242,-26,226,195,-41,228,163,-52,231,135,-58,196,252,-31,187,214,-45,184,189,-52,182,164,-56,0
207,355,0,255,352,-24,296,335,-36,327,317,-48,354,305,-59,283,258,-23,311,220,-39,328,195,-53,340,171,-63,253,243,-23,265,193,-38,272,161,-51,277,133,-61,223,242,-26,225,195,-41,228,163,-52,233,135,-59,193,251,-31,185,212,-45,182,184,-53,181,158,-57,0
206,355,0,254,352,-24,297,335,-36,327,317,-48,354,306,-59,283,259,-23,312,221,-39,328,195,-52,340,171,-62,253,244,-23,265,193,-38,272,161,-50,277,133,-59,223,242,-26,224,195,-41,227,163,-51,230,135,-57,192,250,-31,185,211,-45,182,184,-51,182,158,-55,0
205,354,0,253,350,-23,295,335,-36,326,317,-47,352,306,-58,282,258,-22,310,220,-37,325,194,-50,337,170,-60,252,243,-22,264,192,-36,271,160,-49,276,133,-57,221,241,-24,223,194,-39,225,163,-49,229,135,-55,191,251,-30,184,213,-43,181,188,-50,181,163,-53,0
204,354,0,253,352,-24,295,335,-36,325,317,-47,352,306,-58,282,258,-22,310,220,-37,325,194,-50,337,170,-60,252,243,-22,264,192,-36,271,160,-48,276,133,-57,221,242,-24,223,194,-39,225,162,-49,229,134,-56,191,251,-30,184,213,-44,181,187,-51,181,162,-54,0
204,354,0,251,351,-23,293,335,-35,322,317,-46,348,305,-57,281,257,-21,309,218,-37,325,193,-50,336,169,-60,251,242,-22,263,191,-36,269,159,-49,273,132,-58,221,241,-25,222,194,-40,224,163,-49,227,135,-56,191,251,-30,183,212,-44,180,186,-51,179,161,-54,0
205,355,0,252,351,-24,293,335,-37,322,317,-49,349,305,-60,281,257,-23,309,218,-39,325,192,-52,336,168,-62,251,242,-23,263,191,-38,270,159,-51,274,132,-60,222,241,-26,222,194,-41,224,163,-51,226,135,-57,191,251,-31,184,212,-45,180,187,-52,179,162,-55,0
204,354,0,252,351,-23,294,334,-36,323,316,-48,350,305,-59,281,256,-22,309,217,-39,324,191,-52,335,166,-62,251,242,-23,262,191,-38,269,159,-51,272,131,-60,220,241,-26,221,194,-41,222,162,-51,224,134,-57,190,250,-31,182,210,-46,179,183,-52,179,157,-55,0
205,355,0,252,351,-24,293,335,-37,323,316,-49,350,305,-60,281,257,-23,309,217,-39,324,191,-52,335,166,-62,250,242,-23,262,192,-39,269,159,-51,272,131,-60,220,241,-26,220,194,-42,222,162,-51,224,134,-58,190,251,-31,182,211,-46,179,184,-52,179,158,-56,0
205,355,0,252,351,-23,293,335,-36,323,316,-48,350,306,-59,281,257,-22,308,217,-39,324,191,-52,335,167,-61,250,243,-23,263,192,-38,270,159,-51,273,132,-60,220,241,-26,220,194,-42,222,162,-51,225,134,-58,189,250,-32,182,210,-46,180,182,-52,180,155,-56,0
206,355,0,253,352,-23,294,336,-36,322,317,-48,349,305,-60,281,257,-23,308,218,-39,324,191,-53,335,167,-62,251,243,-23,262,192,-39,269,160,-51,272,132,-60,221,242,-26,221,194,-42,223,163,-52,225,134,-58,190,251,-32,183,210,-47,180,183,-53,180,157,-56,0
205,357,0,253,354,-23,295,336,-35,324,318,-47,351,307,-58,283,259,-22,310,219,-38,324,193,-51,335,169,-61,252,244,-23,263,193,-38,270,161,-50,273,134,-59,221,243,-26,222,195,-41,223,163,-51,226,135,-58,190,252,-31,183,212,-46,181,185,-52,180,159,-56,0
207,358,0,254,355,-24,295,339,-37,325,320,-48,351,309,-60,283,261,-23,310,222,-39,326,196,-52,337,172,-62,252,246,-23,264,194,-38,271,162,-50,275,135,-59,222,245,-26,222,197,-41,223,165,-51,226,137,-57,192,254,-31,183,216,-45,180,191,-52,179,167,-55,0
205,358,0,254,355,-23,296,338,-36,326,320,-47,352,309,-58,282,261,-22,310,222,-38,326,195,-50,338,171,-60,252,246,-22,264,195,-37,271,162,-49,275,135,-57,222,245,-25,221,197,-40,223,165,-50,226,136,-56,191,254,-30,183,215,-44,180,188,-51,179,163,-54,0
205,360,0,253,356,-24,294,339,-37,324,321,-49,351,310,-60,282,260,-23,309,221,-40,325,195,-53,337,171,-63,251,245,-24,263,194,-39,270,162,-51,274,134,-60,220,245,-27,221,197,-42,223,164,-52,225,136,-59,189,254,-32,182,215,-46,179,188,-53,178,162,-57,0
205,360,0,253,357,-23,294,339,-37,324,321,-49,351,310,-61,282,261,-23,310,221,-40,325,195,-54,337,170,-64,252,246,-24,263,194,-40,270,162,-53,274,133,-62,221,245,-28,221,197,-43,223,164,-54,225,135,-60,190,255,-33,182,215,-48,180,188,-54,180,162,-58,0
205,360,0,252,356,-24,294,339,-38,324,321,-50,351,309,-62,281,261,-24,309,221,-41,324,195,-55,336,170,-65,251,246,-25,263,195,-41,269,162,-54,273,133,-63,221,245,-28,220,197,-44,221,164,-54,222,135,-61,190,255,-33,182,216,-48,179,190,-55,178,165,-58,0
205,360,0,252,357,-23,294,340,-36,324,321,-48,352,311,-60,281,262,-22,309,222,-39,324,196,-52,336,172,-61,251,247,-23,263,196,-38,269,163,-50,273,135,-59,220,246,-26,221,199,-41,222,166,-51,225,137,-57,190,256,-31,182,218,-45,178,193,-51,177,169,-55,0
205,360,0,253,357,-24,294,340,-37,325,321,-49,353,311,-61,281,262,-23,309,222,-40,324,196,-53,336,172,-63,250,247,-24,263,195,-39,269,163,-51,273,135,-60,220,246,-26,221,198,-41,223,166,-51,225,137,-58,189,256,-32,181,218,-46,178,192,-52,177,168,-55,0
204,359,0,252,356,-24,293,340,-37,323,322,-49,350,310,-61,281,261,-23,308,222,-40,324,195,-53,335,171,-63,250,246,-23,263,195,-38,270,162,-51,275,134,-60,220,245,-26,221,198,-41,222,165,-52,224,136,-58,189,255,-31,182,217,-45,179,191,-52,178,167,-56,0
205,359,0,252,356,-25,292,339,-38,323,320,-51,350,309,-63,282,261,-24,309,221,-41,324,195,-54,335,171,-64,251,246,-24,263,194,-40,269,161,-52,273,134,-61,221,245,-27,221,198,-42,221,166,-53,223,137,-59,190,256,-32,182,218,-46,179,193,-53,178,169,-56,0
206,359,0,253,356,-24,293,339,-38,323,320,-50,351,309,-62,281,260,-24,309,221,-40,325,194,-54,336,170,-64,251,245,-24,262,194,-39,269,162,-51,272,134,-60,220,244,-26,220,197,-41,222,165,-51,224,136,-58,190,254,-32,182,216,-46,178,190,-52,177,165,-56,0
206,359,0,253,356,-24,294,339,-38,323,321,-50,350,309,-63,282,261,-24,309,221,-40,324,195,-54,335,171,-64,251,246,-24,263,194,-39,269,162,-52,273,134,-61,221,245,-26,221,197,-42,222,165,-52,224,136,-58,190,254,-32,182,215,-46,179,188,-52,178,162,-56,0
196,280,0,237,285,-26,273,277,-41,303,266,-55,329,259,-68,271,202,-31,302,168,-50,321,145,-63,335,123,-73,246,183,-31,260,135,-48,269,105,-61,276,78,-71,219,180,-32,218,134,-49,219,102,-61,222,74,-69,192,187,-35,186,152,-51,183,129,-59,182,107,-64,0
192,272,0,232,277,-25,267,269,-40,294,258,-52,318,251,-65,265,194,-31,294,160,-50,311,138,-63,324,116,-73,241,176,-31,253,127,-48,261,97,-61,265,70,-70,214,173,-32,214,127,-49,215,97,-60,216,70,-68,188,181,-36,182,147,-52,179,125,-59,178,104,-64,0
193,272,0,232,277,-24,267,269,-39,294,258,-51,319,251,-64,266,194,-30,294,161,-49,311,138,-63,325,116,-73,241,176,-30,254,128,-48,261,97,-61,266,70,-70,215,173,-32,214,128,-50,214,97,-61,216,70,-68,188,181,-37,182,147,-52,179,125,-60,178,104,-64,0
193,270,0,231,275,-26,265,267,-41,293,257,-55,318,249,-68,266,192,-33,295,160,-52,313,137,-66,327,115,-77,241,173,-32,255,124,-50,263,94,-63,267,67,-72,215,170,-34,215,125,-51,216,95,-62,218,67,-69,188,178,-38,183,145,-53,181,123,-59,180,102,-63,0
193,270,0,231,275,-25,266,267,-41,293,258,-54,317,250,-67,268,192,-32,296,159,-51,313,136,-66,326,114,-76,242,173,-32,255,125,-50,262,95,-63,267,68,-72,215,170,-34,215,126,-51,216,96,-62,218,69,-69,189,178,-38,183,145,-53,181,124,-60,180,104,-64,0
194,270,0,232,275,-25,267,267,-40,294,257,-53,318,249,-66,268,192,-31,297,158,-49,314,135,-63,328,113,-73,243,173,-30,256,125,-47,263,95,-60,267,68,-69,216,169,-32,216,125,-48,217,95,-58,219,68,-65,189,177,-36,183,143,-50,181,121,-57,181,100,-61,0
193,270,0,232,275,-25,266,267,-40,294,257,-53,318,249,-67,268,192,-30,297,158,-49,314,135,-63,327,113,-73,243,173,-30,256,125,-47,263,95,-60,267,68,-69,216,169,-32,216,125,-48,217,95,-59,219,67,-65,189,177,-36,184,143,-50,181,121,-57,181,100,-61,0
194,271,0,232,276,-24,267,268,-38,295,257,-51,319,250,-63,270,192,-28,299,159,-46,316,136,-59,330,114,-68,245,174,-28,258,126,-44,266,96,-56,270,69,-65,218,170,-30,219,126,-46,219,95,-56,221,68,-62,191,177,-34,186,144,-48,183,123,-55,182,103,-58,0
194,271,0,233,277,-25,268,269,-40,296,258,-52,320,251,-65,269,194,-30,298,161,-48,315,138,-62,329,115,-71,244,175,-29,257,127,-46,265,97,-58,270,71,-67,217,170,-31,218,126,-47,219,96,-57,221,70,-64,191,177,-34,185,144,-49,182,122,-56,181,102,-59,0
194,270,0,233,276,-25,268,269,-40,296,258,-52,320,251,-65,268,194,-31,298,161,-49,316,138,-63,330,116,-73,244,175,-30,257,127,-47,265,97,-59,270,70,-68,218,171,-32,218,127,-48,219,96,-58,221,69,-65,191,178,-36,185,145,-50,182,123,-57,181,103,-61,0
194,270,0,232,276,-26,266,268,-41,294,258,-54,319,250,-67,269,194,-32,298,161,-50,315,138,-64,329,117,-74,244,175,-31,257,127,-48,265,97,-61,269,71,-70,218,171,-32,218,126,-49,219,96,-60,221,69,-67,191,179,-36,185,145,-51,182,124,-58,182,103,-62,0
194,271,0,232,276,-26,266,269,-41,294,259,-54,318,251,-67,268,194,-31,297,161,-50,315,139,-63,329,117,-73,244,175,-30,257,128,-47,264,97,-60,269,71,-69,218,171,-32,218,127,-48,219,96,-59,221,69,-66,191,178,-35,185,145,-50,182,123,-57,181,103,-61,0
194,270,0,232,276,-24,267,268,-38,294,258,-50,317,251,-62,269,193,-28,298,159,-46,315,137,-58,328,115,-68,245,174,-28,257,127,-44,264,97,-56,269,71,-64,218,171,-30,218,126,-45,219,96,-56,220,69,-63,191,178,-34,184,145,-48,181,123,-55,179,103,-59,0
194,271,0,232,276,-24,266,268,-38,294,258,-50,317,251,-62,269,193,-28,297,159,-45,315,137,-58,328,115,-68,244,174,-28,257,127,-43,264,98,-55,269,71,-64,218,170,-29,218,126,-45,219,96,-55,220,70,-62,191,178,-33,184,145,-47,181,123,-54,180,103,-57,0
195,270,0,232,275,-24,266,267,-38,293,257,-50,316,250,-63,269,193,-29,298,161,-47,315,138,-60,329,117,-69,244,175,-29,257,127,-45,264,97,-57,269,71,-66,217,171,-31,218,127,-47,219,96,-57,221,69,-63,191,178,-36,185,144,-50,182,123,-56,182,102,-59,0
196,270,0,232,275,-24,266,267,-38,293,257,-51,316,250,-64,269,194,-29,297,161,-48,315,139,-61,328,118,-71,244,175,-30,257,127,-46,265,97,-59,270,70,-67,218,171,-32,218,127,-48,219,96,-58,221,69,-65,191,178,-37,185,144,-51,182,123,-57,182,102,-61,0
194,270,0,232,275,-26,265,267,-41,293,256,-54,318,249,-67,268,192,-31,297,160,-50,315,138,-63,328,116,-73,244,174,-30,257,126,-47,265,96,-60,269,69,-69,217,170,-32,218,125,-48,219,95,-59,221,67,-66,191,177,-35,185,144,-50,183,122,-57,183,102,-60,0
194,270,0,231,275,-25,266,268,-40,294,257,-53,318,249,-66,268,192,-30,297,160,-48,314,137,-62,328,115,-72,244,173,-29,257,126,-46,264,96,-58,269,70,-67,217,169,-31,218,125,-47,219,95,-57,221,68,-64,191,177,-35,185,144,-49,182,123,-56,182,103,-60,0
194,269,0,231,274,-24,266,266,-38,294,255,-49,318,247,-61,268,192,-28,297,159,-45,315,136,-58,328,114,-67,244,173,-27,257,125,-43,265,94,-54,270,68,-63,218,168,-29,219,123,-44,219,94,-54,221,67,-60,192,175,-32,186,142,-46,183,120,-52,182,100,-56,0
195,268,0,232,274,-24,266,266,-38,293,255,-50,317,248,-62,269,191,-28,297,158,-45,314,136,-58,328,115,-68,245,172,-28,258,125,-43,265,95,-55,270,70,-64,219,168,-29,220,125,-45,221,94,-55,222,68,-62,193,175,-33,187,142,-47,183,121,-54,182,101,-58,0
195,268,0,233,274,-25,266,266,-39,294,255,-51,317,247,-63,269,191,-29,298,158,-46,315,136,-59,328,114,-69,245,172,-28,258,125,-44,265,95,-56,270,69,-64,219,168,-29,220,124,-45,221,95,-55,223,68,-62,192,175,-33,186,142,-47,183,121,-54,182,101,-58,0
196,269,0,233,273,-22,268,265,-34,295,255,-46,318,248,-57,268,191,-26,297,159,-42,314,137,-55,328,115,-64,244,173,-26,257,126,-41,265,96,-53,270,69,-61,219,169,-29,219,125,-44,220,95,-53,222,68,-60,193,176,-34,187,143,-47,184,121,-53,183,101,-56,0
196,270,0,233,274,-22,267,266,-35,294,256,-47,317,248,-59,268,192,-27,297,159,-44,314,137,-57,328,115,-66,244,174,-27,258,126,-43,265,96,-55,270,69,-63,219,170,-30,219,125,-45,220,95,-55,222,68,-61,193,177,-35,187,143,-48,184,121,-54,182,101,-58,0
194,267,0,232,273,-24,266,265,-37,293,254,-49,316,247,-61,269,190,-29,298,157,-46,315,135,-58,329,114,-68,244,172,-28,257,124,-44,264,94,-56,269,69,-65,218,168,-30,218,124,-45,219,94,-56,221,67,-63,191,176,-34,186,142,-48,183,122,-54,183,102,-58,0
195,267,0,232,273,-23,267,265,-37,293,254,-48,316,247,-60,267,190,-28,297,158,-45,314,136,-58,328,114,-67,243,172,-28,257,125,-44,265,95,-56,269,69,-64,217,169,-30,219,124,-45,220,95,-55,222,68,-62,192,176,-34,186,143,-48,184,122,-54,183,102,-58,0
195,268,0,232,273,-25,265,265,-39,292,254,-51,316,246,-64,268,191,-29,297,158,-47,314,136,-60,327,114,-69,244,172,-28,257,125,-44,265,95,-56,270,69,-65,218,168,-30,219,124,-46,220,94,-56,221,68,-62,192,176,-34,186,143,-48,183,121,-55,182,101,-58,0
196,268,0,232,272,-25,265,265,-39,292,254,-52,316,246,-64,268,191,-29,297,158,-47,314,136,-60,328,115,-69,244,172,-28,257,124,-44,265,95,-56,270,69,-65,218,168,-30,219,124,-45,220,95,-56,221,68,-62,192,175,-34,186,143,-48,183,122,-54,181,102,-58,0
195,267,0,231,272,-23,265,264,-37,292,254,-49,314,245,-61,269,189,-27,298,156,-43,314,134,-56,327,113,-65,244,171,-26,258,124,-42,265,94,-54,270,69,-62,218,168,-28,219,123,-44,220,93,-54,222,67,-60,192,175,-33,187,142,-46,183,120,-53,182,100,-56,0
195,267,0,231,272,-23,265,264,-37,292,254,-49,315,245,-61,269,189,-27,298,156,-44,314,134,-56,328,113,-66,244,171,-27,258,124,-42,265,95,-54,270,69,-62,218,168,-29,219,124,-44,220,94,-54,222,67,-61,192,175,-33,186,141,-47,183,120,-53,182,100,-56,0
194,265,0,231,270,-23,265,262,-37,292,252,-50,315,244,-62,267,189,-28,296,156,-46,314,133,-58,327,112,-67,243,171,-28,257,124,-44,265,94,-56,269,68,-64,217,167,-30,219,123,-46,220,93,-56,221,66,-62,191,175,-34,186,141,-48,182,120,-55,181,99,-58,0
194,265,0,231,270,-23,265,262,-37,291,252,-49,314,245,-61,268,188,-28,297,155,-45,314,133,-58,327,112,-67,243,171,-28,257,124,-44,265,94,-56,270,68,-64,217,167,-30,219,123,-45,220,93,-55,222,66,-62,191,175,-34,186,141,-48,183,120,-54,182,100,-58,0
193,267,0,230,272,-24,264,264,-37,291,253,-49,313,245,-60,267,189,-26,295,156,-43,312,134,-55,325,113,-64,243,171,-26,256,123,-41,264,94,-53,269,68,-61,217,167,-28,218,123,-43,219,94,-53,221,67,-59,191,174,-32,186,141,-45,184,120,-51,183,101,-55,0
193,267,0,230,271,-24,264,262,-37,290,251,-48,313,244,-59,267,186,-24,296,154,-40,313,133,-52,326,112,-61,242,169,-24,256,122,-38,264,93,-49,268,68,-57,216,166,-25,217,123,-39,218,94,-49,220,67,-56,190,173,-29,185,141,-42,183,120,-48,182,101,-52,0
193,267,0,230,271,-23,264,263,-36,290,251,-47,313,243,-59,267,187,-24,296,154,-40,313,132,-53,326,112,-62,242,170,-24,256,123,-39,263,94,-50,268,69,-58,217,166,-26,217,123,-41,218,94,-51,220,67,-57,190,174,-30,185,141,-44,182,121,-50,182,101,-53,0
194,266,0,231,270,-22,264,261,-35,291,251,-46,313,243,-57,266,187,-25,294,155,-41,311,133,-53,324,112,-62,242,169,-25,255,123,-39,263,95,-50,268,70,-58,216,166,-27,217,123,-41,218,93,-51,220,67,-58,190,173,-31,184,141,-44,182,121,-50,182,101,-54,0
194,266,0,230,270,-23,264,262,-36,290,251,-48,313,243,-59,266,187,-26,294,155,-43,311,134,-56,324,113,-65,242,169,-26,255,124,-41,263,95,-53,268,69,-61,216,166,-28,217,123,-43,218,93,-53,220,66,-59,190,173,-32,184,141,-46,181,120,-52,181,100,-56,0
193,266,0,228,270,-24,262,262,-38,289,251,-51,312,242,-63,265,188,-28,294,155,-45,311,133,-58,325,112,-67,241,170,-27,255,123,-43,263,94,-55,268,68,-63,216,166,-29,216,123,-44,217,93,-53,219,66,-60,190,173,-32,185,141,-46,182,120,-52,181,99,-55,0
192,267,0,228,270,-24,262,262,-38,289,251,-50,312,243,-62,265,188,-27,294,155,-44,311,133,-57,324,112,-66,241,170,-26,255,123,-42,263,94,-54,268,69,-62,216,166,-28,216,123,-43,217,93,-53,219,66,-60,190,173,-32,185,141,-45,182,120,-52,182,99,-55,0
194,266,0,230,270,-23,263,261,-36,290,251,-48,312,243,-59,266,187,-26,294,154,-42,311,133,-54,324,112,-64,242,169,-25,255,121,-40,263,92,-52,267,67,-60,216,165,-27,216,121,-42,218,92,-52,219,65,-58,191,172,-32,185,140,-45,182,119,-51,181,100,-54,0
193,267,0,230,271,-22,263,261,-35,290,251,-46,312,242,-57,266,188,-25,294,155,-41,311,133,-54,325,113,-63,241,169,-25,255,122,-40,262,93,-51,267,67,-59,216,165,-27,217,122,-42,218,92,-52,219,66,-58,190,172,-32,185,140,-45,182,119,-51,181,100,-54,0
193,266,0,230,270,-22,263,261,-34,290,251,-45,313,243,-56,267,186,-23,295,153,-38,312,132,-50,325,112,-59,242,169,-23,256,122,-37,264,93,-48,269,68,-57,216,166,-26,218,122,-40,219,92,-50,221,65,-57,191,173,-30,186,140,-43,183,119,-49,181,100,-53,0
193,266,0,230,270,-22,264,261,-34,291,250,-45,313,243,-55,267,186,-23,295,153,-38,312,132,-50,325,111,-59,242,169,-23,255,122,-37,263,93,-48,268,68,-56,217,165,-25,218,122,-39,220,92,-50,221,65,-56,191,173,-30,186,140,-43,183,119,-49,182,99,-53,0
193,266,0,229,270,-23,264,262,-36,290,251,-48,313,243,-59,266,187,-25,295,154,-42,312,132,-54,326,112,-63,242,169,-25,255,122,-40,263,93,-52,268,67,-60,216,165,-27,217,122,-42,219,92,-52,221,65,-58,191,172,-31,185,139,-45,183,118,-50,183,98,-53,0
193,266,0,229,270,-23,263,262,-36,290,251,-48,313,243,-59,266,187,-25,295,154,-42,312,132,-54,325,112,-63,242,169,-25,256,122,-40,263,93,-52,268,67,-60,216,165,-27,217,122,-42,219,92,-52,221,65,-58,191,172,-31,185,139,-45,183,118,-50,182,98,-53,0
192,266,0,228,270,-23,262,262,-36,290,251,-48,313,242,-59,266,187,-26,295,154,-43,312,132,-55,326,111,-65,242,169,-26,256,123,-41,264,93,-53,269,67,-61,217,166,-28,218,123,-43,220,92,-53,221,65,-59,191,173,-32,187,139,-45,185,118,-51,184,98,-54,0
192,266,0,228,270,-23,262,262,-36,289,251,-48,312,243,-59,266,187,-25,295,155,-41,312,133,-54,325,112,-63,242,169,-25,256,123,-39,264,94,-51,269,68,-59,217,165,-26,219,123,-41,220,93,-51,222,67,-57,192,172,-31,187,139,-44,184,117,-50,184,97,-53,0
192,264,0,228,269,-24,262,261,-38,290,251,-50,314,243,-62,265,188,-28,295,155,-45,313,133,-57,327,112,-66,242,169,-27,257,122,-42,265,93,-54,270,68,-62,217,165,-28,218,122,-43,220,92,-53,222,65,-59,192,172,-32,187,138,-46,185,116,-52,184,96,-55,0
194,264,0,230,269,-24,263,261,-38,290,251,-51,313,243,-63,268,186,-26,297,154,-43,314,133,-56,328,112,-65,244,168,-26,257,122,-41,266,92,-53,271,67,-62,218,165,-28,219,122,-43,220,92,-53,222,65,-59,192,172,-32,188,138,-45,185,117,-51,184,97,-55,0
194,264,0,229,269,-24,264,261,-38,291,250,-50,314,242,-62,268,186,-26,297,154,-42,314,132,-55,328,112,-64,244,168,-25,258,122,-40,266,93,-52,271,68,-60,218,165,-27,219,122,-42,221,92,-52,223,65,-58,192,172,-31,187,138,-45,185,116,-51,184,96,-54,0
195,265,0,230,269,-25,263,261,-39,290,251,-52,314,243,-64,268,187,-28,297,155,-45,315,133,-58,329,113,-68,244,169,-27,258,123,-43,267,93,-55,272,67,-63,219,165,-29,219,123,-44,221,93,-54,224,66,-61,193,172,-33,187,139,-47,185,118,-53,184,97,-56,0
195,264,0,230,268,-24,263,261,-38,290,251,-51,314,243,-63,268,187,-28,297,155,-45,315,134,-58,330,113,-68,244,169,-27,258,123,-43,267,93,-55,272,67,-63,219,165,-29,220,122,-44,221,92,-54,223,65,-61,193,172,-33,188,139,-47,185,117,-53,184,97,-56,0
194,263,0,230,269,-25,264,261,-39,291,250,-51,315,242,-63,268,187,-28,297,154,-46,315,132,-59,329,111,-68,244,168,-27,258,122,-43,267,92,-55,272,67,-63,218,165,-29,220,121,-44,222,91,-54,224,64,-60,193,172,-32,188,138,-47,186,116,-53,185,95,-56,0
194,264,0,230,269,-24,264,261,-38,291,250,-50,315,242,-62,267,187,-28,297,155,-45,315,133,-58,328,112,-67,244,168,-27,258,122,-43,267,93,-55,272,67,-63,218,164,-29,220,121,-44,222,91,-54,224,65,-60,193,171,-33,188,138,-47,186,116,-53,186,95,-56,0
195,264,0,231,268,-24,264,260,-39,292,250,-51,316,242,-64,269,187,-28,298,154,-46,316,133,-59,331,112,-68,245,169,-28,260,122,-43,269,93,-55,274,67,-64,220,165,-29,222,122,-45,224,92,-54,226,65,-61,194,172,-33,190,138,-47,187,116,-53,186,95,-56,0
195,264,0,231,269,-25,265,261,-39,292,250,-52,316,242,-64,269,187,-28,299,155,-46,316,133,-59,330,112,-68,245,169,-27,260,122,-43,269,92,-55,274,66,-63,220,165,-28,222,121,-44,224,92,-53,226,65,-59,195,171,-32,190,138,-46,188,117,-52,187,97,-55,0
196,264,0,231,269,-26,265,261,-42,293,251,-55,318,243,-69,269,188,-30,300,156,-49,318,134,-63,333,113,-73,246,169,-29,261,123,-46,271,93,-59,277,66,-68,220,165,-30,223,122,-46,226,92,-57,229,65,-64,195,172,-33,192,139,-48,190,117,-55,189,97,-58,0
196,265,0,233,269,-23,267,261,-37,294,251,-49,318,243,-61,270,188,-26,301,156,-43,319,134,-56,333,113,-65,247,170,-26,262,123,-41,271,93,-53,277,67,-61,222,165,-28,224,122,-43,227,93,-52,229,67,-58,197,172,-32,193,138,-45,191,117,-51,190,98,-54,0
196,265,0,233,269,-23,267,261,-37,294,251,-49,318,243,-61,271,188,-27,301,156,-44,319,135,-56,333,114,-66,247,170,-26,262,123,-42,272,93,-54,278,68,-62,222,166,-28,224,122,-43,226,93,-53,229,67,-60,196,172,-32,192,139,-46,190,118,-52,190,98,-55,0
198,263,0,234,268,-24,268,260,-38,295,250,-50,319,242,-62,272,186,-27,302,154,-44,319,133,-56,333,113,-65,248,168,-27,263,121,-42,272,92,-53,279,67,-61,223,164,-28,224,120,-43,227,91,-53,230,65,-60,197,171,-32,192,138,-46,190,117,-52,190,97,-56,0
198,263,0,234,268,-24,268,261,-38,294,250,-51,318,242,-63,273,187,-27,302,155,-44,319,134,-57,334,113,-66,249,169,-27,263,123,-42,272,94,-54,278,68,-62,223,164,-28,225,121,-44,227,92,-54,229,66,-61,197,171,-32,192,138,-47,190,117,-53,189,97,-57,0
197,263,0,233,268,-25,266,260,-39,294,250,-51,318,241,-63,271,187,-29,301,156,-47,319,134,-60,333,113,-69,248,169,-28,263,123,-44,272,93,-56,278,67,-65,222,165,-30,225,121,-45,227,92,-55,230,66,-62,197,171,-33,192,138,-48,190,117,-54,190,96,-58,0
198,262,0,233,268,-25,267,260,-39,294,250,-51,317,241,-63,271,187,-29,301,156,-47,319,134,-60,333,113,-69,248,169,-28,263,123,-45,272,93,-57,278,67,-65,222,164,-30,225,121,-46,227,92,-56,230,66,-62,197,171,-33,192,138,-48,190,117,-54,190,97,-58,0
196,262,0,231,268,-25,265,260,-39,293,250,-52,317,241,-64,271,187,-28,301,156,-46,319,134,-59,333,113,-68,248,168,-27,263,122,-43,272,93,-56,278,66,-64,223,164,-29,226,121,-44,228,91,-55,230,65,-62,198,171,-32,194,138,-47,192,116,-53,191,96,-57,0
197,262,0,232,267,-25,266,260,-39,293,250,-52,318,242,-64,271,187,-28,301,155,-45,319,134,-58,333,113,-68,248,168,-27,263,122,-43,272,93,-56,278,66,-64,223,164,-29,226,121,-45,227,91,-55,229,65,-62,198,170,-32,194,137,-47,191,116,-53,191,96,-57,0
198,263,0,233,268,-25,266,261,-40,293,251,-52,318,243,-65,271,188,-29,301,157,-47,319,135,-60,333,114,-69,248,169,-28,263,124,-44,273,94,-56,279,68,-65,223,165,-29,226,121,-45,227,92,-55,230,66,-62,198,172,-33,193,139,-47,191,118,-54,191,98,-57,0
199,263,0,234,268,-25,266,261,-40,293,251,-53,317,243,-66,271,188,-30,301,157,-48,319,135,-61,333,114,-71,248,169,-29,263,123,-45,272,93,-57,278,67,-66,222,165,-30,225,121,-46,227,92,-56,230,66,-62,197,172,-34,193,139,-48,191,117,-54,191,97,-57,0
196,265,0,232,272,-24,266,265,-39,293,255,-52,318,247,-64,272,191,-29,301,158,-46,320,136,-60,334,116,-69,248,172,-28,263,125,-44,272,96,-56,278,71,-64,223,167,-29,225,123,-45,227,94,-55,229,68,-61,197,174,-33,193,140,-47,191,119,-53,191,98,-57,0
197,266,0,233,272,-24,267,265,-38,294,255,-50,318,247,-62,271,191,-27,301,159,-44,318,138,-57,333,117,-66,248,172,-27,263,126,-42,272,97,-54,279,71,-63,223,168,-28,225,125,-44,227,95,-55,229,69,-62,198,174,-32,193,141,-47,191,120,-54,191,100,-58,0
197,266,0,234,272,-24,267,265,-38,294,255,-50,318,246,-61,271,191,-27,301,159,-44,319,138,-57,333,117,-66,248,172,-26,263,126,-42,272,97,-54,279,71,-63,223,168,-28,225,125,-44,227,95,-54,230,69,-61,198,174,-32,193,141,-46,191,120,-53,191,100,-57,0
197,265,0,233,271,-25,267,265,-40,294,254,-52,318,245,-64,271,191,-29,301,159,-47,319,137,-59,334,117,-69,248,172,-28,263,126,-44,272,97,-56,279,71,-65,222,167,-29,225,124,-45,227,94,-55,230,68,-62,197,174,-32,193,141,-47,191,119,-53,191,99,-57,0
197,265,0,233,271,-25,267,264,-39,294,254,-51,318,246,-63,271,191,-29,301,159,-46,319,138,-59,334,117,-69,248,172,-28,263,126,-44,272,97,-56,279,71,-65,222,167,-30,225,124,-45,227,94,-56,230,68,-62,197,173,-33,193,141,-47,191,119,-54,191,99,-58,0
196,265,0,232,270,-24,266,263,-39,293,253,-51,318,245,-63,271,191,-28,302,159,-46,320,137,-58,334,116,-68,248,172,-27,264,126,-43,273,96,-55,279,70,-63,223,167,-29,226,124,-44,228,95,-54,230,68,-61,197,173,-32,193,140,-46,191,119,-53,191,98,-56,0
197,265,0,233,270,-24,266,263,-38,294,253,-50,318,245,-62,272,191,-28,302,159,-45,320,137,-57,334,116,-66,248,172,-27,264,125,-42,273,96,-54,279,70,-62,223,167,-28,226,124,-44,228,94,-54,230,68,-60,198,173,-32,193,140,-46,191,119,-52,191,98,-56,0
196,266,0,232,273,-25,267,266,-38,295,255,-50,319,247,-62,271,192,-28,301,161,-46,319,139,-59,334,118,-68,249,173,-28,264,127,-43,274,97,-56,280,71,-64,224,168,-29,226,125,-45,229,95,-55,231,69,-62,198,174,-33,194,142,-47,192,121,-54,192,101,-58,0
197,267,0,234,272,-25,267,265,-40,294,255,-52,319,247,-65,271,191,-29,301,160,-46,319,139,-59,334,118,-69,248,172,-27,263,127,-43,272,98,-55,279,72,-64,223,168,-28,225,125,-44,228,96,-55,231,70,-62,197,175,-31,193,142,-46,191,120,-53,191,100,-57,0
196,266,0,233,272,-25,267,266,-40,294,255,-52,319,247,-64,271,192,-29,301,160,-47,319,139,-60,334,118,-69,248,173,-28,263,127,-44,273,98,-56,279,72,-65,223,168,-29,226,125,-45,228,96,-55,231,70,-62,197,175,-32,193,142,-47,191,120,-54,191,100,-58,0
198,266,0,234,272,-24,267,264,-38,295,254,-50,318,247,-62,272,191,-27,301,160,-44,319,139,-57,334,119,-66,248,172,-27,263,127,-42,273,97,-54,279,72,-62,223,168,-28,225,124,-43,228,95,-54,231,69,-60,198,174,-32,193,142,-46,191,121,-52,191,101,-56,0
198,266,0,234,272,-24,267,265,-38,294,255,-50,318,248,-62,272,192,-28,301,161,-45,319,139,-58,334,119,-67,249,173,-27,264,127,-43,273,97,-55,279,72,-63,223,168,-29,226,124,-44,228,95,-54,231,69,-61,198,174,-33,193,142,-47,191,121,-53,191,101,-57,0
197,265,0,233,272,-24,267,265,-38,294,254,-50,318,246,-62,272,192,-28,301,160,-45,319,139,-58,334,118,-68,249,173,-27,264,127,-43,273,98,-55,280,72,-64,223,168,-29,226,125,-44,228,95,-55,230,69,-62,197,175,-33,193,142,-47,191,121,-54,191,101,-58,0
197,265,0,234,271,-25,267,264,-39,294,254,-51,318,246,-63,272,191,-30,301,160,-47,319,139,-60,334,118,-70,249,172,-29,264,127,-45,273,98,-57,280,72,-66,223,168,-30,225,125,-46,228,96,-56,230,70,-64,197,175,-33,193,142,-48,191,121,-55,192,101,-59,0
197,264,0,233,271,-25,267,264,-39,294,255,-51,318,247,-64,271,191,-29,301,160,-47,319,139,-60,334,118,-70,248,172,-29,263,126,-45,273,96,-58,280,71,-66,223,168,-30,226,124,-46,228,95,-57,230,70,-64,197,174,-34,194,141,-48,192,120,-55,192,100,-59,0
197,264,0,233,271,-25,267,264,-39,294,255,-51,318,247,-63,271,191,-29,301,160,-46,319,138,-59,334,118,-68,248,172,-28,263,126,-44,273,97,-56,280,72,-65,223,168,-29,226,124,-45,228,95,-56,231,70,-63,198,174,-33,194,141,-47,193,120,-54,193,100,-58,0
198,266,0,234,272,-25,267,265,-39,294,255,-51,318,247,-64,272,192,-28,301,160,-46,319,139,-59,334,119,-68,249,173,-27,264,127,-43,273,98,-55,280,72,-64,223,168,-29,226,125,-44,228,95,-55,231,70,-62,198,175,-32,194,142,-47,192,121,-53,193,101,-57,0
198,267,0,234,272,-25,266,266,-40,293,256,-53,318,247,-65,271,192,-29,300,161,-46,318,139,-60,333,118,-70,248,173,-28,264,127,-44,274,97,-56,280,71,-64,223,168,-29,226,125,-45,228,96,-55,231,70,-62,198,175,-33,194,142,-47,192,121,-53,193,101,-57,0
197,265,0,233,271,-25,267,265,-40,294,254,-52,318,245,-65,271,192,-29,301,160,-47,319,139,-60,334,118,-69,249,172,-28,265,126,-44,274,97,-56,280,71,-65,224,168,-29,227,125,-45,229,95,-56,231,70,-63,199,174,-33,195,141,-47,193,120,-54,193,100,-58,0
198,265,0,234,271,-25,267,264,-38,294,254,-50,318,246,-62,272,191,-28,301,160,-45,319,139,-58,334,119,-68,249,172,-27,264,126,-43,273,97,-55,280,72,-63,223,168,-28,227,125,-44,229,96,-54,232,70,-61,198,174,-32,195,142,-46,193,121,-53,193,101,-57,0
198,266,0,234,271,-25,267,263,-39,294,254,-51,318,246,-64,272,191,-29,301,160,-46,319,139,-59,334,118,-69,249,172,-28,264,126,-44,274,97,-56,280,72,-64,224,168,-30,226,124,-46,229,95,-56,232,69,-63,198,175,-34,194,141,-48,191,120,-55,191,99,-59,0
197,265,0,232,271,-25,266,264,-40,294,254,-52,318,246,-65,272,192,-29,301,160,-47,319,139,-60,334,118,-69,249,173,-28,265,127,-44,274,97,-56,280,72,-64,224,168,-29,227,125,-45,230,95,-55,232,69,-61,199,174,-33,195,141,-47,194,120,-53,194,100,-57,0
197,265,0,233,271,-26,266,264,-40,293,254,-53,319,246,-65,272,191,-29,302,160,-46,320,139,-58,335,119,-67,249,172,-27,265,127,-43,274,98,-54,280,72,-63,224,168,-28,227,125,-43,229,95,-54,232,70,-61,198,174,-31,195,141,-46,193,120,-52,193,100,-56,0
198,264,0,234,271,-25,267,264,-40,294,254,-53,318,246,-65,271,190,-29,302,159,-46,320,138,-59,335,118,-69,249,172,-28,265,126,-44,275,97,-56,281,71,-64,224,167,-29,227,124,-45,230,95,-55,232,69,-62,199,174,-32,196,141,-47,194,119,-54,193,99,-58,0
198,265,0,234,271,-25,267,264,-39,294,255,-52,318,247,-64,272,190,-28,302,159,-45,320,138,-58,334,119,-67,249,172,-27,265,126,-43,274,97,-55,281,72,-63,224,167,-28,227,124,-44,230,95,-54,232,70,-61,199,174,-32,196,141,-46,194,120,-53,193,100,-57,0
198,266,0,233,271,-25,266,265,-40,294,255,-52,318,246,-65,273,192,-28,302,161,-46,320,140,-59,334,120,-69,250,173,-27,266,127,-43,275,97,-55,282,72,-64,225,168,-29,228,125,-45,230,95,-55,233,69,-62,199,175,-33,196,142,-47,194,120,-54,194,100,-57,0
197,266,0,233,271,-25,267,264,-40,294,254,-52,318,246,-64,272,192,-27,302,161,-45,319,140,-58,334,120,-67,250,173,-26,265,127,-42,275,98,-54,281,72,-63,225,168,-28,228,125,-44,230,95,-54,233,69,-61,199,174,-31,195,142,-46,194,120,-53,194,100,-57,0
199,265,0,234,271,-26,266,264,-41,294,254,-54,319,246,-67,273,191,-29,302,160,-47,320,139,-60,334,119,-70,250,172,-28,265,126,-44,275,97,-56,282,71,-65,225,167,-29,227,124,-45,230,95,-55,234,69,-62,199,174,-33,195,142,-47,193,121,-54,193,100,-58,0
198,265,0,233,271,-26,267,264,-41,294,254,-54,319,246,-66,273,192,-29,302,161,-47,319,140,-61,334,119,-70,250,172,-28,265,126,-45,275,97,-57,281,71,-66,225,168,-30,228,124,-46,230,95,-56,233,69,-63,199,174,-33,195,141,-48,194,120,-55,194,100,-59,0
199,266,0,235,270,-24,269,263,-37,295,253,-49,319,245,-61,273,191,-26,302,160,-43,320,139,-55,334,118,-64,250,172,-26,265,127,-41,274,98,-53,280,73,-61,225,168,-27,228,125,-43,230,95,-53,232,69,-59,200,174,-31,196,142,-45,194,120,-52,193,101,-55,0
199,266,0,235,270,-24,268,263,-38,295,253,-50,319,245,-61,273,191,-26,302,160,-43,320,138,-55,334,118,-64,250,172,-26,265,126,-40,274,97,-52,280,72,-60,225,168,-27,228,125,-42,230,95,-52,232,69,-59,200,175,-31,196,142,-45,194,121,-51,193,101,-54,0
198,265,0,234,270,-24,267,262,-38,294,253,-51,319,246,-63,272,190,-28,302,159,-45,320,138,-58,334,118,-67,249,171,-27,265,126,-42,274,97,-54,281,72,-63,224,167,-29,227,124,-44,229,95,-54,232,69,-61,198,174,-32,195,141,-46,194,120,-53,194,100,-56,0
198,265,0,233,270,-24,267,262,-39,294,253,-51,319,246,-63,272,190,-28,302,159,-45,320,137,-58,335,117,-67,249,172,-27,266,126,-43,275,97,-55,281,71,-64,224,167,-29,228,124,-44,230,95,-55,232,69,-62,199,174,-32,196,140,-47,194,119,-54,194,99,-57,0
197,264,0,233,270,-25,266,263,-39,293,253,-52,317,246,-64,272,190,-28,301,159,-45,319,138,-58,334,118,-67,249,171,-27,264,126,-42,273,97,-54,280,72,-63,223,167,-28,227,124,-44,229,96,-54,232,70,-60,197,173,-31,194,141,-46,192,121,-52,192,101,-56,0
199,265,0,234,269,-24,267,261,-38,293,251,-50,318,244,-62,272,189,-26,302,158,-43,320,137,-56,334,117,-65,249,171,-26,264,125,-41,274,96,-53,280,71,-61,224,167,-28,226,124,-43,229,95,-53,232,68,-59,199,174,-32,195,141,-46,193,120,-52,193,100,-56,0
199,266,0,234,270,-24,266,262,-39,293,252,-51,318,244,-64,272,190,-27,301,158,-44,319,137,-57,333,117,-67,249,171,-27,264,126,-42,273,97,-54,279,71,-63,224,167,-28,227,124,-44,229,95,-54,233,69,-60,199,174,-32,195,141,-46,193,120,-53,193,100,-56,0
198,263,0,233,269,-26,266,262,-41,293,253,-54,317,244,-67,272,190,-29,302,158,-47,319,137,-60,334,116,-70,250,171,-28,265,125,-44,274,96,-57,280,70,-66,225,166,-29,227,124,-45,229,95,-56,232,69,-63,199,173,-32,196,141,-47,194,120,-54,194,100,-57,0
198,263,0,233,269,-26,265,262,-41,292,253,-54,317,245,-67,273,190,-30,302,159,-48,319,138,-61,334,117,-70,250,171,-29,265,125,-45,274,96,-57,280,71,-66,225,167,-30,228,123,-46,230,94,-57,232,69,-63,199,173,-33,196,140,-48,194,119,-55,193,100,-58,0
198,264,0,233,269,-24,266,262,-37,293,252,-49,317,244,-61,273,190,-26,302,159,-43,319,138,-55,334,118,-65,250,171,-26,265,126,-41,274,98,-53,280,73,-61,225,167,-28,228,124,-43,230,95,-53,233,70,-60,199,173,-32,196,140,-46,194,119,-52,193,99,-56,0
198,263,0,233,269,-24,266,262,-38,293,252,-50,317,244,-61,272,190,-27,302,159,-44,320,138,-56,334,118,-66,250,171,-26,265,126,-42,274,97,-54,280,72,-62,225,167,-28,228,123,-44,230,95,-54,233,69,-60,199,173,-32,196,140,-46,194,119,-53,193,100,-56,0
200,264,0,234,269,-25,267,262,-40,293,251,-52,317,243,-64,274,190,-28,303,158,-45,320,137,-58,334,117,-67,250,171,-27,265,125,-42,274,96,-54,280,71,-62,225,167,-28,228,123,-44,231,94,-54,233,69,-60,200,173,-32,196,140,-46,194,120,-52,194,101,-56,0
200,264,0,234,269,-25,266,262,-39,293,252,-52,317,243,-64,273,190,-28,302,158,-45,320,137,-58,334,117,-67,250,171,-27,265,126,-42,274,97,-54,280,71,-62,225,167,-28,228,124,-44,231,95,-53,233,69,-60,200,173,-32,196,140,-46,194,119,-52,194,99,-56,0
198,258,0,222,262,-24,244,250,-38,235,220,-48,224,194,-56,271,209,-23,269,197,-49,262,211,-62,259,219,-68,251,191,-20,234,190,-48,225,221,-53,228,231,-51,227,182,-21,206,190,-47,202,221,-43,210,230,-34,202,179,-24,186,193,-42,185,217,-41,195,224,-35,0
193,258,0,216,261,-21,241,250,-32,234,220,-41,223,195,-46,272,210,-14,267,193,-38,258,209,-50,258,219,-55,253,193,-11,236,186,-36,225,214,-41,230,220,-39,231,184,-13,209,187,-37,203,215,-35,212,219,-27,208,179,-17,191,187,-32,189,209,-30,198,212,-24,0
192,256,0,219,263,-25,243,252,-39,235,220,-49,224,193,-54,273,211,-17,267,194,-45,250,214,-60,246,224,-65,252,193,-13,235,184,-42,222,213,-49,226,219,-47,230,184,-14,208,186,-43,202,217,-41,210,223,-33,207,179,-18,191,188,-37,189,211,-37,197,216,-31,0
194,256,0,219,263,-24,243,252,-37,235,219,-47,224,193,-53,269,213,-15,269,196,-43,252,203,-60,240,205,-67,250,195,-11,235,185,-41,224,208,-49,227,213,-49,228,186,-13,209,185,-42,203,216,-41,210,224,-33,206,181,-16,192,188,-36,189,211,-36,198,218,-31,0
194,259,0,219,261,-19,244,248,-28,235,218,-35,223,194,-40,267,214,-7,274,200,-30,264,203,-44,255,205,-49,248,197,-6,240,184,-31,229,200,-39,228,202,-39,227,188,-8,211,186,-35,204,214,-35,210,224,-27,204,184,-13,192,187,-30,190,209,-29,198,217,-24,0
195,261,0,221,265,-24,246,252,-37,239,221,-47,228,195,-52,272,210,-17,269,196,-43,258,217,-56,255,225,-61,251,193,-14,237,187,-41,226,218,-46,231,219,-44,228,185,-16,209,187,-42,204,219,-38,213,221,-29,204,181,-19,191,189,-36,190,212,-34,200,215,-28,0
194,260,0,220,264,-24,247,252,-36,238,219,-45,225,193,-50,272,211,-16,269,196,-42,257,219,-54,255,227,-59,250,195,-13,238,187,-39,228,220,-43,233,222,-41,228,187,-14,211,186,-41,206,219,-36,214,221,-27,203,182,-18,191,188,-35,190,212,-32,199,215,-25,0
195,260,0,220,264,-23,246,252,-36,238,220,-45,225,194,-50,271,212,-15,269,195,-41,257,214,-55,255,224,-60,250,195,-12,234,187,-38,225,218,-44,231,222,-41,228,186,-13,209,186,-39,204,217,-36,213,222,-27,204,182,-16,192,187,-33,190,210,-30,199,214,-24,0
196,260,0,220,265,-24,244,254,-37,236,223,-47,226,196,-53,270,214,-16,273,201,-42,265,207,-57,259,208,-63,251,196,-12,236,189,-40,225,216,-46,228,220,-44,229,186,-14,209,190,-41,204,219,-38,213,224,-29,206,181,-18,191,191,-35,189,213,-34,199,217,-28,0
198,260,0,222,263,-22,244,251,-36,237,222,-47,226,197,-56,270,216,-19,274,203,-45,266,198,-60,257,193,-67,250,198,-17,237,188,-44,228,205,-50,230,207,-49,227,187,-19,209,187,-45,205,215,-41,213,224,-32,204,182,-23,191,189,-39,190,209,-37,199,216,-31,0
198,260,0,223,263,-20,247,251,-31,238,222,-40,225,198,-47,268,213,-14,271,200,-38,264,202,-51,258,200,-57,249,196,-13,237,188,-37,229,203,-44,232,202,-43,227,186,-15,209,188,-39,205,217,-37,213,225,-29,204,182,-19,191,190,-34,191,211,-33,200,217,-27,0
196,256,0,219,261,-24,244,251,-37,236,221,-47,225,195,-53,271,210,-16,268,197,-44,253,210,-58,243,217,-63,252,194,-12,234,187,-40,222,210,-46,224,213,-45,230,185,-13,207,188,-40,203,217,-37,211,223,-28,207,181,-16,191,189,-33,190,212,-32,199,216,-25,0
195,258,0,220,262,-24,245,251,-37,238,221,-46,227,196,-51,270,210,-17,265,197,-43,253,215,-56,250,222,-61,250,193,-14,234,187,-41,224,215,-47,229,218,-46,228,185,-15,207,187,-41,204,217,-38,213,222,-30,205,182,-18,190,189,-35,189,212,-33,198,216,-28,0
198,260,0,222,262,-19,247,250,-29,236,219,-37,222,196,-41,267,209,-12,269,197,-35,259,210,-46,252,216,-50,247,193,-10,238,185,-34,229,205,-41,230,206,-39,224,186,-13,209,190,-37,206,219,-35,214,225,-27,201,184,-16,191,192,-31,190,213,-29,199,218,-23,0
197,258,0,222,262,-23,244,250,-36,235,219,-47,223,193,-55,267,215,-19,275,200,-44,265,194,-58,255,186,-65,247,198,-16,231,190,-42,220,217,-47,224,225,-45,225,189,-16,206,187,-42,203,215,-37,212,222,-28,202,184,-19,189,188,-36,189,211,-33,199,217,-26,0
196,259,0,220,263,-22,243,250,-34,234,220,-43,222,194,-49,267,211,-15,271,197,-39,260,199,-53,252,196,-58,247,194,-11,231,189,-37,221,219,-42,225,226,-40,225,186,-12,206,186,-38,202,216,-34,211,222,-26,203,183,-15,190,187,-32,188,210,-30,197,215,-24,0
194,258,0,220,262,-23,245,250,-36,237,218,-45,224,193,-51,271,210,-16,265,193,-43,250,213,-56,246,223,-62,249,194,-13,235,187,-40,224,217,-45,227,222,-43,226,186,-15,208,188,-41,203,218,-37,211,223,-29,203,183,-18,190,190,-35,189,212,-32,197,215,-26,0
193,257,0,218,261,-22,244,249,-33,237,218,-41,223,192,-45,268,212,-13,265,194,-39,252,214,-52,248,223,-56,248,196,-11,236,185,-37,225,214,-43,228,218,-40,226,188,-13,209,187,-39,204,217,-36,211,222,-27,203,184,-17,192,189,-33,190,212,-30,197,215,-24,0
194,258,0,218,262,-22,241,250,-34,232,219,-43,221,194,-49,270,209,-14,264,194,-40,255,212,-54,255,222,-60,250,192,-12,234,185,-39,223,212,-46,226,218,-44,227,183,-15,207,187,-41,201,217,-38,208,223,-30,204,181,-19,189,191,-35,187,214,-34,195,219,-29,0
194,259,0,217,265,-26,242,253,-39,233,221,-48,220,196,-52,273,210,-19,261,193,-45,249,217,-56,249,229,-61,252,193,-15,230,186,-42,220,218,-46,227,225,-43,229,185,-15,205,186,-42,200,218,-37,210,223,-28,205,182,-17,188,189,-35,187,213,-34,198,217,-28,0
196,262,0,220,266,-24,243,254,-37,233,222,-46,219,197,-51,272,209,-18,258,196,-43,248,220,-55,250,232,-60,251,193,-15,230,188,-42,221,219,-47,226,226,-45,228,185,-16,205,187,-41,201,217,-38,210,223,-30,204,182,-19,189,190,-35,188,213,-34,198,217,-28,0
200,262,0,224,266,-24,244,253,-37,235,224,-47,223,200,-53,271,209,-19,258,196,-45,249,215,-57,249,228,-61,249,194,-15,229,188,-42,219,215,-47,222,223,-45,226,186,-16,204,187,-41,200,216,-38,209,226,-29,203,185,-18,188,189,-35,187,211,-34,197,219,-28,0
195,255,0,217,260,-26,238,248,-39,229,219,-49,219,193,-55,271,215,-20,261,194,-47,245,208,-59,239,221,-63,251,199,-15,234,183,-44,216,206,-50,216,218,-47,230,188,-14,208,180,-42,198,206,-39,203,219,-30,207,184,-15,192,182,-35,187,202,-34,194,211,-28,0
193,257,0,215,261,-21,238,248,-30,234,219,-37,226,195,-41,266,218,-9,262,197,-32,248,204,-45,242,211,-50,249,202,-5,238,183,-29,225,204,-37,224,216,-36,230,194,-6,217,181,-30,207,203,-30,209,215,-23,211,192,-8,200,185,-25,195,202,-25,198,213,-19,0
194,256,0,217,260,-21,239,247,-31,234,217,-38,224,194,-42,270,219,-9,264,198,-32,250,208,-45,245,219,-51,253,202,-5,245,183,-28,231,199,-36,229,211,-36,234,193,-6,223,179,-29,212,198,-30,213,210,-24,214,191,-8,205,182,-24,199,197,-24,201,208,-19,0
197,255,0,218,262,-29,242,253,-44,239,221,-54,228,195,-62,279,216,-23,268,201,-50,247,214,-64,240,222,-71,262,198,-17,252,186,-45,231,202,-55,225,208,-55,242,188,-15,228,177,-42,214,197,-42,214,206,-36,221,185,-16,210,179,-35,204,194,-35,206,203,-30,0
197,256,0,220,261,-20,242,248,-30,240,219,-38,231,194,-43,272,220,-11,276,200,-29,264,210,-43,257,221,-50,257,200,-8,266,177,-26,254,181,-36,250,188,-40,240,187,-9,252,161,-24,250,155,-28,251,153,-28,220,180,-12,232,159,-20,236,150,-21,241,143,-20,0
194,258,0,218,263,-19,242,251,-29,241,219,-36,233,194,-40,274,223,-10,277,202,-28,259,212,-39,250,222,-44,260,203,-6,264,182,-26,245,193,-34,237,203,-34,243,190,-7,252,167,-24,242,172,-25,238,178,-22,224,182,-9,234,162,-19,237,153,-20,243,148,-17,0
195,258,0,217,263,-22,242,251,-32,241,219,-40,232,194,-45,274,221,-14,277,201,-33,258,209,-45,248,218,-50,258,201,-10,262,176,-28,248,180,-36,244,184,-37,240,189,-9,245,164,-26,240,160,-28,239,158,-26,221,183,-11,229,163,-21,232,154,-23,235,147,-21,0
194,256,0,214,265,-28,234,257,-43,239,232,-54,235,210,-62,270,218,-24,275,199,-44,264,213,-55,257,225,-58,256,202,-16,263,182,-37,252,194,-44,247,199,-45,239,190,-13,243,176,-31,234,191,-33,229,202,-29,220,182,-11,230,163,-19,233,151,-19,237,140,-16,0
196,253,0,215,262,-23,236,255,-35,240,234,-44,236,214,-52,264,217,-19,275,200,-36,272,207,-48,267,215,-53,253,200,-14,266,178,-25,269,169,-32,272,161,-36,238,189,-12,251,169,-22,258,159,-25,263,152,-26,219,182,-12,230,163,-18,235,150,-19,239,139,-18,0
196,247,0,210,258,-26,226,258,-41,231,243,-53,234,228,-64,270,216,-28,290,199,-45,304,185,-57,312,173,-66,260,195,-25,284,173,-40,299,154,-51,311,137,-58,242,184,-25,261,156,-40,270,133,-52,276,113,-58,218,180,-27,225,155,-42,226,137,-50,228,122,-53,0
193,252,0,208,262,-28,226,261,-45,232,244,-58,234,227,-71,270,219,-33,293,200,-51,305,185,-65,313,171,-75,260,197,-29,287,169,-44,302,147,-57,312,127,-65,242,184,-28,261,155,-42,269,132,-54,274,111,-61,217,179,-29,224,155,-42,227,137,-49,228,122,-53,0
194,255,0,209,261,-27,224,261,-45,227,253,-61,227,247,-77,274,210,-29,305,188,-45,319,173,-57,327,160,-66,262,189,-27,292,161,-39,308,141,-49,321,124,-56,241,179,-28,263,148,-40,275,126,-50,286,107,-57,214,177,-31,217,149,-43,218,131,-50,221,115,-53,0
194,263,0,210,268,-35,228,265,-56,249,263,-74,271,267,-91,279,209,-33,318,193,-50,342,180,-63,359,168,-73,264,188,-27,292,162,-41,308,144,-52,320,129,-60,242,179,-25,256,147,-38,263,124,-49,270,105,-57,214,182,-25,208,154,-40,203,136,-49,200,120,-54,0
199,263,0,222,269,-21,247,267,-33,271,267,-43,291,271,-53,282,209,-21,319,196,-33,341,186,-43,359,177,-51,265,188,-20,290,157,-31,306,138,-41,318,122,-48,240,184,-22,246,150,-37,248,129,-51,249,111,-61,212,192,-25,206,178,-42,200,178,-52,195,179,-57,0
198,264,0,221,270,-23,246,267,-35,270,267,-46,292,271,-57,282,209,-22,318,195,-36,340,186,-47,358,177,-55,265,189,-22,289,158,-33,304,137,-44,315,121,-51,239,185,-24,246,151,-39,249,127,-52,253,108,-62,210,193,-28,202,176,-45,195,168,-54,189,161,-60,0
198,263,0,223,270,-20,249,267,-31,272,267,-41,292,272,-51,282,209,-21,319,196,-33,340,186,-43,358,178,-51,264,188,-21,289,157,-31,304,136,-41,316,121,-49,238,185,-24,245,150,-38,247,128,-51,248,111,-60,210,193,-28,202,177,-44,195,171,-53,190,168,-58,0
198,265,0,228,273,-18,258,272,-27,281,270,-36,300,271,-45,282,211,-20,319,197,-33,340,187,-44,357,179,-51,263,192,-21,285,153,-32,299,132,-43,310,116,-50,238,188,-24,244,159,-39,248,144,-50,253,132,-57,210,197,-29,205,187,-44,206,192,-49,207,199,-51,0
199,266,0,229,274,-20,259,272,-30,282,271,-38,301,271,-47,284,212,-19,320,197,-33,341,186,-44,358,177,-51,265,192,-19,286,154,-31,299,133,-41,308,118,-47,239,188,-22,247,159,-37,251,145,-47,255,135,-53,211,196,-26,206,185,-41,206,188,-46,206,193,-48,0
197,265,0,229,276,-22,262,274,-31,289,272,-39,312,270,-47,280,214,-17,317,194,-34,340,185,-44,357,176,-47,260,196,-16,274,154,-35,276,132,-44,277,114,-46,237,192,-17,221,186,-44,211,210,-50,209,227,-44,213,195,-20,201,195,-38,197,216,-38,198,232,-32,0
199,264,0,230,276,-21,263,275,-30,290,272,-38,311,271,-46,282,213,-16,317,196,-31,340,189,-40,356,182,-46,261,198,-14,268,170,-37,252,175,-48,236,181,-48,239,194,-15,225,188,-40,214,208,-44,210,222,-39,216,196,-16,206,194,-33,201,212,-32,203,226,-27,0
203,268,0,234,277,-23,264,276,-33,288,272,-44,310,266,-53,280,213,-17,309,193,-36,325,182,-46,335,171,-51,259,197,-16,261,158,-39,258,134,-51,254,112,-54,236,193,-18,215,196,-47,210,225,-54,212,244,-49,214,197,-22,197,205,-42,194,230,-44,198,246,-39,0
172,318,0,218,311,-24,253,290,-37,276,267,-47,297,248,-57,232,219,-23,253,177,-39,263,151,-52,271,125,-61,202,208,-22,209,157,-36,212,125,-48,214,98,-57,174,211,-24,173,166,-38,172,136,-47,171,109,-53,147,224,-27,141,189,-41,138,167,-46,136,146,-49,0
177,321,0,221,316,-24,256,298,-37,279,275,-49,302,256,-60,241,224,-23,263,183,-39,274,157,-52,283,132,-62,212,211,-22,220,160,-37,223,128,-49,226,101,-58,184,213,-24,184,167,-39,186,136,-49,188,109,-55,156,224,-28,152,190,-42,150,167,-48,151,145,-51,0
176,320,0,221,314,-25,257,296,-39,279,274,-51,301,255,-63,240,222,-26,261,182,-44,273,156,-58,282,132,-68,211,211,-25,219,160,-42,223,128,-55,226,100,-64,183,213,-27,183,167,-44,184,136,-54,186,108,-60,156,225,-31,151,190,-47,149,166,-54,149,143,-57,0
177,320,0,222,314,-25,257,295,-39,279,273,-51,302,255,-62,240,222,-26,261,183,-44,273,157,-58,282,132,-68,211,211,-25,218,160,-42,223,128,-55,226,100,-64,183,213,-27,183,168,-44,185,137,-54,187,109,-61,156,225,-31,151,190,-47,149,167,-54,149,144,-58,0
177,320,0,222,313,-23,257,295,-35,279,273,-46,301,255,-57,240,223,-23,261,183,-39,273,157,-52,282,132,-62,211,211,-23,218,160,-38,223,129,-51,225,101,-60,183,214,-26,183,168,-41,185,137,-51,187,109,-57,156,226,-30,151,191,-45,150,168,-51,149,146,-55,0
177,320,0,222,313,-23,257,295,-35,279,273,-46,301,255,-57,240,223,-22,261,183,-39,273,156,-52,282,132,-62,211,211,-22,218,160,-37,223,128,-50,226,101,-59,183,213,-25,183,168,-40,185,137,-50,187,109,-56,156,225,-30,151,191,-44,150,168,-50,150,145,-53,0
176,317,0,221,312,-24,255,294,-37,279,272,-48,301,255,-59,240,222,-24,262,183,-41,273,156,-54,282,131,-64,211,209,-23,220,158,-39,224,126,-51,227,98,-60,184,211,-25,184,165,-41,186,134,-51,188,106,-57,156,222,-29,152,188,-44,151,164,-50,151,142,-53,0
175,316,0,221,312,-24,256,294,-37,279,272,-48,301,254,-58,240,222,-24,262,182,-40,273,156,-54,281,131,-63,212,209,-23,220,158,-39,224,126,-51,227,99,-60,184,211,-25,184,165,-41,185,134,-51,187,106,-58,157,222,-29,152,187,-44,150,164,-51,150,142,-55,0
178,317,0,222,313,-25,258,296,-39,281,274,-50,302,256,-61,242,223,-26,263,184,-44,275,157,-58,284,132,-68,213,210,-26,221,159,-42,226,127,-55,229,99,-64,185,212,-27,186,166,-44,188,135,-54,190,107,-61,157,224,-32,153,188,-47,151,165,-54,150,142,-57,0
177,317,0,222,312,-25,258,295,-39,280,273,-51,302,255,-62,242,223,-27,264,183,-45,276,157,-58,285,132,-68,213,210,-26,221,159,-42,226,127,-55,229,99,-64,185,212,-27,186,166,-44,188,134,-54,189,106,-61,157,223,-31,152,189,-47,150,165,-54,149,143,-58,0
181,319,0,225,314,-23,260,296,-35,282,273,-45,304,256,-55,245,222,-23,266,183,-39,278,157,-52,287,133,-61,216,210,-23,223,160,-38,228,128,-50,230,100,-58,187,212,-25,188,167,-40,189,136,-50,191,109,-57,160,224,-30,154,188,-45,152,165,-51,152,142,-55,0
180,318,0,224,314,-23,259,296,-36,282,274,-46,304,257,-57,245,223,-23,266,183,-40,277,158,-52,285,133,-62,216,210,-23,224,160,-38,228,128,-50,231,100,-58,188,211,-26,188,166,-41,190,136,-50,192,109,-56,160,223,-30,154,188,-45,152,165,-51,151,142,-54,0
180,317,0,224,314,-25,260,297,-38,282,274,-48,304,256,-59,247,222,-25,269,182,-42,281,156,-55,290,132,-65,217,209,-25,226,159,-40,230,127,-52,233,100,-61,189,211,-26,190,166,-42,191,136,-52,193,108,-59,160,223,-30,155,188,-45,153,166,-52,153,144,-56,0
180,318,0,223,315,-25,260,297,-37,283,274,-48,305,256,-58,247,223,-25,268,184,-42,280,158,-55,288,133,-65,218,210,-25,227,159,-40,231,128,-52,234,101,-61,190,211,-27,191,166,-42,192,136,-53,193,109,-60,161,223,-31,156,189,-46,153,166,-53,152,145,-57,0
180,318,0,224,314,-24,260,297,-37,284,275,-48,306,257,-59,247,223,-25,269,184,-42,281,158,-55,290,133,-65,219,210,-25,228,159,-40,233,128,-52,235,100,-62,190,211,-27,192,165,-42,192,135,-53,193,108,-60,162,223,-31,157,188,-46,154,165,-53,152,143,-57,0
180,318,0,224,314,-24,260,297,-37,283,275,-49,306,257,-60,247,224,-26,270,184,-43,282,157,-56,291,132,-65,219,210,-25,228,159,-40,232,128,-53,235,101,-62,190,211,-27,192,165,-43,193,135,-53,193,108,-60,162,222,-31,157,187,-46,154,165,-53,153,143,-57,0
182,317,0,225,314,-25,260,296,-38,283,274,-49,305,256,-60,248,222,-24,269,183,-41,281,158,-54,290,133,-64,219,209,-24,228,159,-38,233,129,-51,236,101,-60,191,210,-25,192,166,-41,193,137,-51,194,110,-58,164,222,-29,159,187,-44,156,165,-51,155,143,-55,0
181,317,0,225,313,-24,261,296,-37,284,274,-48,306,256,-58,248,222,-24,269,183,-40,281,157,-53,290,133,-63,219,209,-23,229,159,-38,233,128,-50,236,101,-59,191,210,-25,192,166,-41,193,137,-51,194,110,-58,163,221,-30,159,187,-44,156,164,-51,155,142,-55,0
180,317,0,225,313,-25,261,296,-39,284,274,-50,306,255,-62,247,223,-27,269,183,-44,281,157,-58,290,131,-68,219,209,-26,228,159,-42,233,127,-55,235,99,-64,191,210,-28,192,166,-44,192,135,-55,193,108,-62,163,222,-32,158,187,-48,155,165,-55,154,142,-59,0
180,317,0,225,313,-26,260,296,-40,284,274,-52,306,255,-63,248,223,-28,269,183,-46,281,156,-59,290,131,-69,219,209,-27,228,159,-43,233,128,-57,235,99,-66,191,211,-29,192,166,-46,193,136,-56,193,108,-64,163,222,-33,158,188,-49,155,165,-57,155,143,-61,0
180,316,0,225,313,-25,262,296,-39,284,273,-50,306,255,-61,247,223,-27,270,182,-44,283,156,-58,292,131,-67,219,209,-26,229,159,-42,234,128,-54,237,100,-63,191,210,-27,192,165,-43,193,135,-53,194,108,-60,163,221,-31,158,187,-46,155,164,-53,153,143,-56,0
180,316,0,225,313,-25,262,296,-37,285,273,-48,307,255,-59,248,223,-26,270,182,-43,283,155,-56,292,130,-66,219,209,-25,229,159,-41,234,128,-53,237,100,-62,191,210,-27,192,165,-42,193,135,-53,194,108,-60,163,221,-30,158,187,-45,155,164,-52,154,142,-56,0
181,316,0,226,313,-26,262,296,-39,285,274,-51,307,256,-62,248,222,-27,270,182,-45,282,156,-58,292,130,-68,219,209,-26,228,159,-42,233,127,-55,236,99,-64,191,210,-28,192,166,-44,193,136,-54,195,110,-61,163,222,-31,158,187,-47,156,165,-54,154,143,-58,0
180,317,0,225,313,-26,262,296,-39,285,274,-51,307,256,-62,248,222,-27,270,182,-44,282,156,-57,291,131,-67,219,209,-25,228,159,-41,233,127,-54,236,100,-63,191,210,-27,192,166,-43,193,136,-53,195,109,-60,163,221,-31,158,187,-46,155,165,-53,154,143,-57,0
181,318,0,225,314,-25,261,298,-39,284,275,-50,307,257,-62,249,224,-27,270,184,-44,282,158,-57,292,133,-67,220,210,-26,229,160,-41,234,129,-54,237,101,-63,192,211,-28,193,167,-43,194,136,-54,195,109,-60,163,223,-31,158,188,-47,156,165,-53,155,143,-57,0
181,318,0,225,314,-25,261,298,-38,285,275,-50,307,257,-61,249,224,-26,270,184,-43,282,157,-56,291,132,-66,220,210,-25,228,160,-41,234,129,-53,237,101,-62,191,211,-27,192,167,-43,193,136,-53,195,108,-60,163,223,-31,158,188,-46,156,165,-53,156,143,-57,0
181,318,0,225,314,-25,260,297,-38,283,275,-50,305,256,-61,247,223,-26,269,183,-43,282,157,-57,291,132,-67,219,209,-25,228,159,-41,233,128,-53,236,101,-62,190,211,-27,192,166,-43,193,136,-53,195,109,-59,162,222,-31,158,188,-46,156,165,-53,155,143,-56,0
181,318,0,225,314,-25,260,297,-38,283,275,-49,305,257,-60,247,222,-25,269,183,-41,281,157,-55,291,133,-65,219,209,-24,228,160,-39,233,128,-52,236,100,-61,190,211,-26,192,166,-42,194,136,-52,195,108,-59,162,223,-30,158,188,-45,156,164,-52,155,142,-56,0
179,317,0,224,313,-25,261,295,-37,284,272,-48,307,254,-58,246,222,-24,268,182,-41,280,156,-54,289,130,-64,218,209,-23,227,158,-39,232,127,-51,235,99,-60,190,209,-25,191,165,-40,192,136,-50,194,109,-57,163,221,-29,158,187,-44,155,164,-50,153,142,-54,0
179,316,0,224,313,-25,261,295,-38,284,272,-48,307,254,-59,246,222,-24,268,182,-41,280,156,-55,290,131,-65,218,209,-23,227,159,-39,232,127,-51,235,100,-60,190,209,-25,192,165,-40,193,136,-50,194,109,-57,163,221,-29,158,187,-44,155,165,-50,154,143,-54,0
180,315,0,224,312,-26,259,295,-41,282,273,-53,305,254,-65,244,221,-28,267,182,-45,279,157,-59,289,132,-69,217,208,-26,226,158,-42,232,127,-55,235,100,-65,189,210,-28,191,165,-44,192,135,-55,194,108,-62,162,222,-31,157,187,-47,155,165,-55,154,143,-59,0
180,315,0,224,312,-26,260,295,-41,282,273,-52,305,254,-64,245,221,-27,267,182,-44,280,156,-58,289,132,-68,217,208,-26,227,158,-41,232,127,-54,235,99,-64,190,210,-27,192,165,-43,193,135,-55,194,108,-62,162,221,-31,157,187,-47,154,165,-54,152,143,-59,0
179,316,0,223,312,-25,260,294,-37,283,272,-48,305,254,-58,245,221,-24,267,181,-40,280,155,-53,289,131,-62,217,208,-23,227,157,-37,232,126,-50,235,99,-59,190,209,-24,191,164,-40,192,134,-50,193,107,-57,162,220,-28,158,186,-43,155,164,-49,154,143,-53,0
179,316,0,224,312,-25,260,294,-38,282,271,-49,305,253,-60,245,221,-24,267,181,-41,280,156,-53,289,131,-63,217,208,-23,226,158,-38,231,126,-50,234,99,-59,189,209,-24,191,164,-39,193,135,-50,194,108,-56,162,220,-28,157,186,-42,155,165,-49,153,144,-53,0
180,315,0,223,311,-26,259,294,-39,282,272,-51,304,254,-62,247,221,-27,268,181,-44,280,155,-57,289,130,-67,218,208,-26,227,158,-41,231,126,-54,234,99,-64,190,209,-27,191,165,-43,193,134,-54,195,107,-61,162,220,-31,157,185,-47,154,162,-54,152,140,-59,0
180,314,0,223,311,-25,259,294,-38,282,273,-49,304,254,-60,247,221,-26,268,181,-44,280,155,-57,289,130,-67,218,208,-26,226,157,-41,231,126,-54,234,99,-64,190,209,-28,191,165,-44,193,135,-54,194,108,-62,162,220,-32,157,185,-47,154,163,-55,153,141,-59,0
180,314,0,223,311,-24,260,294,-36,283,272,-47,305,254,-58,246,221,-25,267,181,-41,279,156,-54,288,132,-63,218,208,-24,227,158,-39,232,127,-52,235,100,-61,190,209,-26,191,164,-41,192,134,-52,193,107,-59,162,220,-30,157,187,-45,155,165,-52,154,143,-56,0
180,314,0,223,310,-24,260,293,-37,283,272,-48,305,254,-59,246,221,-25,267,181,-42,279,155,-55,288,131,-64,218,208,-25,227,158,-40,232,126,-53,235,99,-62,190,209,-27,191,164,-42,192,134,-53,192,107,-60,162,220,-31,157,187,-46,154,165,-53,154,143,-57,0
179,315,0,223,311,-25,258,294,-38,280,271,-49,303,253,-60,246,221,-25,267,182,-42,279,156,-54,288,132,-64,217,208,-24,226,158,-39,230,127,-51,233,100,-60,190,209,-25,191,165,-41,192,135,-51,193,109,-57,162,220,-29,157,185,-44,154,163,-51,152,142,-54,0
180,315,0,223,312,-25,259,294,-38,281,271,-49,303,254,-60,246,221,-26,267,181,-42,279,155,-55,288,131,-65,217,208,-24,225,158,-40,229,127,-52,232,99,-62,189,209,-26,190,165,-42,191,135,-52,192,108,-59,161,220,-30,156,186,-45,154,164,-52,153,142,-56,0
179,314,0,223,310,-25,258,292,-38,280,269,-49,302,252,-60,244,219,-24,266,180,-41,278,154,-54,287,129,-64,216,207,-23,224,157,-39,228,126,-51,231,99,-60,188,208,-25,190,163,-40,191,133,-51,193,107,-57,161,219,-29,155,186,-44,152,163,-50,151,142,-54,0
179,314,0,224,309,-24,259,291,-37,281,269,-48,303,252,-58,244,219,-25,266,180,-41,278,153,-55,286,129,-64,215,206,-24,224,157,-39,228,125,-51,231,98,-60,188,208,-26,189,163,-41,191,133,-51,193,106,-58,160,219,-30,155,186,-44,153,163,-51,153,141,-55,0
180,314,0,224,310,-24,260,292,-37,282,270,-48,303,254,-59,246,220,-25,267,180,-42,278,154,-56,287,130,-65,216,207,-25,225,158,-40,229,126,-53,231,99,-62,188,209,-27,190,165,-42,192,135,-52,194,108,-59,161,221,-31,155,187,-46,153,164,-53,152,142,-56,0
180,314,0,224,310,-26,259,293,-39,281,271,-51,303,254,-62,245,220,-26,266,181,-44,278,155,-57,287,130,-67,216,207,-25,224,157,-41,228,126,-53,231,99,-63,188,209,-27,190,165,-43,191,135,-53,193,108,-60,161,221,-31,155,187,-46,152,164,-53,151,143,-57,0
179,313,0,223,310,-26,259,293,-39,281,270,-51,303,253,-62,245,222,-27,266,183,-45,278,157,-58,287,132,-68,217,208,-26,224,158,-42,229,127,-55,232,100,-64,189,209,-28,190,164,-44,191,135,-54,193,108,-61,161,220,-31,155,187,-47,153,165,-54,152,143,-58,0
180,313,0,223,310,-25,258,293,-38,280,270,-50,303,253,-61,245,222,-27,266,182,-44,278,156,-57,288,132,-67,216,208,-26,225,158,-42,229,127,-54,233,101,-64,189,209,-28,190,164,-44,191,134,-54,193,107,-61,162,220,-31,156,187,-47,153,164,-54,152,142,-59,0
179,313,0,222,310,-25,258,293,-39,280,270,-50,302,253,-61,245,219,-25,266,180,-42,278,154,-55,287,130,-65,216,207,-24,224,158,-39,228,127,-52,231,100,-62,188,209,-26,190,164,-41,191,134,-52,193,107,-59,160,220,-30,156,186,-45,154,163,-52,153,141,-56,0
179,313,0,222,310,-25,258,292,-39,280,270,-50,302,253,-61,245,219,-25,266,179,-42,278,154,-56,287,130,-65,216,207,-24,224,158,-40,228,127,-52,231,100,-62,188,208,-26,190,165,-42,191,135,-52,193,107,-59,160,220,-30,156,186,-45,153,164,-52,152,142,-56,0
179,314,0,222,310,-25,257,292,-38,280,270,-50,303,253,-61,244,220,-26,265,180,-43,277,154,-57,287,130,-67,215,207,-25,223,158,-41,228,127,-54,231,100,-63,188,209,-27,189,165,-43,189,135,-54,190,108,-61,161,221,-31,155,188,-47,152,165,-54,151,143,-58,0
178,313,0,221,309,-26,257,292,-40,280,270,-51,303,252,-63,244,220,-27,265,180,-44,277,154,-58,286,130,-68,215,207,-26,223,158,-42,228,127,-55,231,100,-64,188,209,-27,189,165,-44,190,135,-55,191,108,-62,161,221,-31,155,187,-47,152,165,-55,151,142,-59,0
178,313,0,221,310,-25,258,292,-38,280,270,-49,301,252,-60,242,220,-26,263,181,-43,276,155,-56,285,130,-65,214,208,-25,223,158,-40,228,127,-53,231,100,-62,187,209,-26,188,165,-42,190,135,-53,191,108,-60,160,221,-30,155,186,-45,153,163,-53,151,141,-57,0
178,313,0,221,310,-24,258,292,-37,280,269,-47,302,252,-57,242,220,-24,264,181,-40,276,155,-53,285,131,-62,214,208,-23,223,159,-38,228,127,-51,231,100,-60,187,209,-25,189,165,-41,190,135,-51,190,108,-58,161,221,-29,155,186,-44,153,164,-52,151,141,-56,0
179,314,0,222,310,-24,258,291,-37,281,269,-48,302,252,-59,242,221,-25,264,182,-42,276,156,-56,286,132,-66,215,208,-25,223,159,-40,228,128,-53,230,100,-62,187,210,-27,189,165,-42,191,135,-53,192,108,-60,160,221,-31,155,187,-46,152,164,-53,151,142,-57,0
179,315,0,222,309,-24,258,291,-37,281,269,-48,302,252,-59,243,221,-25,264,182,-42,276,156,-56,285,131,-66,214,208,-25,223,159,-41,227,127,-54,230,99,-63,187,210,-27,189,165,-43,190,134,-53,192,106,-60,160,222,-32,155,187,-47,153,164,-53,153,142,-57,0
177,313,0,221,310,-25,257,292,-38,279,270,-50,302,254,-61,242,220,-25,264,181,-43,276,156,-56,285,131,-66,215,208,-24,223,158,-40,228,127,-53,231,100,-62,187,209,-26,189,165,-41,191,135,-52,192,108,-58,160,220,-30,155,187,-45,153,165,-51,152,143,-55,0
178,314,0,221,310,-24,256,292,-37,279,270,-48,301,253,-59,242,221,-25,264,181,-41,276,155,-54,285,131,-64,215,208,-24,223,159,-39,228,128,-52,231,101,-61,188,209,-25,189,165,-41,190,135,-51,192,108,-58,161,220,-29,155,187,-44,153,164,-51,151,142,-55,0
179,314,0,222,310,-25,257,292,-38,279,270,-49,301,253,-61,243,221,-25,264,181,-42,276,156,-56,286,131,-66,215,208,-24,223,159,-39,227,128,-52,230,101,-61,188,209,-26,189,166,-41,191,136,-51,192,110,-58,161,221,-30,155,188,-44,153,165,-51,152,144,-54,0
179,313,0,222,310,-25,257,292,-39,279,270,-50,302,253,-62,243,221,-26,265,182,-43,276,156,-57,285,131,-67,215,208,-25,223,158,-41,227,127,-53,230,100,-62,188,209,-27,189,166,-42,190,136,-52,192,109,-58,160,221,-31,155,187,-45,153,165,-51,152,144,-55,0
177,314,0,221,311,-24,257,292,-36,280,269,-46,302,252,-55,242,221,-23,264,182,-38,276,156,-51,286,132,-60,215,208,-22,224,159,-36,228,127,-48,231,100,-57,188,209,-23,190,165,-39,191,135,-49,191,108,-56,161,221,-27,155,188,-42,153,166,-49,151,145,-53,0
178,315,0,222,310,-24,257,292,-36,280,269,-46,302,253,-57,242,221,-23,264,182,-39,277,156,-52,286,132,-61,215,208,-22,224,159,-37,228,127,-49,231,100,-58,188,210,-24,189,165,-39,190,135,-50,191,109,-56,161,221,-28,155,188,-43,153,166,-50,151,145,-54,0
177,313,0,221,309,-26,257,292,-40,279,270,-51,301,252,-62,242,220,-26,264,181,-43,276,155,-56,285,131,-66,214,207,-24,223,158,-40,227,127,-53,230,100,-62,187,209,-26,189,164,-42,190,135,-52,192,108,-59,161,220,-29,155,187,-45,152,164,-52,150,142,-57,0
178,314,0,222,310,-25,257,292,-38,279,269,-48,301,252,-59,242,220,-24,264,181,-40,275,155,-53,284,131,-63,214,207,-23,223,158,-38,227,127,-50,230,100,-60,187,209,-24,189,164,-40,190,134,-51,192,108,-58,160,220,-28,155,187,-44,152,164,-51,151,142,-55,0
178,314,0,222,310,-24,257,291,-36,279,269,-47,301,251,-58,242,220,-23,263,181,-39,275,155,-52,285,131,-62,214,208,-22,222,158,-37,226,127,-49,230,100,-58,187,209,-24,188,165,-39,190,135,-49,191,108,-56,160,221,-28,154,188,-43,152,166,-49,152,145,-53,0
178,315,0,222,310,-24,257,292,-37,279,269,-48,301,251,-58,242,220,-23,263,181,-40,275,156,-53,284,131,-63,214,208,-23,222,158,-38,226,127,-50,230,100,-59,187,209,-24,188,166,-40,189,136,-50,192,109,-56,160,221,-28,154,188,-43,153,166,-49,153,144,-53,0
177,314,0,220,309,-24,255,291,-37,278,269,-48,300,252,-59,241,220,-24,263,182,-41,275,156,-54,284,131,-64,213,208,-23,221,158,-39,226,127,-51,229,100,-60,186,209,-25,188,165,-41,189,135,-51,191,109,-57,160,220,-29,154,187,-44,152,164,-51,152,143,-54,0
177,314,0,219,310,-26,254,292,-39,277,270,-50,299,253,-61,241,221,-25,263,182,-42,275,156,-56,284,132,-65,213,208,-24,221,158,-40,226,127,-52,229,100,-61,186,209,-25,188,165,-41,189,135,-51,191,109,-57,160,220,-29,155,187,-44,153,164,-51,152,143,-54,0
177,313,0,219,310,-26,254,293,-40,277,271,-52,299,253,-64,241,221,-27,262,181,-45,274,156,-58,283,132,-68,212,208,-26,221,159,-42,226,127,-55,229,100,-64,185,210,-27,187,166,-43,189,135,-54,191,108,-61,158,222,-30,154,188,-46,153,166,-53,153,144,-57,0
177,313,0,219,310,-27,254,293,-41,276,271,-53,299,253,-65,241,221,-28,262,181,-46,274,155,-59,283,131,-69,212,208,-26,221,159,-43,226,127,-56,228,100,-65,185,210,-27,187,166,-44,189,135,-54,191,108,-61,158,222,-31,154,188,-46,153,165,-54,152,143,-58,0
177,314,0,221,309,-25,256,292,-38,278,270,-49,300,252,-59,241,221,-24,262,181,-40,274,156,-53,283,132,-63,214,208,-23,221,159,-38,226,128,-50,228,101,-59,187,209,-24,188,165,-39,189,135,-49,191,108,-56,160,220,-28,154,186,-43,152,164,-49,151,142,-53,0
177,313,0,221,309,-25,256,292,-38,278,270,-49,300,252,-60,241,221,-24,262,182,-41,274,156,-54,283,132,-63,213,208,-23,221,159,-38,226,128,-50,229,101,-59,186,209,-24,188,165,-40,189,135,-50,191,108,-57,160,220,-28,154,187,-43,152,164,-50,151,142,-53,0
177,314,0,221,309,-24,255,292,-37,278,270,-48,299,252,-58,240,220,-23,262,181,-39,274,155,-52,284,131,-62,213,208,-22,221,159,-37,225,128,-49,228,101,-58,186,210,-23,187,165,-38,188,135,-48,190,109,-55,159,221,-27,154,187,-42,152,165,-48,150,143,-52,0
177,313,0,221,309,-25,255,292,-38,278,270,-49,299,252,-59,240,220,-24,262,181,-40,275,155,-54,284,131,-63,213,208,-23,221,159,-38,225,128,-50,228,101,-59,186,210,-24,187,166,-39,188,136,-49,190,109,-56,159,221,-28,154,187,-43,151,165,-49,150,143,-53,0
177,314,0,220,310,-25,255,292,-38,278,270,-49,300,253,-60,241,221,-26,262,183,-42,274,157,-55,282,133,-65,213,208,-24,221,159,-40,225,128,-52,228,101,-60,186,210,-26,187,166,-41,188,136,-51,190,110,-57,159,221,-29,154,187,-44,152,165,-51,151,143,-55,0
177,314,0,220,310,-25,256,292,-38,278,270,-49,300,253,-59,241,221,-25,262,182,-42,273,157,-54,282,133,-64,213,208,-24,221,159,-39,226,128,-51,228,101,-60,186,210,-25,187,166,-41,189,136,-51,190,110,-57,159,221,-29,154,187,-44,152,165,-51,151,143,-54,0
177,314,0,220,310,-24,256,292,-37,278,270,-49,301,252,-60,240,221,-24,261,182,-41,272,157,-54,281,134,-64,212,209,-23,221,160,-39,225,129,-51,228,103,-60,185,211,-25,187,167,-41,188,137,-51,190,110,-57,159,222,-29,154,189,-44,152,166,-51,150,144,-55,0
177,314,0,220,310,-24,254,292,-36,278,270,-47,300,253,-58,240,221,-23,261,182,-39,273,157,-52,281,133,-62,213,209,-22,221,160,-37,225,129,-49,228,103,-58,186,210,-24,187,166,-39,188,137,-48,189,110,-55,159,222,-28,154,188,-42,151,166,-48,149,144,-52,0
176,313,0,221,309,-23,256,291,-35,278,269,-45,299,253,-55,241,221,-21,261,182,-37,272,157,-50,281,133,-59,213,209,-21,221,160,-35,225,129,-48,228,102,-56,186,210,-23,188,165,-38,189,135,-48,190,107,-55,159,222,-27,154,188,-42,151,165,-48,150,143,-52,0
176,314,0,221,309,-23,256,291,-35,278,269,-45,299,253,-55,241,221,-22,261,182,-37,272,157,-50,281,133,-59,213,209,-21,221,160,-36,225,129,-48,228,103,-57,186,210,-23,188,165,-38,188,135,-48,190,108,-55,160,222,-27,154,188,-42,152,165,-49,150,143,-53,0
175,313,0,219,309,-25,254,292,-39,276,269,-50,299,251,-61,240,221,-25,261,182,-41,273,156,-54,282,132,-64,212,209,-23,221,160,-38,225,129,-51,228,103,-59,185,210,-24,187,166,-40,188,136,-49,189,109,-56,158,221,-27,153,187,-42,151,165,-49,150,144,-53,0
176,313,0,219,309,-25,254,291,-38,277,269,-49,299,251,-60,240,221,-25,261,182,-41,273,156,-54,282,132,-64,212,208,-23,221,160,-38,225,129,-51,228,103,-60,186,210,-24,187,165,-40,188,135,-50,189,109,-57,159,221,-28,153,187,-43,151,165,-49,150,144,-53,0
176,314,0,219,309,-24,253,291,-36,276,270,-47,298,253,-58,239,221,-23,260,182,-40,272,157,-53,282,133,-63,212,209,-23,220,160,-38,224,129,-50,227,103,-59,185,210,-25,186,166,-40,188,136,-50,189,109,-56,158,221,-29,153,187,-43,151,164,-50,150,142,-54,0
176,314,0,219,309,-24,253,291,-37,276,270,-48,298,253,-59,239,220,-24,260,182,-40,272,156,-53,281,132,-63,211,208,-23,219,160,-38,224,129,-50,227,102,-60,185,210,-25,186,166,-40,188,136,-50,190,109,-56,158,221,-29,153,188,-43,151,164,-50,151,142,-53,0
175,313,0,218,308,-25,253,291,-38,276,269,-50,298,253,-61,239,220,-24,260,181,-40,272,156,-54,281,132,-63,211,208,-23,219,159,-38,223,129,-51,227,102,-60,185,210,-24,186,166,-40,187,136,-50,190,110,-56,158,221,-28,153,189,-43,150,166,-49,149,145,-53,0
175,313,0,218,308,-25,253,291,-38,276,269,-50,298,252,-61,240,220,-24,260,181,-40,272,156,-53,281,132,-63,212,208,-23,219,159,-38,224,129,-50,227,103,-59,185,209,-24,186,166,-39,187,136,-49,190,109,-56,158,221,-28,153,188,-42,151,166,-49,150,145,-53,0
175,312,0,217,309,-25,253,291,-38,276,270,-49,298,253,-60,238,221,-25,260,183,-42,271,157,-55,280,133,-65,211,208,-24,219,159,-39,224,128,-52,227,102,-61,184,209,-25,185,165,-41,187,135,-50,189,108,-57,157,221,-29,153,187,-44,151,165,-50,151,144,-53,0
174,313,0,217,309,-25,253,291,-38,276,270,-49,298,253,-60,238,221,-25,260,183,-42,271,157,-55,280,133,-65,211,208,-24,219,159,-39,224,128,-52,226,102,-61,184,209,-25,185,165,-41,187,135,-50,189,109,-57,157,221,-29,152,187,-44,151,165,-50,152,144,-53,0
175,313,0,218,309,-23,253,291,-36,275,268,-46,297,251,-56,238,220,-23,259,181,-39,271,156,-52,280,132,-61,210,208,-22,219,159,-37,223,128,-49,225,102,-58,183,210,-24,185,166,-39,187,136,-49,188,110,-55,157,221,-28,152,188,-42,150,166,-48,150,145,-52,0
175,314,0,218,309,-24,253,291,-36,276,268,-47,298,252,-57,238,220,-23,260,182,-39,271,156,-52,280,133,-62,210,208,-22,218,159,-37,222,128,-50,225,102,-59,183,210,-24,185,166,-39,187,136,-49,189,110,-55,157,222,-28,152,188,-42,150,166,-48,149,145,-52,0
174,312,0,217,309,-25,252,291,-38,274,269,-49,296,252,-59,238,221,-24,260,182,-41,271,156,-53,280,132,-63,211,208,-23,218,159,-38,222,128,-50,224,102,-59,184,209,-24,184,166,-39,186,137,-49,187,110,-55,157,220,-28,153,187,-42,151,166,-48,151,145,-51,0
174,312,0,217,308,-24,252,291,-37,275,269,-48,296,253,-58,239,221,-24,260,182,-41,271,156,-53,279,132,-63,211,208,-23,218,159,-38,222,129,-50,225,103,-59,184,209,-24,185,166,-39,186,136,-49,187,110,-55,157,220,-28,153,187,-42,152,165,-48,152,144,-51,0
176,313,0,219,309,-24,253,291,-37,275,269,-48,296,252,-59,239,220,-24,260,181,-40,271,155,-53,280,132,-62,211,208,-22,218,159,-37,223,128,-50,225,102,-59,184,209,-24,184,165,-39,186,135,-49,188,108,-55,157,221,-28,152,187,-42,150,165,-48,151,143,-52,0
175,313,0,218,309,-24,253,291,-37,275,269,-47,297,252,-58,238,220,-23,259,182,-40,271,156,-52,280,132,-62,211,208,-22,218,159,-37,222,127,-49,224,101,-58,184,210,-24,184,166,-39,186,135,-48,189,109,-54,157,221,-28,152,187,-42,151,164,-48,151,143,-51,0
174,313,0,217,309,-25,252,291,-37,274,269,-48,296,252,-58,239,221,-24,259,182,-40,271,156,-53,280,132,-62,211,208,-22,218,159,-37,222,129,-49,225,103,-58,184,210,-23,185,166,-38,186,136,-48,188,109,-54,158,221,-27,153,187,-41,151,164,-47,151,143,-51,0
175,313,0,217,308,-24,251,291,-37,274,269,-48,295,252,-58,238,221,-23,259,182,-40,271,156,-53,280,132,-63,211,208,-22,218,160,-37,222,129,-49,225,103,-58,184,210,-24,185,166,-39,186,136,-48,188,109,-54,158,221,-27,153,187,-42,151,165,-48,150,143,-51,0
175,313,0,218,309,-24,252,291,-36,274,269,-47,296,252,-57,239,221,-23,260,182,-38,271,157,-51,279,133,-60,211,209,-22,218,160,-36,222,129,-48,225,103,-57,184,210,-23,185,167,-38,186,137,-48,188,111,-54,157,221,-27,152,188,-41,150,165,-47,150,144,-51,0
175,313,0,218,309,-24,253,292,-37,274,269,-47,295,252,-58,239,221,-23,259,183,-39,271,157,-52,279,133,-61,211,209,-22,218,160,-37,222,129,-49,224,103,-57,184,210,-24,185,167,-38,186,137,-48,188,111,-54,157,222,-27,152,188,-41,150,166,-48,150,144,-51,0
175,313,0,218,309,-24,253,291,-37,274,269,-47,296,252,-58,238,221,-24,259,182,-40,271,157,-53,280,133,-62,210,209,-23,218,160,-38,222,129,-50,224,103,-58,183,211,-24,185,167,-39,187,137,-49,188,110,-55,157,222,-28,153,188,-42,152,166,-48,152,145,-51,0
175,314,0,218,309,-24,253,291,-37,274,268,-47,296,252,-58,238,221,-24,259,182,-40,271,157,-52,279,133,-62,210,209,-23,218,160,-37,222,129,-49,224,102,-58,183,211,-24,185,167,-39,187,137,-48,189,110,-54,157,222,-28,153,189,-41,152,167,-47,153,146,-50,0
173,312,0,218,308,-24,252,291,-36,274,269,-47,296,252,-58,237,220,-23,258,182,-40,271,156,-53,280,132,-63,209,208,-22,217,159,-38,222,128,-51,224,101,-60,183,210,-24,184,167,-39,186,137,-50,187,110,-56,157,221,-28,153,189,-42,151,166,-49,151,145,-52,0
173,312,0,218,308,-24,252,291,-36,274,268,-47,295,252,-58,237,220,-23,258,181,-39,270,156,-53,279,132,-62,209,208,-22,217,159,-37,222,128,-50,224,102,-59,183,210,-24,184,166,-39,185,136,-49,187,110,-56,157,221,-28,153,188,-42,151,166,-49,151,145,-52,0
175,313,0,219,309,-24,253,291,-36,273,268,-46,295,251,-57,237,220,-23,258,182,-38,270,157,-51,279,133,-60,209,208,-22,217,159,-36,222,128,-48,224,103,-57,183,210,-23,184,166,-38,186,136,-48,188,110,-54,156,221,-27,152,188,-41,150,165,-47,150,144,-50,0
175,314,0,218,309,-24,253,292,-36,274,268,-46,295,250,-57,237,220,-23,259,182,-39,270,157,-51,278,133,-61,209,208,-22,217,158,-37,221,128,-49,223,102,-58,183,210,-23,184,166,-38,186,136,-48,188,109,-55,157,222,-27,152,188,-41,151,165,-48,151,144,-51,0
175,314,0,218,309,-23,253,292,-36,273,269,-46,294,251,-57,238,220,-23,259,182,-39,270,157,-51,278,133,-61,210,208,-22,217,159,-37,221,128,-49,223,102,-58,183,210,-24,185,166,-39,187,136,-48,188,109,-55,157,222,-28,153,188,-42,152,165,-48,151,144,-51,0
173,313,0,217,309,-23,253,291,-35,274,268,-44,295,250,-53,237,220,-21,258,182,-37,270,157,-49,279,133,-58,210,208,-20,217,159,-35,221,128,-46,223,103,-55,183,209,-22,184,166,-36,186,136,-46,187,110,-52,157,221,-25,153,187,-39,151,164,-45,151,143,-49,0
173,313,0,216,309,-24,250,291,-36,271,269,-47,293,251,-57,236,220,-23,258,181,-39,270,156,-52,279,132,-61,209,208,-22,217,159,-36,221,129,-48,224,103,-57,183,209,-23,183,166,-38,185,137,-47,187,111,-53,157,221,-27,152,187,-41,150,165,-46,150,144,-49,0
179,306,0,210,300,-14,243,280,-22,247,248,-28,233,226,-31,248,246,-6,260,229,-23,246,254,-30,240,257,-32,223,237,-7,232,224,-25,221,256,-26,219,252,-23,198,234,-10,203,222,-31,197,254,-24,197,251,-15,170,233,-15,175,228,-27,176,250,-21,176,251,-13,0
179,305,0,208,301,-18,243,281,-27,247,248,-34,230,225,-38,248,244,-7,259,229,-25,246,253,-32,238,255,-34,223,235,-6,228,224,-23,218,258,-25,218,252,-22,198,232,-8,200,223,-29,196,255,-22,197,251,-12,171,231,-12,174,228,-24,175,251,-17,176,252,-9,0
181,305,0,209,301,-18,242,281,-27,246,248,-36,230,225,-40,250,245,-8,262,230,-27,250,252,-34,242,253,-36,224,235,-7,230,225,-25,222,258,-27,221,252,-23,199,232,-10,201,223,-31,198,255,-23,198,251,-13,171,232,-13,174,229,-26,176,252,-19,177,253,-10,0
179,305,0,207,301,-17,244,280,-25,247,247,-31,230,224,-33,246,244,-8,259,229,-24,245,255,-30,238,255,-33,221,234,-7,230,224,-24,219,258,-26,216,251,-25,196,232,-9,201,222,-29,196,254,-22,195,250,-14,170,231,-12,175,227,-24,176,250,-17,175,251,-9,0
180,304,0,208,300,-19,244,280,-28,247,247,-36,231,223,-40,250,245,-9,264,230,-27,253,251,-34,246,249,-36,225,234,-7,234,224,-26,224,257,-27,222,250,-24,200,231,-9,204,222,-31,199,255,-23,198,250,-13,173,230,-12,178,226,-25,178,250,-18,178,251,-9,0
179,305,0,207,299,-17,241,280,-25,246,248,-32,231,225,-35,244,242,-10,252,228,-27,240,252,-32,233,253,-34,217,234,-9,218,224,-27,211,258,-28,213,253,-25,191,232,-12,189,223,-32,188,255,-25,191,251,-16,164,233,-15,162,230,-28,164,250,-22,164,249,-15,0
179,303,0,205,301,-20,238,283,-31,247,251,-39,235,228,-43,247,244,-12,256,230,-30,244,246,-35,238,243,-36,220,234,-9,220,225,-28,213,259,-27,216,252,-21,194,231,-10,189,225,-32,188,256,-21,191,251,-10,167,231,-13,162,231,-25,164,253,-18,168,252,-9,0
183,303,0,207,299,-18,240,282,-26,247,251,-33,235,227,-37,249,245,-9,263,226,-23,264,217,-26,264,201,-27,223,235,-7,227,225,-23,219,257,-20,223,251,-13,197,232,-9,197,223,-30,194,254,-19,197,250,-7,169,232,-13,169,228,-25,172,250,-17,172,251,-8,0
178,306,0,209,301,-19,244,282,-27,248,249,-33,232,226,-36,247,244,-8,256,228,-26,242,252,-33,236,255,-36,221,235,-6,224,225,-25,215,259,-27,215,253,-24,196,232,-8,195,225,-29,192,256,-23,193,251,-14,169,232,-11,170,229,-23,172,250,-17,174,250,-9,0
179,305,0,209,302,-21,244,282,-31,248,247,-39,229,225,-43,248,242,-10,257,227,-28,246,250,-35,239,249,-38,222,233,-7,223,224,-25,217,258,-26,217,251,-23,196,231,-8,196,224,-29,194,255,-21,195,251,-12,169,232,-10,170,229,-23,173,251,-16,175,251,-8,0
184,303,0,210,299,-20,242,279,-29,246,248,-35,233,225,-39,252,243,-11,267,220,-26,268,205,-30,267,186,-32,226,234,-9,231,223,-26,223,256,-23,224,252,-17,200,231,-11,202,222,-32,199,255,-22,200,251,-11,172,232,-15,175,228,-28,178,251,-20,177,251,-11,0
176,307,0,208,302,-18,244,282,-27,246,250,-33,230,228,-36,246,245,-8,258,228,-26,244,254,-34,239,256,-37,222,237,-7,230,224,-26,219,257,-29,218,252,-27,198,234,-9,202,224,-32,196,256,-25,196,252,-16,171,233,-13,176,229,-26,176,253,-19,177,254,-11,0
178,306,0,208,301,-17,243,281,-25,247,249,-32,230,227,-35,248,245,-6,259,229,-24,246,253,-31,240,254,-34,223,236,-6,228,225,-24,219,257,-27,218,251,-25,198,233,-8,201,224,-30,196,255,-23,197,251,-15,171,233,-12,174,231,-25,176,253,-19,177,254,-11,0
178,306,0,208,301,-16,244,280,-23,247,247,-29,229,226,-31,246,243,-5,257,228,-22,245,252,-29,239,254,-32,222,234,-5,226,224,-23,218,256,-25,217,252,-24,197,232,-7,199,222,-28,196,254,-22,196,252,-14,171,233,-11,174,229,-23,175,252,-17,176,253,-10,0
180,304,0,208,300,-16,242,280,-25,248,248,-32,231,225,-36,249,244,-6,263,227,-23,256,236,-29,252,229,-31,224,234,-5,229,224,-23,221,255,-25,222,249,-21,199,232,-8,201,223,-30,198,254,-22,198,251,-13,172,232,-12,175,229,-26,177,251,-19,178,253,-11,0
178,305,0,208,300,-19,241,281,-28,246,248,-37,233,225,-41,250,245,-6,261,228,-24,251,246,-30,247,246,-32,224,235,-5,230,224,-24,220,258,-24,221,251,-19,199,232,-7,200,223,-30,196,254,-21,197,250,-11,171,231,-11,173,229,-25,174,252,-18,176,252,-10,0
178,306,0,208,300,-18,243,280,-26,246,247,-34,228,225,-38,246,244,-6,257,228,-24,245,252,-30,238,254,-33,221,236,-5,227,225,-22,218,259,-23,218,252,-21,196,233,-7,199,223,-27,196,254,-20,196,251,-11,169,232,-10,172,229,-22,174,251,-15,175,252,-7,0
178,305,0,208,300,-19,241,281,-28,245,248,-36,231,225,-40,250,246,-7,263,229,-26,253,245,-33,247,243,-35,225,237,-6,231,225,-24,221,256,-24,222,249,-20,200,233,-8,202,224,-30,198,254,-22,198,250,-11,172,232,-12,175,228,-25,176,251,-18,177,251,-9,0
179,305,0,210,300,-16,245,280,-24,245,248,-30,228,227,-33,249,246,-6,262,228,-24,247,252,-32,241,254,-35,224,237,-6,232,225,-25,221,257,-27,220,251,-26,199,234,-10,203,223,-32,197,255,-26,197,251,-17,171,232,-14,175,228,-27,176,251,-20,176,251,-12,0
178,305,0,209,300,-17,245,281,-24,246,248,-30,228,227,-32,249,246,-6,261,229,-25,247,253,-33,240,256,-36,225,237,-6,231,225,-25,220,257,-29,219,252,-27,199,233,-9,202,223,-32,196,255,-26,197,252,-18,171,232,-13,175,229,-26,175,252,-20,176,252,-13,0
178,305,0,209,300,-15,244,280,-21,245,247,-26,229,225,-28,248,245,-5,262,228,-22,247,252,-28,241,253,-31,224,236,-5,232,225,-23,221,256,-25,220,251,-23,199,233,-8,203,223,-29,197,255,-23,198,252,-15,172,232,-12,176,228,-25,176,251,-18,176,251,-10,0
179,305,0,210,299,-14,244,279,-21,246,247,-26,229,226,-28,248,245,-5,260,228,-21,246,252,-27,241,254,-30,224,236,-6,231,225,-23,220,256,-25,219,251,-23,199,233,-9,202,223,-29,197,254,-23,197,251,-15,172,232,-13,176,228,-25,176,250,-18,176,251,-10,0
179,304,0,209,300,-18,244,281,-25,244,248,-31,227,227,-32,250,246,-7,263,229,-25,251,248,-33,245,246,-35,225,235,-6,231,225,-26,221,257,-28,222,252,-25,200,232,-9,200,224,-32,196,256,-26,198,253,-17,172,231,-13,173,229,-27,175,253,-21,177,253,-14,0
178,306,0,209,302,-17,245,281,-24,246,246,-28,228,224,-29,245,243,-7,254,228,-23,241,254,-30,236,256,-33,220,234,-6,222,224,-23,215,258,-25,216,254,-23,195,233,-8,195,222,-29,193,255,-22,195,252,-14,168,234,-11,170,229,-24,172,252,-18,173,252,-10,0
180,304,0,207,302,-20,242,281,-29,245,246,-36,228,223,-40,248,243,-9,261,226,-26,254,233,-32,249,223,-34,222,233,-7,224,224,-25,217,257,-25,217,250,-21,197,231,-8,197,223,-30,194,255,-22,195,251,-11,170,232,-11,172,229,-25,174,252,-18,175,253,-10,0
180,306,0,208,301,-19,240,283,-29,245,252,-39,232,230,-45,250,244,-8,262,226,-26,253,238,-32,248,234,-34,224,236,-6,228,225,-25,219,257,-25,221,250,-20,199,233,-9,200,223,-31,196,254,-23,197,250,-12,171,233,-13,173,229,-27,175,251,-20,177,252,-12,0
181,304,0,208,300,-18,241,282,-27,245,251,-36,232,229,-41,249,244,-9,263,221,-24,263,214,-28,264,199,-29,223,236,-8,228,225,-26,220,256,-23,223,249,-18,198,233,-11,200,223,-32,196,253,-23,198,249,-12,171,234,-15,173,228,-28,176,250,-21,177,251,-13,0
179,306,0,208,301,-19,241,284,-30,244,251,-40,228,228,-46,251,245,-9,265,223,-26,264,218,-30,264,205,-31,225,236,-8,231,225,-27,221,256,-25,224,249,-18,200,234,-10,201,225,-33,197,255,-24,198,251,-12,172,234,-14,175,229,-28,177,251,-20,177,252,-11,0
180,306,0,209,301,-16,242,282,-26,245,250,-34,230,226,-41,251,244,-7,266,220,-22,268,206,-27,267,190,-29,225,236,-8,231,225,-25,222,256,-23,223,251,-18,200,235,-11,202,223,-33,198,254,-23,198,251,-12,172,236,-16,176,229,-29,177,251,-21,177,252,-13,0
176,309,0,209,303,-19,242,283,-28,246,251,-36,233,227,-40,246,244,-8,259,231,-27,245,255,-35,239,255,-39,222,237,-7,229,227,-26,219,259,-29,218,252,-28,197,235,-9,203,224,-33,197,256,-27,196,251,-18,170,233,-13,177,229,-27,177,252,-21,177,252,-13,0
181,306,0,209,301,-20,240,282,-29,246,250,-37,236,226,-43,250,244,-9,264,222,-23,266,210,-26,267,192,-27,223,236,-7,228,224,-23,220,255,-20,223,248,-14,198,233,-8,200,223,-29,197,253,-19,198,248,-8,171,233,-11,173,228,-25,176,250,-17,177,251,-9,0
178,308,0,210,302,-17,242,284,-26,247,252,-35,235,228,-40,246,245,-7,259,229,-26,246,252,-34,239,253,-37,221,237,-6,229,226,-25,219,257,-27,218,250,-25,197,235,-9,202,224,-32,196,254,-24,196,250,-15,170,234,-14,175,228,-27,176,250,-20,177,251,-12,0
178,306,0,208,302,-18,242,284,-28,247,250,-36,233,227,-40,248,246,-8,259,229,-27,246,252,-34,240,254,-37,223,236,-7,228,225,-26,218,258,-27,219,253,-24,198,233,-9,200,222,-32,196,255,-23,197,252,-13,171,232,-12,173,228,-26,174,251,-19,176,253,-11,0
179,306,0,208,302,-18,242,282,-26,246,249,-33,231,227,-36,247,245,-7,256,230,-24,243,253,-30,237,254,-33,222,236,-6,225,225,-24,217,259,-25,218,253,-22,197,234,-8,198,223,-30,194,255,-22,196,252,-12,170,234,-12,171,230,-25,173,253,-18,175,253,-10,0
178,307,0,208,301,-18,240,282,-27,244,249,-36,229,227,-41,249,246,-7,260,229,-25,249,246,-31,244,245,-33,223,237,-6,228,226,-25,218,258,-25,219,252,-21,198,234,-9,200,224,-31,195,255,-23,195,252,-13,170,234,-13,173,229,-26,175,251,-20,176,252,-11,0
180,306,0,208,301,-18,241,282,-26,244,249,-33,229,226,-37,249,245,-8,263,221,-22,265,210,-26,265,193,-28,223,236,-7,228,225,-24,220,256,-22,222,251,-17,198,233,-9,200,223,-31,196,254,-21,198,251,-11,171,234,-13,173,229,-27,176,251,-20,176,252,-11,0
176,309,0,208,304,-17,243,284,-24,244,250,-29,228,229,-31,246,247,-6,257,229,-23,243,255,-29,239,258,-32,222,239,-5,230,225,-23,219,257,-24,218,253,-22,198,236,-8,202,224,-29,196,255,-22,197,252,-13,171,235,-11,176,229,-23,176,252,-16,177,253,-8,0
177,308,0,207,303,-19,242,283,-28,244,249,-34,226,228,-37,248,246,-8,257,230,-25,244,255,-32,239,256,-35,223,237,-6,228,225,-24,219,258,-26,218,253,-24,197,235,-8,200,223,-30,196,256,-23,196,253,-14,169,234,-11,173,231,-24,174,254,-18,175,254,-10,0
179,306,0,207,301,-18,241,281,-27,247,248,-35,229,226,-41,247,245,-5,260,229,-21,256,235,-26,254,226,-28,221,235,-4,226,225,-21,218,257,-21,219,250,-16,196,232,-6,198,223,-27,195,254,-18,195,251,-7,169,233,-10,172,229,-23,174,251,-16,175,252,-8,0
177,306,0,206,302,-20,240,283,-30,247,249,-39,230,226,-45,247,247,-8,260,231,-26,253,245,-32,249,241,-34,222,237,-6,226,225,-24,218,258,-24,220,251,-19,197,234,-8,198,224,-29,195,255,-20,196,251,-9,170,234,-11,171,230,-24,173,253,-16,175,254,-8,0
178,307,0,208,302,-19,243,282,-27,245,249,-33,226,228,-36,246,244,-7,255,230,-25,242,253,-33,236,254,-36,220,236,-6,222,226,-24,214,258,-26,215,253,-24,195,234,-8,195,225,-29,192,255,-23,194,251,-14,169,235,-11,170,230,-23,172,252,-17,174,252,-9,0
181,304,0,209,300,-21,242,282,-30,244,251,-36,228,228,-40,250,244,-10,264,223,-25,266,211,-30,267,194,-31,223,234,-8,225,224,-26,217,255,-25,220,251,-20,198,231,-9,196,223,-32,193,254,-23,197,251,-12,171,232,-12,171,229,-26,174,252,-20,176,253,-12,0
180,305,0,210,301,-20,243,284,-29,244,251,-37,228,228,-42,250,244,-10,266,221,-25,268,208,-30,267,192,-31,224,236,-8,229,225,-27,220,256,-25,223,251,-19,199,233,-11,199,224,-33,195,255,-24,198,251,-13,171,234,-14,172,230,-29,175,253,-21,177,254,-13,0
175,308,0,208,303,-19,243,283,-27,243,249,-32,225,228,-34,246,246,-9,254,227,-26,241,253,-33,237,257,-37,221,237,-7,225,223,-27,216,257,-30,216,254,-28,196,235,-9,197,222,-32,193,255,-26,194,254,-16,169,234,-12,172,228,-26,173,252,-19,174,254,-11,0
177,306,0,208,301,-18,243,281,-25,243,248,-31,224,227,-33,246,244,-7,255,230,-24,242,253,-31,236,254,-34,221,235,-5,224,225,-24,215,257,-26,215,253,-24,196,233,-7,196,222,-29,193,254,-23,194,252,-14,169,233,-11,171,229,-24,172,251,-18,174,253,-10,0
182,305,0,210,298,-16,244,279,-24,247,249,-30,229,229,-35,251,244,-6,265,225,-18,267,215,-22,268,199,-24,225,234,-6,231,224,-21,222,254,-19,224,249,-15,200,232,-8,201,223,-28,198,253,-19,199,250,-9,172,233,-12,174,228,-25,176,250,-17,176,250,-9,0
179,304,0,207,300,-19,240,281,-28,242,247,-35,226,225,-39,249,245,-10,263,222,-26,259,221,-30,260,207,-32,223,236,-9,227,225,-28,218,257,-27,221,251,-22,197,233,-11,198,222,-35,194,254,-26,197,251,-14,169,233,-15,171,227,-29,173,249,-22,175,251,-14,0
176,306,0,207,299,-17,241,278,-26,245,247,-33,227,225,-36,248,245,-6,258,230,-24,244,252,-32,237,253,-35,223,235,-5,227,224,-24,217,256,-27,217,250,-25,198,232,-8,198,223,-30,194,254,-24,196,250,-15,171,231,-12,172,229,-25,173,251,-19,175,251,-12,0
178,306,0,208,299,-16,241,278,-24,244,246,-31,228,225,-34,249,245,-5,258,230,-23,245,252,-31,238,253,-34,224,235,-5,228,224,-24,218,255,-27,218,250,-25,199,232,-8,200,223,-30,195,254,-24,196,250,-15,171,232,-13,173,230,-26,174,252,-20,176,251,-12,0
181,304,0,208,298,-17,240,278,-24,243,248,-31,226,227,-35,250,244,-6,264,222,-21,264,213,-25,264,197,-27,224,234,-6,228,224,-23,219,253,-22,222,248,-18,199,232,-9,199,222,-30,195,252,-22,197,249,-11,172,232,-13,172,228,-26,174,249,-19,176,250,-11,0
177,306,0,208,300,-17,240,280,-26,243,248,-35,227,226,-40,249,244,-7,264,225,-27,250,246,-35,241,248,-37,223,236,-7,230,222,-27,220,255,-29,219,250,-26,198,234,-11,201,222,-34,196,254,-27,196,252,-17,170,234,-16,173,229,-30,175,252,-23,177,254,-14,0
179,304,0,208,298,-15,241,279,-23,243,247,-30,226,226,-35,248,244,-7,264,222,-22,259,223,-27,257,212,-29,222,236,-7,230,225,-25,220,255,-24,222,249,-20,198,234,-11,201,222,-33,196,254,-25,196,251,-14,170,234,-16,173,228,-29,175,250,-22,175,251,-13,0
178,305,0,208,301,-17,241,282,-26,243,249,-34,227,227,-38,250,244,-6,263,227,-24,253,244,-30,249,242,-32,224,236,-5,231,224,-24,221,255,-25,222,249,-21,199,233,-8,203,223,-31,198,254,-23,197,251,-14,173,233,-13,178,227,-25,178,249,-18,178,249,-10,0
179,306,0,207,300,-17,239,281,-26,243,249,-36,228,226,-42,250,246,-6,262,227,-21,258,232,-26,257,223,-28,223,237,-6,230,226,-23,221,257,-22,223,250,-17,198,234,-9,201,223,-30,197,254,-21,197,252,-11,170,234,-13,174,228,-26,176,249,-19,176,250,-11,0
179,305,0,207,300,-17,240,282,-26,243,250,-36,229,226,-42,249,246,-6,264,226,-21,265,221,-25,266,209,-26,223,237,-6,230,226,-23,221,257,-21,224,249,-16,199,234,-9,201,224,-31,196,255,-21,198,251,-10,171,233,-13,174,229,-26,175,251,-19,176,252,-11,0
178,305,0,208,301,-17,241,282,-27,242,248,-35,227,225,-39,249,246,-6,263,228,-24,254,243,-31,250,241,-33,223,237,-5,230,227,-24,221,258,-25,221,251,-21,199,234,-8,201,225,-31,197,256,-24,197,252,-14,171,234,-13,175,229,-26,176,252,-19,177,253,-11,0
177,307,0,207,303,-17,243,280,-24,244,246,-28,226,224,-29,246,247,-6,257,230,-23,244,255,-30,238,256,-33,222,238,-5,227,226,-23,218,259,-25,217,253,-24,197,235,-8,199,223,-30,194,256,-24,195,252,-16,169,234,-11,172,229,-24,173,252,-18,174,252,-11,0
179,305,0,206,300,-19,238,281,-28,243,248,-37,227,225,-43,249,244,-6,261,225,-21,259,221,-25,259,207,-27,223,235,-5,226,224,-22,218,255,-20,221,248,-15,198,233,-6,198,223,-27,195,253,-18,198,250,-7,171,233,-10,171,229,-23,173,249,-16,175,250,-8,0
179,306,0,207,299,-17,237,281,-27,241,249,-36,228,225,-42,249,244,-6,264,220,-21,265,209,-24,266,193,-25,224,237,-6,230,226,-22,221,256,-19,224,249,-13,199,235,-8,201,224,-29,198,254,-19,199,250,-8,172,235,-13,175,228,-25,177,248,-17,177,249,-9,0
175,307,0,206,302,-18,241,283,-26,242,249,-32,228,225,-35,246,245,-8,258,228,-26,244,254,-33,239,256,-37,222,236,-7,230,224,-26,219,257,-29,218,252,-27,198,234,-9,202,223,-32,196,256,-25,195,252,-17,171,233,-13,177,228,-26,177,252,-19,176,253,-12,0
176,305,0,207,301,-17,242,282,-25,244,249,-32,228,226,-35,247,246,-7,258,230,-24,245,254,-32,239,257,-35,223,237,-6,228,225,-24,219,258,-26,219,252,-24,198,234,-9,201,222,-30,197,254,-23,197,251,-15,170,233,-13,175,229,-26,176,251,-19,176,252,-12,0
178,306,0,208,302,-18,244,280,-25,245,246,-31,224,225,-33,246,245,-6,256,230,-23,243,255,-30,237,255,-34,222,237,-5,226,226,-22,217,258,-25,216,253,-23,197,235,-7,200,223,-28,196,255,-21,196,253,-13,171,235,-10,174,230,-23,175,251,-16,176,251,-9,0
181,304,0,208,300,-18,242,280,-26,244,247,-33,224,225,-36,249,246,-9,264,225,-23,262,220,-27,263,203,-30,224,237,-7,229,226,-25,221,256,-25,222,251,-21,199,234,-9,200,222,-30,197,254,-22,198,252,-12,172,235,-12,174,230,-26,176,252,-19,177,253,-11,0
179,306,0,208,301,-18,242,281,-27,243,248,-35,226,226,-40,249,246,-7,262,230,-25,251,249,-31,245,247,-34,223,237,-6,229,227,-25,220,259,-26,221,253,-24,198,235,-9,201,223,-31,197,255,-24,197,253,-14,171,235,-14,174,229,-26,176,251,-19,177,252,-11,0
182,305,0,208,300,-20,240,282,-30,243,250,-39,227,225,-45,251,245,-11,265,220,-25,268,204,-29,271,185,-30,225,236,-10,230,225,-26,221,257,-23,223,251,-17,200,233,-12,201,223,-32,197,253,-22,199,250,-11,172,234,-15,173,229,-29,176,250,-21,177,251,-13,0
177,307,0,208,301,-18,242,283,-29,245,250,-39,229,226,-45,249,245,-10,261,232,-29,250,253,-35,245,254,-38,223,237,-9,231,226,-29,220,260,-29,220,253,-26,198,234,-12,203,223,-35,197,256,-26,196,253,-16,171,234,-17,176,228,-30,177,251,-22,177,252,-14,0
180,305,0,207,300,-19,240,281,-27,244,250,-33,230,227,-36,251,245,-7,264,224,-21,265,215,-25,265,200,-27,224,236,-5,228,226,-21,220,256,-19,224,251,-14,200,233,-7,199,224,-28,196,254,-19,199,250,-9,172,234,-11,173,230,-23,175,251,-17,177,251,-9,0
178,306,0,208,301,-17,240,283,-26,243,250,-34,232,227,-38,250,246,-5,264,228,-23,255,240,-29,251,236,-30,224,238,-5,231,226,-23,221,258,-23,223,251,-17,200,235,-8,202,225,-31,197,255,-22,198,251,-11,173,235,-12,176,228,-25,177,251,-18,178,251,-9,0
181,305,0,211,298,-18,241,280,-27,240,248,-34,226,226,-39,250,245,-10,264,220,-25,265,208,-30,265,190,-32,224,237,-10,230,226,-28,221,256,-26,224,251,-22,198,235,-13,200,223,-35,197,254,-27,199,252,-16,170,235,-17,173,229,-31,175,250,-25,175,251,-17,0
178,305,0,207,301,-19,240,283,-29,243,252,-37,228,228,-44,249,245,-8,264,225,-23,265,219,-27,266,205,-29,223,237,-7,229,224,-25,221,255,-24,222,249,-19,199,235,-9,201,223,-31,196,253,-22,197,251,-11,172,235,-13,175,228,-26,176,250,-19,176,252,-11,0
177,306,0,206,300,-16,239,283,-25,243,251,-33,228,228,-39,248,247,-5,261,228,-19,260,227,-24,263,216,-26,223,238,-5,230,225,-23,221,255,-23,223,250,-18,198,235,-8,201,222,-30,197,253,-22,198,251,-11,171,235,-12,175,228,-26,176,250,-19,177,252,-11,0
178,306,0,208,299,-15,243,279,-21,244,247,-26,227,226,-28,248,246,-5,259,230,-21,245,253,-28,240,256,-32,223,238,-5,230,226,-22,219,256,-25,218,252,-24,198,235,-9,201,222,-29,196,253,-23,196,250,-15,171,234,-13,175,229,-25,175,250,-19,175,250,-12,0
177,306,0,208,299,-17,242,278,-24,243,247,-30,226,225,-32,247,246,-6,256,230,-22,243,253,-29,238,255,-33,223,237,-5,227,225,-22,218,257,-24,217,251,-22,198,234,-8,200,223,-27,196,253,-20,197,250,-12,171,234,-11,174,229,-22,175,250,-15,176,250,-8,0
179,303,0,207,298,-19,240,279,-28,243,247,-36,226,225,-40,251,246,-10,263,226,-26,257,231,-32,256,221,-35,226,235,-8,229,223,-27,220,254,-28,222,249,-24,201,232,-10,200,222,-32,196,252,-24,199,250,-14,174,231,-13,174,227,-26,175,249,-20,178,251,-12,0
178,304,0,208,299,-18,242,279,-26,243,247,-33,227,224,-36,249,246,-8,260,228,-26,246,252,-33,240,254,-36,225,238,-7,230,225,-26,220,257,-28,220,252,-26,199,235,-10,201,223,-32,196,255,-25,198,251,-17,172,234,-13,175,229,-26,176,251,-19,177,252,-12,0
177,304,0,207,298,-18,240,279,-26,243,248,-32,228,226,-35,249,246,-7,259,230,-25,246,250,-32,241,251,-35,225,236,-6,228,225,-25,218,256,-27,220,251,-24,200,233,-8,198,223,-31,194,253,-25,197,251,-16,172,231,-12,172,227,-25,173,250,-19,177,251,-12,0
178,304,0,207,298,-15,240,278,-23,244,247,-30,225,226,-34,247,245,-6,260,230,-24,247,252,-31,240,252,-33,223,236,-6,229,225,-24,218,257,-26,219,251,-23,198,234,-10,199,223,-31,195,253,-24,197,250,-15,171,233,-15,172,229,-26,174,249,-19,176,249,-12,0
180,303,0,207,297,-15,239,278,-23,242,248,-30,226,227,-35,248,244,-7,263,224,-22,260,222,-26,260,209,-28,223,236,-7,229,225,-24,220,254,-24,223,248,-20,198,233,-10,199,223,-31,196,252,-23,198,248,-13,171,234,-15,172,229,-27,174,249,-20,177,249,-12,0
177,304,0,207,301,-16,241,281,-25,244,249,-32,229,227,-34,249,246,-8,261,227,-26,247,252,-32,241,255,-34,224,238,-7,232,224,-27,221,257,-28,220,252,-25,199,235,-10,202,223,-32,197,255,-25,197,253,-15,172,234,-14,175,229,-27,176,252,-19,177,253,-11,0
177,305,0,207,301,-16,242,281,-24,243,248,-29,227,226,-31,247,247,-7,259,228,-24,245,254,-30,240,256,-33,223,238,-7,231,224,-25,221,258,-27,220,253,-25,198,236,-10,202,222,-31,197,255,-25,197,253,-16,170,235,-14,174,229,-26,175,252,-20,176,253,-12,0
179,305,0,208,300,-21,241,281,-29,243,250,-35,228,228,-38,251,245,-9,262,222,-25,259,215,-29,260,198,-31,225,236,-7,229,227,-25,220,257,-24,224,251,-20,200,233,-9,200,224,-31,196,255,-24,199,251,-14,172,233,-12,173,229,-26,175,250,-20,176,251,-13,0
178,307,0,208,303,-19,242,284,-28,243,253,-35,228,231,-39,249,245,-6,260,230,-23,250,246,-30,248,245,-33,224,237,-5,229,226,-24,219,257,-25,221,252,-22,199,235,-8,200,225,-30,195,256,-24,197,253,-14,173,234,-12,175,230,-25,176,252,-19,178,253,-11,0
175,310,0,205,304,-19,240,284,-28,241,252,-35,223,230,-39,244,247,-9,253,231,-27,241,257,-34,236,259,-38,219,239,-7,225,228,-26,215,260,-29,215,255,-28,194,238,-9,197,226,-31,193,258,-25,193,255,-17,167,237,-12,171,232,-25,172,254,-19,174,255,-11,0
175,309,0,203,304,-23,235,287,-36,239,256,-47,225,231,-56,249,243,-12,264,223,-29,265,212,-34,264,197,-35,221,236,-10,227,226,-29,216,258,-27,219,251,-20,196,234,-11,196,227,-35,191,258,-27,193,253,-15,168,234,-15,170,231,-30,172,255,-24,173,256,-16,0
174,308,0,203,303,-19,238,283,-27,238,250,-34,220,228,-37,239,245,-8,248,231,-25,237,256,-32,232,258,-35,216,237,-6,221,227,-24,212,260,-26,213,254,-25,192,235,-8,194,226,-28,190,257,-22,192,254,-14,166,235,-10,168,232,-22,170,254,-16,171,254,-9,0
172,309,0,200,307,-20,234,288,-30,237,254,-38,222,230,-42,243,251,-9,256,233,-28,242,258,-36,236,261,-39,219,242,-7,227,229,-27,216,262,-29,217,257,-26,194,238,-9,197,228,-32,192,260,-25,193,256,-16,167,236,-12,170,234,-26,171,257,-19,173,257,-12,0
171,308,0,200,303,-20,230,285,-32,234,254,-42,220,231,-49,244,249,-10,257,233,-30,247,248,-37,242,246,-40,218,240,-9,224,229,-29,214,261,-30,216,255,-26,193,237,-11,194,228,-34,189,259,-26,191,257,-16,165,236,-15,168,233,-29,168,255,-22,169,256,-14,0
171,311,0,200,307,-18,234,287,-26,234,254,-33,217,233,-37,240,252,-8,250,233,-26,237,258,-33,233,262,-35,216,244,-7,223,230,-25,213,262,-27,213,257,-24,192,241,-9,196,228,-30,190,259,-23,191,257,-14,165,239,-13,168,234,-25,169,255,-18,170,256,-10,0
171,311,0,199,307,-18,233,286,-26,236,254,-32,219,234,-35,239,250,-6,249,234,-23,237,257,-30,232,260,-33,215,241,-5,219,230,-22,211,262,-24,212,257,-22,190,238,-7,192,228,-28,189,259,-21,190,258,-13,163,237,-10,165,233,-23,167,255,-17,170,257,-9,0
172,312,0,201,305,-19,232,287,-28,234,255,-36,220,232,-41,242,251,-8,249,234,-26,236,258,-33,232,260,-36,218,242,-6,221,230,-24,211,262,-26,212,256,-23,194,238,-8,194,228,-29,189,258,-22,192,254,-13,167,237,-12,167,233,-23,168,254,-17,171,254,-10,0
171,311,0,199,307,-18,231,288,-27,233,256,-35,219,233,-38,241,252,-8,252,233,-27,238,257,-35,232,262,-38,216,243,-7,220,230,-26,211,262,-29,212,258,-26,191,241,-10,193,229,-32,188,259,-25,191,257,-16,164,240,-14,167,235,-27,168,256,-20,170,257,-13,0
175,313,0,200,308,-18,228,291,-30,230,263,-41,216,241,-50,241,254,-12,257,231,-26,264,216,-30,267,200,-32,216,245,-11,222,236,-28,214,264,-26,217,259,-21,191,243,-14,193,235,-34,190,263,-25,192,261,-14,164,245,-18,166,241,-32,169,261,-25,171,261,-17,0
171,317,0,200,314,-20,232,295,-30,233,263,-38,219,241,-42,242,258,-9,247,243,-29,236,268,-38,232,271,-42,218,249,-7,221,236,-27,212,269,-31,213,265,-28,193,245,-9,193,235,-32,189,267,-26,191,264,-17,166,245,-12,166,242,-27,168,264,-21,171,264,-14,0
138,318,0,176,315,-30,216,300,-46,247,292,-59,273,291,-70,201,233,-28,214,190,-50,221,164,-56,226,138,-59,173,232,-24,160,221,-48,162,261,-43,172,263,-34,146,235,-24,133,232,-51,141,268,-39,154,267,-25,122,241,-27,111,238,-44,122,265,-36,130,271,-25,0
136,319,0,173,319,-28,213,304,-44,243,294,-56,268,293,-67,200,239,-29,213,195,-51,221,170,-59,226,144,-63,172,237,-25,160,225,-50,160,264,-46,169,267,-38,146,239,-26,133,235,-53,140,270,-41,152,270,-28,121,245,-29,112,241,-47,121,269,-40,130,275,-30,0
136,318,0,172,318,-28,213,304,-43,242,295,-55,267,292,-66,200,239,-29,213,196,-52,220,170,-60,225,144,-64,172,237,-25,159,224,-50,160,264,-46,169,267,-38,145,240,-26,132,234,-53,140,270,-41,151,271,-27,121,245,-29,111,241,-47,120,269,-39,129,275,-29,0
134,319,0,171,320,-30,210,305,-46,241,295,-58,267,292,-68,198,240,-31,212,197,-55,219,171,-65,224,144,-69,171,238,-26,157,226,-52,158,266,-48,167,269,-40,144,240,-26,130,235,-55,138,271,-43,150,272,-29,120,245,-29,109,242,-47,119,270,-39,129,277,-29,0
133,319,0,170,320,-31,210,305,-46,241,294,-59,267,293,-68,198,240,-31,211,196,-55,219,170,-64,224,144,-69,171,239,-25,157,225,-51,158,266,-46,168,269,-37,145,241,-25,130,235,-53,138,271,-41,151,272,-26,120,246,-28,109,242,-46,119,270,-37,129,277,-27,0
133,320,0,171,319,-31,210,305,-46,240,296,-58,266,293,-68,198,240,-31,211,197,-56,219,172,-65,224,145,-70,170,238,-25,156,225,-50,157,265,-44,167,268,-35,144,240,-25,129,235,-51,136,271,-39,150,269,-25,120,245,-27,108,242,-43,118,269,-35,128,275,-25,0
134,319,0,171,319,-31,211,305,-46,241,296,-58,267,293,-66,198,239,-31,210,196,-56,219,171,-66,225,145,-70,170,238,-25,156,225,-49,158,266,-43,169,268,-34,144,240,-24,129,236,-51,137,271,-38,151,270,-24,120,246,-27,108,243,-43,119,269,-35,129,275,-25,0
134,321,0,171,320,-29,209,306,-45,239,296,-58,266,293,-69,198,240,-30,211,197,-55,219,172,-64,224,145,-68,171,238,-26,159,226,-49,160,266,-44,170,267,-35,145,241,-26,131,236,-52,139,272,-39,152,269,-25,121,247,-29,109,243,-45,120,270,-35,129,276,-25,0
135,321,0,171,320,-29,210,305,-45,240,295,-58,267,293,-68,198,240,-30,211,196,-54,219,171,-63,224,144,-68,171,238,-26,159,226,-50,160,266,-45,170,267,-36,145,241,-26,132,236,-52,140,272,-40,153,270,-25,121,247,-29,110,243,-45,121,269,-36,130,275,-25,0
135,320,0,172,320,-29,212,306,-45,241,296,-58,266,295,-68,198,240,-31,211,196,-54,219,171,-62,224,144,-67,170,237,-26,158,227,-51,159,266,-47,168,269,-39,144,240,-26,131,237,-53,139,272,-41,151,271,-28,120,245,-29,110,244,-46,120,270,-38,129,276,-28,0
136,319,0,173,319,-29,213,305,-44,242,297,-57,267,294,-67,198,239,-30,211,195,-53,219,170,-61,224,144,-65,170,237,-26,158,227,-51,160,266,-48,168,269,-40,144,240,-26,131,238,-53,139,273,-42,151,272,-29,120,246,-29,111,245,-46,121,271,-39,130,276,-30,0
134,321,0,173,321,-32,212,306,-47,242,297,-59,268,294,-68,198,241,-31,212,197,-54,220,171,-62,225,144,-65,171,240,-25,159,226,-49,159,266,-45,168,269,-36,144,242,-25,132,237,-52,140,273,-40,151,272,-26,120,248,-27,111,243,-44,121,270,-36,130,276,-26,0
134,322,0,172,321,-30,211,306,-46,241,296,-58,267,294,-68,198,241,-31,212,197,-54,219,171,-63,224,144,-67,170,240,-25,157,226,-51,157,265,-47,166,269,-38,144,242,-25,130,237,-53,137,273,-41,150,273,-27,120,248,-28,109,243,-46,118,270,-38,128,277,-27,0
134,321,0,171,321,-29,211,306,-45,241,296,-57,267,294,-67,198,242,-31,211,199,-56,218,173,-66,224,146,-71,171,239,-26,157,228,-51,158,268,-46,169,270,-38,145,242,-26,130,236,-53,138,272,-41,152,272,-26,121,247,-29,108,244,-46,119,271,-38,129,278,-27,0
134,321,0,171,320,-31,210,306,-46,240,296,-58,267,295,-68,198,241,-31,211,198,-56,218,173,-66,224,146,-71,171,239,-26,156,227,-50,158,267,-45,169,269,-36,145,241,-26,130,237,-53,138,273,-40,152,271,-26,121,247,-29,108,244,-45,119,271,-36,130,277,-26,0
135,321,0,171,320,-30,210,305,-46,241,296,-59,267,295,-69,198,241,-31,211,198,-56,219,173,-65,224,145,-70,172,238,-26,157,228,-50,158,267,-46,169,269,-37,146,240,-25,131,236,-52,138,272,-40,152,270,-26,121,245,-28,110,243,-45,120,270,-37,130,276,-27,0
135,321,0,172,320,-30,211,305,-45,241,296,-57,267,295,-67,198,241,-31,211,197,-55,219,172,-65,224,145,-70,172,238,-26,158,227,-50,159,267,-46,168,269,-37,146,240,-26,131,236,-52,139,272,-41,152,271,-27,121,245,-29,110,242,-45,120,269,-37,130,276,-27,0
135,323,0,172,321,-30,211,305,-45,241,296,-57,267,296,-66,198,241,-30,211,197,-54,219,172,-62,224,145,-66,171,240,-24,156,227,-50,157,267,-45,169,269,-36,146,242,-24,129,237,-51,137,273,-39,152,272,-25,122,247,-27,108,243,-44,118,271,-36,130,278,-25,0
135,322,0,173,321,-29,212,305,-44,241,295,-57,267,296,-67,199,240,-28,211,196,-50,219,171,-58,225,145,-62,172,238,-23,158,227,-48,159,267,-43,170,268,-34,146,240,-23,131,237,-50,139,273,-38,153,271,-23,122,245,-26,110,244,-43,120,271,-34,131,277,-24,0
135,321,0,172,320,-27,212,305,-43,241,295,-56,266,293,-67,199,240,-28,212,196,-50,220,171,-57,225,146,-60,172,238,-24,161,228,-48,161,267,-44,169,268,-35,146,240,-24,133,238,-51,140,272,-38,152,271,-24,122,245,-28,112,243,-44,121,270,-36,130,276,-25,0
136,321,0,172,320,-29,211,306,-45,241,296,-58,266,293,-68,199,241,-30,212,197,-53,220,172,-61,225,146,-65,172,238,-26,160,229,-50,159,267,-46,168,269,-38,145,240,-26,132,237,-52,139,272,-40,151,271,-27,121,245,-29,111,243,-46,121,270,-38,130,276,-27,0
135,320,0,172,320,-31,211,305,-47,241,296,-59,267,294,-68,199,241,-32,212,197,-56,219,172,-66,225,144,-71,172,239,-25,157,227,-50,158,268,-46,169,271,-37,146,240,-24,131,236,-52,138,272,-40,152,272,-25,122,244,-26,110,240,-44,119,268,-36,129,276,-26,0
135,320,0,172,320,-31,209,306,-48,240,297,-61,267,295,-71,199,241,-32,212,198,-57,219,172,-68,225,145,-73,172,238,-26,157,228,-51,158,268,-46,169,271,-38,146,240,-25,130,236,-52,137,271,-40,152,271,-26,122,244,-27,109,241,-45,119,269,-36,129,276,-26,0
135,320,0,172,321,-30,210,306,-45,240,296,-57,267,294,-66,199,240,-29,212,196,-52,220,171,-60,225,144,-63,173,238,-24,161,227,-48,162,268,-43,171,267,-34,147,240,-24,134,238,-51,141,274,-38,153,270,-24,123,245,-27,112,243,-43,122,270,-35,131,274,-25,0
135,320,0,172,320,-30,210,305,-45,241,296,-56,266,292,-65,199,240,-31,212,196,-54,220,171,-63,225,145,-66,173,238,-26,160,228,-50,160,267,-45,169,268,-36,147,239,-25,133,237,-52,140,272,-40,153,270,-26,122,243,-28,111,242,-45,121,269,-37,131,274,-27,0
135,320,0,173,319,-29,211,304,-45,240,294,-58,266,292,-68,198,240,-30,211,197,-53,219,171,-62,224,145,-66,171,236,-26,158,227,-50,159,265,-46,167,266,-38,144,238,-26,131,237,-52,139,271,-41,151,269,-27,120,244,-29,110,244,-46,120,270,-38,130,275,-29,0
135,321,0,172,319,-30,210,305,-46,239,295,-60,265,292,-71,198,239,-29,211,196,-52,219,172,-59,224,145,-63,171,236,-24,158,226,-48,159,265,-44,169,266,-36,145,238,-24,130,237,-50,138,273,-39,151,270,-25,120,244,-27,109,244,-44,119,270,-36,129,275,-26,0
136,320,0,172,320,-30,210,305,-46,238,294,-59,265,291,-69,199,238,-30,212,195,-53,219,170,-61,225,144,-65,172,236,-25,157,226,-50,159,266,-46,169,268,-38,145,238,-24,130,235,-52,138,271,-40,152,270,-26,121,243,-27,110,241,-45,120,269,-38,130,275,-28,0
136,319,0,172,319,-30,210,305,-45,239,295,-58,266,291,-68,199,238,-30,212,195,-53,219,170,-61,225,145,-65,172,236,-24,158,227,-49,159,266,-44,169,267,-36,146,237,-24,131,236,-51,138,272,-39,152,270,-25,122,242,-26,110,242,-44,120,269,-36,130,274,-27,0
136,320,0,172,319,-30,209,304,-45,240,295,-58,266,291,-67,199,239,-31,212,196,-55,219,171,-64,224,144,-69,171,238,-26,159,226,-50,160,266,-45,169,267,-37,145,240,-25,131,235,-52,138,271,-40,151,269,-26,121,246,-28,110,242,-44,120,269,-36,129,275,-25,0
135,320,0,171,320,-30,209,304,-46,239,294,-59,266,290,-69,198,240,-31,212,196,-57,219,171,-67,224,144,-71,171,239,-26,158,226,-51,159,266,-46,169,268,-37,145,241,-26,131,235,-53,138,271,-41,151,270,-26,121,247,-28,110,241,-45,120,269,-35,129,275,-24,0
134,319,0,170,318,-30,210,304,-46,240,294,-59,267,292,-70,198,238,-30,211,194,-53,218,169,-61,222,142,-65,171,235,-25,159,225,-49,159,264,-44,169,266,-36,145,237,-25,132,235,-52,139,271,-40,152,269,-26,120,243,-29,110,241,-45,121,269,-36,130,274,-26,0
134,319,0,171,319,-30,210,305,-46,240,294,-58,266,291,-68,198,239,-31,211,194,-55,218,169,-63,222,142,-67,171,236,-27,158,225,-51,158,265,-46,168,266,-38,144,238,-27,131,234,-54,139,270,-42,151,269,-28,120,243,-30,110,241,-47,120,268,-38,130,274,-28,0
135,318,0,172,318,-30,210,304,-46,240,294,-58,266,292,-68,199,238,-32,211,194,-56,218,168,-64,222,141,-68,171,236,-27,158,226,-52,159,265,-47,168,266,-39,145,239,-27,131,234,-55,139,270,-42,152,269,-28,120,244,-30,110,241,-47,120,268,-39,130,274,-28,0
135,318,0,172,318,-29,211,304,-45,240,294,-57,267,291,-67,199,238,-31,211,194,-55,218,168,-63,222,141,-67,172,236,-26,159,226,-51,159,265,-47,168,267,-38,145,238,-26,133,234,-54,139,270,-42,152,269,-28,120,243,-29,111,240,-47,121,268,-38,130,274,-28,0
135,317,0,171,319,-29,210,305,-43,239,293,-55,265,290,-64,199,239,-30,211,195,-54,218,169,-62,223,143,-66,171,236,-25,157,227,-49,157,266,-44,167,268,-34,145,237,-25,130,235,-53,138,271,-41,150,271,-26,120,243,-28,109,240,-45,119,268,-37,129,275,-27,0
133,318,0,170,319,-30,209,304,-45,239,293,-57,266,290,-66,198,238,-30,210,195,-54,218,169,-63,223,143,-67,171,236,-25,157,227,-48,158,267,-42,168,267,-33,145,237,-24,130,236,-51,138,272,-39,151,269,-25,120,242,-27,109,242,-44,119,269,-35,129,275,-25,0
133,318,0,169,319,-29,208,305,-45,238,294,-57,265,290,-67,197,239,-30,210,195,-54,217,170,-63,221,143,-67,171,236,-25,159,227,-49,158,265,-44,167,266,-36,144,238,-25,132,235,-52,139,270,-40,151,268,-26,120,243,-28,111,242,-45,121,269,-37,130,275,-26,0
132,319,0,169,319,-29,207,305,-45,238,294,-58,265,290,-68,197,240,-31,209,196,-56,217,170,-66,221,144,-71,170,238,-26,157,227,-51,157,265,-46,166,267,-38,144,240,-26,131,235,-54,138,271,-42,150,270,-28,120,245,-30,110,242,-47,120,269,-38,129,276,-27,0
133,319,0,170,319,-31,208,305,-48,239,295,-62,266,292,-72,197,240,-32,209,196,-57,216,170,-66,221,144,-71,169,239,-27,155,225,-51,156,265,-46,167,266,-37,143,241,-26,128,235,-53,136,271,-40,149,270,-26,119,246,-28,107,242,-45,117,269,-37,128,276,-27,0
133,319,0,169,318,-31,208,305,-47,239,294,-60,266,290,-71,197,239,-31,209,196,-55,216,170,-65,221,143,-69,169,238,-26,155,225,-50,156,265,-44,167,267,-35,143,240,-25,128,235,-51,136,271,-39,150,270,-25,119,246,-27,107,242,-44,117,269,-36,127,276,-26,0
134,319,0,169,319,-31,209,304,-47,239,293,-59,267,292,-69,197,238,-30,209,194,-54,216,169,-62,220,142,-66,169,236,-24,156,226,-48,158,266,-43,169,266,-33,143,238,-24,129,236,-51,138,272,-39,151,270,-24,119,244,-26,108,243,-43,119,270,-34,129,276,-24,0
134,319,0,170,319,-30,209,305,-46,239,294,-59,265,291,-68,198,237,-31,210,193,-55,216,168,-64,220,141,-68,170,235,-26,157,226,-50,159,266,-44,169,266,-35,144,238,-25,130,235,-53,138,272,-40,152,269,-26,119,243,-28,108,243,-45,120,270,-36,130,275,-26,0
134,318,0,171,319,-29,208,305,-46,238,295,-61,266,290,-73,197,239,-32,210,194,-57,217,168,-66,220,142,-71,170,236,-28,157,226,-53,157,265,-48,166,266,-39,143,239,-29,131,236,-56,138,271,-43,150,268,-28,119,245,-32,109,243,-49,119,270,-40,129,275,-29,0
134,318,0,171,319,-30,208,306,-47,238,295,-62,266,291,-74,197,240,-32,210,194,-57,217,168,-67,220,141,-71,170,237,-28,157,226,-54,157,265,-49,166,266,-41,143,240,-29,130,236,-56,138,271,-44,150,269,-29,119,246,-32,109,243,-49,119,269,-40,129,275,-30,0
133,318,0,170,319,-29,208,304,-45,238,293,-58,266,291,-69,198,238,-30,210,194,-55,216,170,-63,221,143,-68,171,235,-26,159,227,-50,159,266,-45,167,265,-37,144,237,-27,132,235,-53,139,271,-40,150,268,-27,119,243,-30,110,244,-47,120,271,-39,129,275,-29,0
134,318,0,170,319,-29,208,304,-45,238,293,-58,266,291,-70,198,239,-30,209,194,-54,216,170,-63,221,143,-68,170,236,-26,159,227,-51,159,266,-46,167,266,-38,143,238,-27,132,235,-54,139,271,-42,150,269,-27,118,244,-31,110,244,-48,121,271,-40,129,276,-29,0
133,318,0,171,319,-28,209,303,-42,239,292,-54,265,290,-64,197,239,-29,209,194,-51,216,169,-59,220,142,-63,170,236,-24,158,227,-48,158,266,-43,167,267,-35,144,238,-24,132,236,-50,138,271,-39,150,269,-25,119,244,-27,110,243,-45,120,270,-37,129,275,-28,0
132,319,0,168,319,-30,206,305,-46,237,293,-59,264,289,-69,196,239,-32,209,195,-57,216,169,-66,220,143,-70,169,237,-27,155,226,-51,156,266,-45,166,267,-35,142,239,-26,129,236,-53,136,271,-40,149,269,-25,118,245,-29,107,243,-46,118,270,-37,128,276,-26,0
132,319,0,168,319,-31,205,305,-48,237,294,-61,264,290,-72,195,239,-32,208,195,-57,216,169,-66,221,143,-70,168,236,-27,154,225,-50,156,265,-44,166,266,-35,142,238,-26,127,236,-52,136,271,-39,149,268,-25,117,244,-29,106,244,-45,117,270,-36,128,275,-25,0
132,317,0,169,318,-31,207,304,-47,237,293,-60,265,289,-70,197,238,-31,210,194,-55,216,169,-63,221,143,-67,170,235,-26,156,226,-50,157,265,-44,167,266,-35,144,237,-26,130,236,-53,137,271,-40,150,268,-26,119,242,-29,108,242,-45,119,269,-37,129,274,-26,0
133,317,0,170,318,-30,208,304,-46,238,293,-59,265,290,-69,197,238,-31,210,194,-55,216,170,-63,220,143,-67,170,234,-26,158,227,-51,158,267,-45,167,266,-37,143,236,-27,131,236,-53,138,271,-41,150,268,-27,118,242,-30,109,242,-47,119,269,-39,129,274,-29,0
132,319,0,169,318,-30,207,304,-46,238,293,-60,265,290,-71,196,239,-31,209,195,-55,216,168,-64,220,142,-68,170,236,-26,155,227,-51,156,265,-46,165,267,-37,143,238,-26,129,236,-53,136,270,-41,149,269,-27,119,243,-29,108,242,-46,118,269,-38,128,275,-28,0
133,319,0,170,318,-30,207,304,-46,238,292,-60,264,289,-72,196,239,-31,208,194,-55,216,169,-64,220,142,-69,169,236,-27,156,226,-52,157,265,-47,165,267,-38,143,238,-27,130,236,-54,137,270,-42,149,269,-28,118,244,-30,108,243,-47,119,269,-38,128,275,-28,0
134,319,0,170,319,-30,208,305,-46,238,294,-60,264,291,-71,197,239,-32,209,195,-56,216,169,-65,220,143,-69,170,236,-27,156,226,-52,157,265,-47,166,266,-37,143,238,-27,129,235,-54,137,271,-42,150,269,-27,119,244,-30,108,242,-47,119,269,-38,129,275,-28,0
134,319,0,170,319,-30,208,305,-47,237,293,-60,264,290,-71,197,239,-32,209,195,-56,216,170,-65,221,143,-69,170,236,-27,156,226,-51,157,265,-46,166,266,-37,143,238,-27,129,235,-54,137,271,-41,150,269,-27,119,244,-30,108,242,-46,119,269,-37,129,274,-27,0
132,318,0,168,318,-29,207,304,-45,237,293,-58,263,289,-69,195,238,-32,209,195,-56,216,169,-66,220,142,-71,167,236,-27,154,225,-52,154,265,-48,163,268,-39,141,239,-27,127,235,-54,134,271,-42,146,271,-28,116,245,-30,106,243,-47,116,270,-39,126,276,-29,0
131,319,0,168,318,-29,207,304,-45,237,293,-58,263,289,-69,196,238,-30,209,194,-53,216,169,-61,220,143,-66,168,235,-25,154,226,-49,155,265,-45,165,267,-36,142,238,-25,126,235,-51,134,270,-39,148,269,-25,118,244,-28,105,243,-44,116,269,-36,127,276,-26,0
131,320,0,167,318,-34,204,303,-52,233,291,-66,260,285,-78,193,235,-32,205,193,-55,213,168,-62,218,142,-66,166,234,-25,155,226,-49,156,264,-44,164,262,-35,140,237,-23,128,236,-50,135,270,-38,146,266,-24,116,242,-25,106,241,-41,116,267,-33,125,271,-23,0
131,319,0,167,318,-31,203,304,-49,232,292,-63,259,286,-75,193,237,-31,206,194,-55,213,170,-63,219,144,-66,167,233,-26,154,226,-50,154,264,-45,162,263,-37,140,236,-25,127,236,-52,134,271,-40,146,267,-26,117,241,-28,106,243,-44,116,270,-35,127,273,-25,0
131,319,0,167,318,-31,203,304,-48,232,292,-63,259,286,-74,193,237,-31,206,194,-55,213,169,-64,219,143,-68,166,235,-26,153,226,-51,154,264,-47,162,263,-39,140,237,-26,126,236,-53,133,271,-41,146,268,-27,116,243,-29,105,243,-45,116,270,-37,126,274,-26,0
131,319,0,167,317,-32,203,304,-51,232,292,-67,259,287,-81,194,237,-32,206,194,-55,214,169,-63,219,143,-67,166,233,-27,154,226,-52,154,264,-47,162,264,-39,140,235,-26,127,238,-52,134,271,-40,146,267,-27,115,241,-29,106,244,-45,116,270,-37,126,273,-27,0
132,319,0,167,317,-32,203,304,-51,232,292,-67,258,286,-81,194,237,-32,206,194,-55,214,169,-63,219,143,-67,166,234,-26,152,225,-52,153,263,-48,163,263,-39,140,237,-26,125,238,-53,133,271,-41,146,268,-27,115,243,-29,104,245,-46,115,270,-37,126,274,-27,0
131,319,0,167,317,-31,205,304,-48,235,292,-63,261,286,-75,194,237,-30,206,193,-52,213,168,-59,218,142,-63,167,234,-24,156,227,-48,156,265,-44,164,264,-35,141,237,-23,129,236,-50,136,270,-38,148,267,-24,116,242,-26,107,242,-42,117,268,-34,126,272,-24,0
131,319,0,167,318,-30,206,303,-47,235,291,-61,260,289,-74,194,237,-30,206,193,-53,213,168,-61,218,142,-65,166,235,-26,154,226,-51,154,264,-47,163,265,-38,140,238,-26,127,235,-53,135,270,-40,146,267,-26,115,244,-29,106,242,-46,116,268,-37,125,273,-27,0
131,319,0,167,317,-31,204,303,-48,233,292,-62,259,286,-74,194,237,-31,207,193,-54,214,168,-61,219,142,-65,167,234,-26,154,226,-50,155,264,-45,164,264,-36,141,237,-25,128,236,-52,135,271,-40,147,267,-26,116,244,-28,106,245,-45,117,270,-37,127,274,-27,0
131,320,0,167,317,-30,204,303,-47,233,292,-61,259,287,-73,195,237,-30,207,193,-53,214,168,-60,219,142,-63,167,235,-26,155,226,-50,156,264,-45,164,263,-37,140,238,-26,129,237,-52,136,271,-40,148,267,-26,116,244,-29,107,245,-45,117,271,-38,127,274,-28,0
131,318,0,167,317,-30,204,303,-47,234,291,-62,260,287,-74,193,237,-31,206,194,-55,214,169,-64,219,144,-68,166,235,-26,155,226,-51,155,264,-47,163,265,-38,140,238,-26,129,235,-54,136,270,-41,147,268,-27,115,243,-29,107,242,-46,117,269,-37,126,274,-27,0
131,318,0,166,317,-30,204,304,-48,233,292,-63,260,287,-76,193,237,-31,206,194,-55,214,170,-64,219,144,-68,166,235,-26,154,226,-51,155,264,-47,163,264,-38,140,238,-26,128,236,-53,135,270,-41,146,267,-26,115,244,-29,106,243,-45,117,269,-36,126,274,-25,0
132,318,0,166,316,-30,203,303,-47,233,292,-63,259,286,-76,193,237,-30,205,194,-52,213,169,-60,218,143,-65,166,234,-25,154,227,-50,155,264,-47,163,264,-39,140,237,-25,128,237,-52,135,270,-39,147,268,-26,116,243,-29,107,243,-45,117,269,-37,126,273,-27,0
132,318,0,166,317,-30,203,304,-48,233,292,-63,259,285,-76,193,237,-30,206,194,-53,213,168,-61,218,142,-65,166,234,-25,154,227,-51,155,264,-47,163,264,-39,141,237,-25,128,236,-52,135,270,-40,147,268,-25,117,242,-28,107,242,-45,117,268,-37,127,273,-26,0
131,319,0,166,318,-32,201,304,-51,231,292,-67,259,286,-81,193,237,-32,206,194,-56,214,168,-64,218,143,-68,165,235,-26,152,226,-52,152,265,-47,162,265,-37,139,238,-25,125,237,-53,132,271,-40,145,268,-25,114,245,-28,103,244,-45,113,270,-36,124,275,-25,0
131,319,0,165,318,-33,201,305,-52,232,293,-68,259,285,-82,193,237,-32,206,193,-56,214,168,-63,219,142,-67,166,234,-26,153,226,-51,154,264,-46,163,263,-36,140,236,-24,127,237,-52,134,271,-39,146,266,-25,115,241,-26,105,243,-43,115,269,-34,125,272,-24,0
131,319,0,165,317,-32,202,304,-50,232,292,-65,258,284,-77,193,236,-31,206,194,-54,214,170,-61,219,144,-65,166,233,-25,155,226,-49,155,263,-44,163,261,-35,140,235,-24,128,236,-50,135,270,-38,146,265,-25,116,240,-26,107,243,-42,116,269,-34,125,272,-24,0
131,318,0,166,317,-32,202,304,-50,232,292,-65,258,285,-77,193,236,-31,206,194,-54,214,169,-62,219,143,-66,165,234,-26,154,225,-49,155,263,-45,163,262,-36,140,236,-25,127,236,-51,134,270,-39,146,266,-25,115,242,-27,106,243,-43,116,269,-34,125,273,-24,0
132,318,0,167,317,-31,205,304,-49,233,291,-64,259,284,-75,193,236,-32,206,194,-56,213,169,-65,218,143,-69,166,234,-27,156,226,-51,156,265,-46,163,263,-38,140,236,-26,129,235,-53,136,270,-41,147,265,-27,115,242,-29,107,243,-45,117,268,-36,126,271,-26,0
132,319,0,167,317,-32,203,304,-51,232,292,-67,257,284,-80,192,236,-32,205,194,-55,213,169,-62,218,142,-66,164,233,-26,154,224,-50,154,262,-46,161,261,-38,139,236,-25,127,235,-52,134,269,-40,145,265,-26,115,242,-27,106,241,-43,115,267,-35,124,271,-24,0
131,318,0,166,316,-31,202,303,-49,231,291,-65,257,284,-77,192,236,-32,205,193,-55,213,169,-62,218,143,-65,165,233,-26,152,226,-51,153,264,-46,162,263,-37,139,236,-25,125,236,-52,133,270,-39,146,266,-25,115,242,-28,104,243,-44,115,269,-36,125,272,-26,0
131,318,0,165,317,-33,201,304,-51,230,293,-67,257,284,-80,192,236,-32,205,193,-55,213,169,-63,219,143,-67,165,233,-27,156,226,-51,156,263,-46,163,262,-38,139,236,-26,128,236,-52,135,270,-40,146,266,-27,115,242,-28,106,241,-44,116,267,-36,124,271,-26,0
131,318,0,166,316,-32,201,304,-51,230,293,-67,257,284,-80,192,236,-32,205,193,-55,213,169,-63,218,143,-67,164,233,-27,155,225,-51,155,263,-47,162,262,-39,138,236,-26,127,236,-53,134,270,-41,145,266,-28,114,242,-28,105,242,-45,115,268,-37,124,272,-27,0
131,318,0,166,315,-30,203,302,-47,232,291,-62,258,283,-75,191,236,-29,205,193,-50,214,168,-58,219,142,-62,164,233,-25,155,225,-48,155,262,-46,162,263,-39,139,236,-24,128,237,-50,135,269,-39,146,267,-26,115,243,-27,107,243,-43,116,269,-36,125,272,-26,0
131,318,0,166,316,-30,203,302,-47,232,290,-62,257,283,-75,192,235,-30,205,193,-51,214,168,-59,219,143,-63,164,233,-25,155,225,-50,155,262,-47,161,263,-40,139,237,-25,128,236,-52,135,269,-41,145,267,-28,115,244,-28,107,243,-45,116,268,-37,125,273,-28,0
131,318,0,166,316,-30,202,303,-48,231,291,-64,256,282,-77,193,236,-31,205,193,-54,213,168,-62,217,142,-66,165,232,-27,153,226,-52,154,264,-49,161,264,-41,139,235,-27,126,237,-53,134,270,-41,145,267,-28,114,241,-30,104,244,-46,115,270,-39,125,273,-29,0
131,318,0,166,316,-30,202,303,-48,231,291,-63,256,282,-76,192,235,-30,205,193,-52,213,169,-59,218,143,-62,165,231,-25,154,227,-49,155,264,-46,162,263,-38,139,234,-25,127,237,-51,135,270,-39,146,266,-26,114,240,-28,105,244,-44,115,269,-37,125,272,-27,0
130,319,0,164,318,-34,199,304,-53,230,293,-69,257,284,-82,192,237,-33,205,195,-56,213,170,-64,219,144,-68,165,234,-26,152,227,-52,152,265,-48,161,265,-39,139,236,-25,125,236,-53,132,270,-40,144,268,-26,115,241,-27,103,242,-45,113,268,-37,124,274,-27,0
129,319,0,164,318,-34,200,305,-53,230,294,-69,257,286,-82,191,237,-33,204,195,-58,212,170,-67,218,144,-71,165,235,-27,153,227,-52,154,265,-47,163,264,-39,140,237,-25,126,236,-53,132,271,-40,145,267,-26,116,242,-27,104,241,-44,114,268,-36,124,273,-25,0
131,318,0,166,317,-31,202,303,-49,231,291,-64,258,285,-77,192,236,-31,205,193,-55,213,168,-63,218,142,-66,165,233,-26,153,225,-51,153,263,-46,161,263,-37,139,236,-26,126,236,-52,133,270,-40,145,266,-26,115,243,-28,105,243,-44,115,269,-36,125,273,-25,0
132,319,0,167,317,-31,202,303,-50,231,292,-65,256,283,-78,192,235,-31,205,193,-54,213,168,-62,218,143,-65,164,233,-26,152,225,-51,153,263,-47,161,262,-39,138,236,-26,125,237,-53,133,270,-41,145,266,-27,114,243,-28,104,243,-45,114,269,-37,124,273,-27,0
131,318,0,166,315,-30,202,302,-48,231,290,-64,257,284,-77,192,235,-29,205,194,-50,213,170,-58,218,144,-62,164,233,-24,155,225,-48,155,262,-45,162,262,-38,139,236,-24,128,236,-50,135,270,-39,145,267,-26,114,243,-27,106,243,-43,116,269,-36,125,273,-26,0
132,318,0,167,315,-30,203,302,-48,231,290,-63,257,284,-76,192,235,-29,205,194,-51,213,169,-59,218,143,-63,165,233,-25,155,224,-50,155,262,-47,161,263,-40,138,237,-25,129,236,-52,135,270,-41,145,267,-27,114,244,-28,106,243,-45,116,269,-38,125,273,-28,0
130,318,0,165,316,-33,200,303,-52,230,291,-67,256,282,-79,192,236,-32,205,193,-55,213,168,-63,218,143,-67,165,233,-26,152,225,-50,153,263,-45,162,263,-36,139,235,-24,126,236,-51,133,270,-39,145,266,-24,115,241,-27,104,243,-43,115,268,-35,124,271,-25,0
129,319,0,164,317,-31,201,304,-49,230,291,-64,256,283,-77,189,236,-32,202,193,-55,210,167,-64,215,141,-68,161,234,-26,151,223,-52,151,261,-48,158,262,-40,136,238,-26,125,235,-53,132,269,-41,142,267,-27,112,245,-28,103,241,-46,113,267,-38,122,272,-28,0
128,317,0,163,315,-33,199,302,-51,229,290,-67,255,282,-80,189,236,-33,201,193,-57,209,168,-65,214,141,-70,162,233,-27,150,225,-52,150,263,-47,159,263,-39,136,236,-26,123,236,-52,131,270,-40,143,266,-26,112,242,-28,102,242,-45,112,268,-36,122,272,-26,0
127,321,0,161,318,-33,197,303,-52,228,291,-67,254,281,-80,187,238,-33,199,197,-55,207,171,-63,212,145,-67,161,237,-26,149,226,-50,150,264,-45,158,264,-37,135,240,-24,123,238,-50,130,271,-38,142,268,-25,112,245,-25,102,244,-43,111,270,-35,121,274,-26,0
127,318,0,161,315,-31,195,300,-50,224,287,-66,252,277,-80,187,236,-31,198,194,-54,206,168,-63,212,141,-68,160,234,-26,150,225,-51,149,262,-47,156,262,-39,135,237,-25,124,236,-51,130,269,-39,141,266,-25,111,242,-27,102,241,-44,111,267,-36,120,271,-27,0
127,320,0,161,317,-31,195,302,-50,226,289,-65,253,280,-78,187,239,-31,198,197,-54,206,171,-62,210,144,-67,161,237,-25,152,226,-49,151,264,-44,158,263,-36,135,240,-25,126,237,-50,133,270,-37,143,266,-24,111,246,-27,103,245,-44,113,270,-37,121,273,-27,0
126,316,0,159,313,-34,193,299,-53,224,285,-69,252,275,-82,186,234,-33,198,193,-57,206,167,-67,210,140,-72,160,232,-26,148,222,-50,149,260,-45,158,259,-37,135,235,-23,122,232,-50,129,266,-37,141,263,-23,111,239,-25,101,238,-42,110,265,-34,120,269,-24,0
127,319,0,160,315,-31,193,300,-49,224,287,-65,251,278,-78,187,237,-30,198,195,-52,206,171,-60,211,145,-64,161,235,-25,151,225,-49,151,263,-44,158,261,-35,136,238,-24,126,236,-50,132,269,-37,142,265,-23,112,244,-27,103,243,-44,112,268,-36,121,272,-26,0
125,316,0,159,312,-31,194,296,-49,226,284,-64,253,276,-76,184,234,-30,196,192,-53,203,168,-61,209,141,-66,159,232,-25,147,222,-49,148,260,-45,156,260,-36,134,236,-24,122,232,-51,129,267,-39,141,264,-25,110,242,-27,100,238,-45,110,265,-37,120,270,-27,0
258,418,0,230,379,9,231,341,12,246,316,13,264,304,14,231,322,-9,215,276,-19,205,248,-24,196,228,-26,258,318,-16,261,263,-29,261,230,-37,260,205,-41,282,322,-20,292,287,-32,296,284,-33,297,284,-29,301,329,-23,312,289,-31,321,267,-29,327,249,-24,0
261,419,0,231,375,10,233,337,9,252,320,9,273,310,9,233,321,-19,219,277,-27,207,253,-29,196,232,-30,262,319,-26,259,263,-37,256,230,-41,255,205,-42,290,327,-30,310,287,-39,321,261,-45,331,242,-47,310,342,-30,304,333,-31,287,343,-25,280,356,-21,0
260,418,0,231,375,9,233,337,9,251,319,8,272,309,7,232,321,-18,217,277,-26,205,252,-28,195,230,-30,260,319,-25,259,265,-35,257,233,-40,256,209,-42,287,328,-30,308,289,-40,320,263,-46,330,245,-49,308,342,-32,304,335,-34,290,346,-30,284,358,-27,0
260,418,0,232,375,9,234,337,9,253,319,8,275,310,8,233,321,-19,219,278,-27,207,254,-29,196,233,-30,261,321,-26,260,265,-38,257,232,-42,255,207,-45,288,329,-30,310,289,-41,321,263,-46,331,244,-47,309,343,-31,306,329,-31,290,340,-25,283,353,-20,0
262,419,0,233,375,10,237,336,10,258,320,11,280,311,10,232,320,-18,217,277,-24,205,252,-25,194,230,-25,260,319,-26,256,264,-37,253,232,-42,250,207,-44,288,326,-30,309,286,-41,321,259,-47,331,240,-50,310,339,-30,306,325,-32,290,337,-26,283,351,-22,0
262,419,0,234,375,9,236,336,8,257,320,8,279,311,7,233,321,-19,217,277,-27,205,252,-28,193,230,-29,260,320,-27,255,265,-39,252,232,-44,249,206,-46,287,328,-31,309,287,-43,321,260,-50,330,240,-52,309,340,-32,308,326,-34,294,337,-28,287,351,-24,0
263,421,0,235,377,8,239,339,6,260,321,5,280,309,4,234,326,-24,218,282,-34,205,255,-38,193,233,-40,260,326,-32,254,267,-45,250,231,-51,247,204,-55,288,332,-35,311,287,-47,321,259,-53,329,240,-56,312,342,-36,312,326,-38,297,338,-32,290,352,-28,0
265,418,0,238,377,8,240,339,7,258,318,6,276,304,5,235,324,-23,221,280,-31,208,256,-33,196,235,-33,260,323,-29,255,266,-44,250,232,-50,247,205,-53,288,329,-32,311,287,-46,320,259,-51,329,239,-53,312,341,-32,314,327,-34,302,338,-27,297,352,-22,0
269,414,0,239,376,6,242,338,3,256,313,2,269,297,1,238,322,-28,223,280,-39,207,256,-43,194,235,-45,263,323,-33,257,267,-48,251,233,-54,247,208,-58,291,331,-34,312,287,-46,322,259,-50,331,240,-52,314,343,-32,314,327,-33,300,339,-26,293,351,-21,0
268,417,0,239,377,5,244,339,1,264,317,0,283,303,-3,238,323,-27,222,280,-38,208,255,-41,194,233,-43,263,324,-33,257,269,-47,252,236,-53,247,211,-56,291,331,-35,312,288,-47,321,260,-53,329,241,-55,313,343,-34,312,327,-37,298,338,-31,292,352,-26,0
265,419,0,238,376,11,244,339,10,266,320,9,287,308,8,237,322,-21,222,279,-31,207,254,-34,195,232,-36,262,323,-30,256,269,-44,252,235,-51,248,209,-55,290,332,-34,313,288,-46,323,262,-51,331,244,-52,314,345,-35,316,326,-35,302,336,-28,296,349,-23,0
266,419,0,239,376,8,243,337,6,261,315,6,280,301,4,237,323,-23,222,279,-32,208,254,-35,195,232,-37,262,324,-29,257,270,-44,252,237,-50,248,211,-54,289,332,-33,313,288,-45,323,261,-51,331,243,-53,313,344,-33,317,325,-35,304,336,-29,299,349,-24,0
268,419,0,239,378,10,245,340,8,267,320,8,287,307,7,239,323,-21,222,281,-30,208,256,-33,196,234,-35,263,322,-28,255,269,-41,251,235,-48,248,210,-51,291,329,-31,312,287,-43,324,259,-50,334,240,-53,315,342,-31,319,327,-32,307,338,-26,303,352,-22,0
266,419,0,239,377,9,246,339,7,269,318,5,290,305,4,238,323,-24,222,281,-33,207,255,-37,195,233,-39,261,324,-31,255,270,-46,251,236,-54,248,210,-58,289,332,-34,312,288,-48,324,259,-55,334,240,-58,314,345,-34,317,327,-37,305,338,-31,299,351,-27,0
268,419,0,239,378,10,245,340,8,266,319,7,285,306,6,239,323,-22,222,281,-30,208,256,-33,196,234,-35,263,322,-28,255,268,-42,250,234,-48,247,209,-52,291,330,-31,312,287,-44,323,259,-50,333,240,-53,315,342,-31,318,327,-32,306,339,-27,302,353,-22,0
266,418,0,239,377,7,243,338,4,262,316,3,281,302,1,237,324,-24,221,279,-34,206,253,-37,194,232,-39,263,324,-31,257,270,-44,251,236,-51,247,211,-54,290,331,-34,312,288,-47,322,261,-54,330,242,-58,313,343,-34,317,330,-38,306,340,-35,301,352,-32,0
267,417,0,240,376,8,242,337,6,260,314,5,277,300,4,237,324,-22,221,280,-31,207,255,-33,194,234,-34,263,323,-28,256,270,-41,250,236,-46,247,211,-49,291,330,-31,312,287,-43,322,260,-50,330,242,-53,316,342,-31,320,327,-34,310,337,-29,307,349,-26,0
267,418,0,241,378,6,244,338,4,258,312,4,270,294,3,239,325,-21,223,281,-31,209,256,-34,196,235,-36,262,325,-27,256,270,-42,251,236,-49,246,210,-53,289,332,-30,312,289,-44,324,261,-50,332,241,-52,313,344,-31,319,326,-35,309,336,-30,304,348,-25,0
267,417,0,239,378,7,245,339,5,265,318,4,284,305,3,238,324,-23,223,280,-30,209,255,-31,197,233,-31,263,324,-29,256,269,-43,252,236,-48,247,210,-50,291,332,-31,313,288,-45,324,260,-51,332,241,-52,314,345,-30,315,325,-33,302,338,-26,296,353,-21,0
267,418,0,240,378,9,245,340,7,268,321,6,287,311,5,238,323,-19,222,280,-27,208,255,-28,196,234,-29,263,322,-27,256,268,-39,251,234,-43,247,210,-46,290,330,-31,313,287,-43,324,260,-49,332,242,-50,314,344,-32,317,324,-33,305,337,-26,300,352,-21,0
267,417,0,240,377,8,245,339,6,268,320,5,289,308,4,238,325,-18,224,282,-26,210,257,-28,198,236,-29,263,324,-25,257,270,-36,251,237,-41,246,211,-44,290,330,-29,313,287,-39,323,261,-46,331,242,-49,315,341,-30,319,325,-31,308,337,-25,304,351,-21,0
266,420,0,239,378,8,246,339,6,267,320,5,289,308,3,239,325,-21,224,281,-30,210,256,-34,197,235,-36,263,326,-29,259,271,-42,253,237,-49,248,211,-53,290,333,-33,313,289,-46,324,262,-52,331,244,-55,313,345,-35,314,327,-37,300,339,-32,293,352,-28,0
266,420,0,240,378,12,244,340,12,263,320,12,282,308,11,239,324,-17,224,282,-25,210,257,-27,197,236,-29,263,324,-25,258,269,-38,252,236,-44,247,210,-47,290,331,-30,314,288,-42,325,262,-47,333,243,-49,314,345,-32,319,327,-33,308,336,-26,303,349,-20,0
267,420,0,240,378,9,245,339,8,264,318,7,284,306,6,239,325,-21,225,280,-30,210,255,-32,197,233,-34,263,325,-28,258,270,-42,253,237,-48,247,212,-51,290,332,-32,314,289,-44,324,262,-49,332,243,-51,313,345,-33,317,328,-34,303,339,-27,297,353,-22,0
266,420,0,240,379,11,244,340,10,262,318,10,280,303,10,239,326,-19,224,281,-27,210,256,-29,197,235,-29,262,326,-27,257,271,-41,252,237,-47,246,212,-49,289,334,-31,314,289,-45,325,262,-49,332,243,-50,312,348,-33,319,326,-34,308,337,-27,303,351,-21,0
269,419,0,240,378,9,245,341,7,268,322,7,286,308,7,240,323,-25,224,279,-32,209,254,-33,197,232,-33,265,323,-29,257,271,-44,252,239,-50,249,215,-53,293,332,-30,313,290,-44,324,262,-51,336,241,-53,315,345,-26,313,328,-27,299,340,-21,295,354,-16,0
268,418,0,240,377,10,245,340,9,266,321,9,282,307,9,239,322,-21,224,280,-29,209,256,-31,196,234,-32,265,323,-28,257,270,-42,252,238,-48,249,213,-52,292,332,-30,314,289,-44,325,262,-50,335,243,-52,315,345,-29,315,324,-30,301,335,-23,297,348,-17,0
268,420,0,241,379,7,244,340,5,264,318,4,283,305,2,238,325,-21,222,281,-29,208,256,-32,195,235,-33,263,326,-28,257,270,-40,252,236,-46,247,210,-49,291,333,-32,314,289,-44,324,262,-50,331,244,-52,314,345,-33,319,324,-35,308,335,-28,303,349,-23,0
266,418,0,239,377,9,248,341,7,274,326,6,296,315,5,238,324,-24,223,282,-33,208,257,-35,194,236,-36,263,325,-30,256,270,-42,250,237,-48,247,212,-51,290,333,-32,312,290,-44,323,262,-49,332,242,-51,313,345,-32,313,329,-31,299,342,-23,295,357,-18,0
265,420,0,240,379,10,247,342,9,272,327,8,294,318,8,237,324,-20,223,282,-28,208,257,-31,195,236,-33,262,324,-27,256,270,-39,250,237,-44,245,212,-47,290,332,-30,313,288,-40,323,262,-44,332,243,-45,313,345,-30,317,326,-28,305,338,-19,300,352,-12,0
266,420,0,240,379,9,244,341,7,264,321,5,283,309,2,239,322,-19,224,279,-29,210,255,-33,197,234,-35,263,322,-27,258,270,-41,253,238,-48,248,214,-50,290,331,-32,313,290,-45,324,263,-51,333,243,-53,314,345,-34,321,329,-37,312,340,-31,309,353,-26,0
269,418,0,242,377,6,245,337,3,258,310,2,272,292,1,237,323,-22,222,281,-31,209,256,-34,196,234,-36,262,325,-28,256,273,-41,252,241,-47,248,217,-51,290,333,-30,313,290,-44,324,262,-51,333,243,-53,314,346,-30,320,324,-34,309,333,-28,305,346,-24,0
268,414,0,241,375,7,244,336,5,259,310,5,272,292,5,237,320,-21,223,280,-29,208,257,-31,194,236,-32,262,322,-27,255,270,-40,251,237,-47,247,212,-50,289,331,-29,312,289,-43,323,262,-50,332,243,-52,313,344,-29,317,324,-32,306,334,-27,301,347,-23,0
268,415,0,240,375,5,244,335,2,262,311,0,278,295,0,238,320,-22,224,280,-32,209,256,-36,195,236,-39,262,323,-29,257,272,-43,252,239,-50,247,214,-55,290,332,-31,313,289,-46,325,261,-53,334,243,-56,314,345,-32,319,323,-37,309,332,-32,304,344,-29,0
266,419,0,240,378,9,249,339,7,275,322,7,297,313,6,240,324,-19,226,283,-26,211,259,-28,198,237,-30,264,324,-27,258,272,-39,252,239,-46,248,213,-50,290,332,-30,314,290,-43,324,262,-51,333,242,-55,312,345,-31,316,328,-34,303,340,-29,298,354,-25,0
268,420,0,241,381,10,247,344,9,270,326,9,290,315,10,241,325,-21,226,281,-28,211,257,-29,198,235,-29,266,325,-27,259,270,-39,252,237,-44,248,212,-46,293,332,-29,314,290,-41,324,262,-47,332,242,-49,315,343,-28,314,327,-28,299,340,-20,294,355,-15,0
270,420,0,241,381,9,243,342,8,251,313,9,256,290,11,241,325,-22,226,282,-31,210,256,-33,197,235,-33,266,326,-27,260,272,-41,255,240,-46,251,217,-48,293,334,-28,314,293,-40,324,265,-45,333,246,-46,314,346,-26,315,329,-27,301,340,-20,295,353,-14,0
270,419,0,241,381,9,242,342,9,250,314,10,257,292,12,240,325,-21,225,282,-29,210,257,-31,197,236,-31,265,325,-26,259,271,-39,253,239,-44,250,215,-46,292,332,-27,314,291,-39,324,264,-44,333,246,-44,314,345,-25,316,328,-26,302,338,-19,297,352,-14,0
269,419,0,240,379,6,242,340,5,257,315,4,272,298,3,240,324,-22,224,282,-32,209,257,-36,196,236,-38,265,324,-28,259,270,-42,253,238,-48,248,213,-51,292,332,-30,314,290,-43,324,263,-48,333,245,-50,314,345,-30,317,328,-33,305,339,-27,300,351,-22,0
269,420,0,240,380,7,243,341,5,263,320,4,283,307,2,240,324,-21,225,282,-30,210,257,-34,197,236,-36,265,324,-27,259,271,-41,254,239,-47,249,214,-50,292,331,-30,314,289,-43,325,263,-48,333,245,-50,314,345,-30,317,327,-33,304,338,-26,299,352,-22,0
266,423,0,241,380,9,247,340,8,267,319,7,285,308,7,239,325,-20,224,282,-29,210,257,-32,196,235,-33,261,328,-28,258,272,-41,254,238,-47,249,212,-50,288,335,-33,313,292,-45,323,265,-51,331,246,-53,312,347,-34,315,326,-36,302,339,-29,295,354,-23,0
265,423,0,241,380,12,247,340,13,265,319,13,282,306,14,238,325,-18,224,282,-25,210,257,-27,196,236,-28,261,328,-26,257,271,-39,253,237,-44,249,212,-46,287,335,-31,313,291,-42,324,265,-46,331,246,-47,312,348,-33,317,325,-31,305,338,-22,299,353,-15,0
265,423,0,241,379,10,247,339,9,268,319,8,287,308,8,239,325,-20,224,281,-27,210,257,-29,196,236,-30,261,327,-28,257,271,-41,253,237,-46,248,211,-49,287,335,-33,313,292,-45,323,265,-50,331,245,-52,312,348,-35,316,326,-35,303,339,-28,297,354,-22,0
268,422,0,241,380,9,245,339,10,258,315,11,266,296,13,239,323,-19,225,281,-25,211,258,-26,197,237,-26,264,324,-25,259,272,-38,254,240,-44,250,215,-46,291,332,-27,314,290,-41,325,262,-47,334,242,-48,314,345,-26,315,324,-28,300,335,-21,294,349,-16,0
268,421,0,241,380,10,244,339,10,259,315,12,270,297,14,239,323,-19,225,280,-24,211,257,-24,197,236,-24,264,325,-25,258,272,-37,252,240,-42,248,215,-45,291,333,-26,314,290,-39,324,262,-46,334,242,-48,314,344,-25,314,323,-27,300,335,-20,294,349,-15,0
271,419,0,242,381,9,241,340,10,245,309,13,248,285,17,240,325,-19,225,281,-27,210,256,-28,196,235,-28,265,325,-24,259,269,-36,253,237,-40,248,213,-41,293,331,-24,314,288,-35,324,261,-38,332,243,-39,316,343,-21,318,324,-20,305,336,-12,301,349,-6,0
270,420,0,241,380,9,242,339,9,252,311,11,262,292,12,241,324,-21,225,280,-31,210,255,-33,196,234,-34,265,325,-26,260,271,-40,255,240,-46,250,216,-48,292,333,-27,314,291,-40,325,262,-45,335,242,-47,314,345,-25,316,327,-27,302,339,-20,296,352,-15,0
269,421,0,240,379,10,244,341,9,264,321,8,282,306,8,240,325,-22,225,282,-31,209,258,-34,195,237,-35,264,327,-30,259,271,-43,253,238,-49,248,212,-52,291,335,-33,313,290,-46,323,263,-52,332,243,-54,313,348,-33,314,328,-35,299,340,-28,294,355,-23,0
267,421,0,241,379,12,246,340,12,265,320,13,279,305,14,239,325,-19,225,282,-27,211,258,-28,197,237,-29,263,326,-27,258,271,-39,253,238,-45,249,214,-47,291,333,-30,314,289,-42,324,262,-46,332,243,-48,313,346,-29,316,326,-29,302,338,-21,297,353,-15,0
267,420,0,241,378,11,247,340,10,267,320,11,283,307,11,240,324,-20,225,281,-28,210,257,-30,197,236,-31,264,325,-27,258,271,-39,253,239,-44,250,215,-46,291,332,-29,314,289,-41,324,262,-46,333,243,-48,313,344,-29,315,327,-28,301,340,-20,297,355,-15,0
266,421,0,241,380,10,246,343,9,267,325,8,288,315,7,240,325,-20,226,281,-28,211,257,-31,197,236,-32,263,326,-28,259,272,-40,254,240,-46,248,215,-48,289,334,-32,314,292,-44,324,264,-50,332,244,-52,312,347,-33,316,331,-35,302,344,-29,296,359,-24,0
267,421,0,241,380,10,245,343,9,267,325,9,287,314,8,239,325,-20,225,281,-28,210,257,-30,197,236,-30,264,326,-28,259,272,-39,253,239,-44,247,214,-47,290,334,-31,314,292,-43,323,264,-48,331,245,-51,313,347,-32,316,330,-33,303,343,-26,298,358,-21,0
265,423,0,240,381,9,246,343,8,269,325,8,289,314,6,239,327,-21,225,283,-29,211,258,-31,198,235,-32,263,327,-28,257,272,-43,253,238,-50,249,211,-54,290,335,-32,313,292,-46,324,264,-53,333,243,-55,313,347,-33,313,329,-35,299,341,-29,293,355,-24,0
265,425,0,240,380,13,248,342,13,271,327,13,290,317,13,239,326,-17,224,282,-24,210,257,-25,198,235,-26,263,326,-25,257,271,-39,252,238,-46,249,213,-49,290,334,-29,312,291,-42,323,264,-48,333,243,-50,313,347,-30,314,330,-30,299,341,-23,294,354,-17,0
265,424,0,240,380,13,246,342,13,267,325,14,286,315,14,239,325,-18,224,281,-26,210,256,-27,197,235,-28,263,326,-26,257,270,-41,253,238,-46,249,213,-48,290,334,-30,313,291,-43,323,264,-48,333,243,-49,313,347,-31,313,329,-30,298,340,-23,292,353,-17,0
267,421,0,241,379,13,245,341,14,261,321,15,275,307,16,239,325,-20,225,280,-29,211,256,-32,196,236,-33,262,326,-27,258,270,-42,252,238,-47,247,215,-49,290,333,-30,315,288,-42,325,261,-45,334,241,-44,314,346,-30,319,324,-27,305,337,-16,300,352,-8,0
268,420,0,241,380,7,246,340,5,266,319,5,285,306,4,239,326,-24,224,282,-33,209,257,-35,196,235,-36,263,326,-30,258,271,-45,253,239,-51,248,214,-54,291,333,-31,314,289,-45,325,261,-51,334,241,-53,313,345,-30,313,325,-32,298,337,-26,291,351,-21,0
268,421,0,241,379,6,247,341,2,270,321,0,291,311,-1,240,328,-28,225,283,-37,210,258,-40,196,237,-42,265,330,-34,259,273,-47,253,240,-53,247,215,-57,293,337,-35,316,290,-48,325,263,-54,333,245,-57,315,347,-34,316,324,-36,301,335,-29,296,350,-25,0
268,421,0,242,380,7,247,342,5,268,323,4,290,313,2,240,329,-24,224,283,-32,210,258,-34,197,237,-35,264,329,-31,258,272,-43,251,238,-48,245,213,-51,292,336,-33,315,290,-45,324,263,-50,331,244,-51,315,347,-33,318,324,-34,304,336,-26,298,351,-20,0
271,417,0,241,377,8,243,339,7,259,316,7,272,300,7,240,324,-25,225,280,-34,210,256,-35,196,235,-36,264,324,-30,258,269,-45,253,237,-51,249,212,-54,291,332,-32,313,291,-46,323,263,-51,333,243,-53,314,344,-30,314,326,-31,300,338,-24,294,353,-18,0
268,420,0,241,379,8,246,342,6,271,326,5,295,319,3,240,327,-22,224,282,-30,210,257,-33,196,235,-34,265,326,-29,259,272,-42,253,240,-48,248,215,-51,293,333,-32,314,291,-45,324,263,-51,333,243,-54,316,346,-33,317,328,-35,304,340,-29,299,353,-24,0
269,420,0,240,381,10,244,344,10,264,325,10,283,313,10,240,326,-21,224,283,-30,209,257,-32,197,235,-33,265,325,-27,258,272,-40,253,239,-46,248,215,-48,293,332,-29,314,289,-40,324,262,-45,333,244,-47,316,344,-28,317,327,-27,304,338,-20,300,352,-14,0
269,420,0,242,382,8,243,344,7,258,320,8,271,302,9,240,327,-21,225,283,-29,211,257,-30,200,236,-30,264,325,-26,258,270,-40,253,237,-45,249,213,-46,291,332,-28,313,291,-40,324,263,-45,333,242,-47,313,344,-26,314,329,-27,300,342,-21,294,356,-16,0
270,420,0,241,382,6,244,344,4,260,321,3,275,306,3,239,326,-23,224,283,-33,210,258,-35,197,237,-36,264,324,-28,259,270,-42,254,238,-47,249,214,-49,292,331,-29,313,291,-41,324,262,-46,332,242,-47,314,344,-27,314,330,-28,299,342,-22,294,356,-17,0
266,422,0,239,379,10,247,341,9,271,325,8,294,318,7,238,324,-20,223,281,-29,208,257,-32,195,236,-34,262,325,-28,258,271,-41,253,239,-47,249,215,-50,290,333,-32,313,289,-44,324,262,-50,333,243,-52,312,346,-33,312,329,-34,298,341,-27,293,355,-23,0
266,423,0,240,380,13,245,341,13,266,323,13,286,312,13,238,324,-17,224,281,-25,210,257,-28,197,236,-29,262,325,-25,257,271,-37,253,239,-42,249,215,-44,289,333,-30,314,289,-41,324,263,-46,333,244,-47,313,347,-32,316,328,-31,303,340,-23,298,354,-17,0
265,423,0,240,379,12,247,341,12,271,326,11,293,317,11,238,324,-18,223,281,-26,209,257,-28,197,236,-29,262,325,-27,257,271,-39,253,239,-44,248,215,-46,289,333,-31,313,290,-43,324,262,-48,333,242,-49,313,347,-32,315,328,-31,301,340,-23,296,356,-17,0
267,421,0,241,379,8,244,340,7,261,318,6,277,304,5,238,325,-22,224,281,-31,210,256,-35,196,234,-36,263,326,-29,259,271,-43,254,239,-49,249,213,-52,290,334,-32,313,291,-45,323,264,-50,332,246,-51,314,346,-33,315,325,-34,302,337,-26,297,351,-21,0
268,420,0,242,378,8,245,340,5,262,319,4,278,304,2,239,325,-25,224,282,-35,210,257,-39,196,235,-40,263,327,-31,258,272,-46,254,239,-52,250,214,-55,290,334,-34,313,291,-47,323,265,-52,331,246,-54,314,346,-34,315,326,-36,301,338,-28,296,352,-23,0
264,423,0,239,380,10,247,342,8,272,328,6,296,319,4,240,326,-20,226,283,-29,211,258,-32,198,236,-35,262,326,-28,258,272,-42,253,241,-48,247,217,-51,288,333,-33,313,291,-45,325,264,-51,334,244,-53,311,346,-35,315,330,-36,302,344,-29,297,359,-24,0
268,422,0,241,380,11,244,340,11,260,317,13,276,302,14,239,326,-20,224,281,-27,210,256,-29,197,235,-30,263,327,-26,258,272,-39,253,240,-44,247,217,-46,291,334,-28,314,290,-40,324,263,-44,333,244,-45,314,346,-27,316,325,-26,301,337,-18,296,351,-12,0
269,421,0,241,381,8,245,342,6,265,320,7,283,306,7,239,327,-25,224,282,-32,210,257,-34,196,236,-34,264,328,-30,257,272,-44,251,239,-49,247,214,-51,292,335,-31,314,290,-44,324,262,-49,333,243,-50,315,347,-30,317,325,-30,303,337,-21,298,352,-15,0
268,422,0,241,382,10,246,346,9,269,327,9,290,316,9,240,328,-23,224,283,-32,210,258,-33,197,236,-34,265,327,-30,258,272,-45,253,239,-51,249,214,-55,292,334,-32,314,291,-45,324,263,-51,333,244,-52,313,346,-31,313,327,-31,298,340,-23,293,353,-18,0
266,424,0,241,382,13,246,345,13,270,328,14,291,318,14,239,327,-20,224,282,-26,210,257,-28,197,235,-28,264,327,-27,258,272,-41,253,239,-46,249,215,-49,291,334,-31,314,291,-43,324,263,-48,333,244,-49,314,346,-31,315,326,-29,300,339,-20,296,354,-14,0
265,425,0,240,381,14,242,341,16,253,318,17,265,300,19,239,326,-13,225,283,-21,211,258,-24,198,237,-25,262,327,-23,258,271,-34,253,238,-39,248,213,-40,288,335,-28,313,291,-39,324,264,-43,332,244,-43,312,349,-31,318,330,-31,307,339,-23,303,352,-16,0
266,422,0,240,380,10,241,340,10,251,314,10,263,295,10,239,328,-17,224,283,-28,210,257,-32,198,236,-34,263,328,-26,259,272,-39,254,240,-44,248,215,-46,290,335,-31,314,291,-43,325,264,-47,332,244,-48,312,348,-33,324,329,-36,319,334,-30,318,343,-24,0
267,420,0,240,379,9,241,339,10,252,313,11,264,294,12,238,326,-16,224,283,-25,210,258,-28,198,237,-29,263,326,-24,257,272,-36,252,239,-41,246,214,-43,289,333,-28,312,290,-39,323,264,-44,330,245,-46,312,346,-30,318,329,-32,310,337,-26,306,347,-21,0
267,419,0,240,378,9,247,341,7,273,326,6,295,316,5,239,326,-25,226,282,-31,211,258,-32,197,236,-33,264,325,-30,256,271,-43,250,239,-49,246,214,-52,292,332,-31,313,290,-43,323,263,-49,333,243,-51,313,344,-30,312,328,-29,297,342,-22,293,357,-17,0
267,418,0,240,379,9,247,341,8,270,325,8,291,315,8,239,324,-21,225,282,-27,211,257,-28,198,236,-28,264,323,-27,257,270,-38,251,239,-43,247,215,-45,292,330,-29,313,289,-39,323,262,-44,333,242,-46,314,343,-27,313,327,-26,298,340,-18,295,356,-12,0
266,420,0,240,378,9,247,340,8,272,323,7,293,315,7,239,324,-21,226,281,-29,212,256,-31,198,235,-32,263,326,-28,258,272,-41,253,241,-48,248,217,-51,289,334,-31,314,291,-44,324,264,-50,333,245,-53,312,347,-32,314,328,-33,300,341,-27,294,354,-23,0
266,419,0,241,377,9,247,340,7,268,321,7,288,310,6,239,324,-21,226,281,-29,212,257,-31,199,235,-32,262,326,-29,258,272,-42,252,240,-47,248,216,-50,289,334,-32,313,291,-45,323,265,-51,332,246,-53,312,347,-32,315,327,-35,302,338,-29,296,351,-24,0
266,422,0,241,380,9,247,342,8,268,322,7,287,309,7,239,326,-20,225,283,-28,211,258,-30,198,236,-31,264,327,-28,258,272,-41,252,239,-47,248,214,-50,291,335,-31,314,292,-44,325,264,-50,334,245,-53,314,348,-32,315,328,-34,300,339,-29,295,352,-24,0
266,421,0,241,379,9,248,340,7,269,323,6,289,314,5,239,323,-20,225,281,-27,211,257,-29,198,236,-31,263,324,-27,257,272,-39,251,241,-44,247,217,-48,290,333,-31,313,290,-43,323,263,-50,333,245,-53,313,346,-32,315,330,-34,301,343,-28,297,359,-24,0
266,420,0,241,378,8,248,340,6,273,325,5,294,317,3,239,322,-20,225,280,-27,210,257,-29,197,236,-31,263,323,-27,257,272,-38,251,241,-45,247,217,-48,290,332,-31,312,290,-43,323,263,-50,333,244,-54,313,346,-32,313,330,-34,299,344,-29,296,359,-25,0
269,420,0,241,381,8,245,344,8,267,325,8,288,314,8,239,327,-21,225,283,-28,211,258,-29,198,237,-29,264,326,-27,256,272,-39,250,239,-42,246,215,-44,291,333,-30,312,291,-41,322,264,-45,330,245,-46,314,346,-29,318,325,-29,305,336,-20,300,351,-14,0
268,421,0,240,381,6,247,343,4,274,325,3,296,315,2,239,328,-27,226,283,-35,211,258,-36,197,236,-37,264,329,-32,256,274,-45,250,241,-51,247,216,-54,291,336,-33,313,291,-47,323,264,-53,332,245,-55,314,347,-31,314,326,-33,299,339,-26,294,354,-21,0
269,420,0,240,383,9,243,344,8,263,322,9,279,307,10,239,327,-22,225,283,-29,210,258,-30,197,236,-29,264,327,-27,255,272,-40,250,240,-43,246,215,-44,292,334,-29,313,291,-41,322,264,-45,331,245,-45,314,346,-27,318,326,-27,305,338,-18,299,352,-11,0
268,421,0,240,381,9,245,344,7,267,325,7,287,313,6,239,326,-22,225,283,-29,210,259,-31,197,237,-32,263,326,-28,255,272,-41,250,239,-47,246,214,-50,290,333,-31,312,291,-43,322,265,-48,331,246,-50,312,346,-31,313,327,-32,299,338,-24,294,352,-19,0
267,421,0,240,381,10,245,343,9,264,323,9,281,310,9,238,325,-21,225,282,-30,211,259,-32,196,238,-33,262,326,-29,256,272,-42,250,239,-47,245,214,-50,289,334,-32,313,291,-43,323,265,-48,331,246,-49,312,347,-32,315,327,-32,301,339,-24,295,352,-18,0
267,421,0,240,380,9,244,342,7,263,322,6,281,309,5,239,325,-23,224,281,-31,210,257,-33,198,236,-34,262,326,-30,256,272,-44,251,239,-50,248,214,-53,289,334,-33,313,292,-46,323,265,-51,331,246,-52,312,347,-33,315,327,-34,301,339,-27,296,354,-21,0
266,420,0,240,380,9,245,343,8,264,323,7,283,311,6,239,324,-20,224,281,-28,210,257,-29,197,236,-30,262,325,-28,256,271,-41,250,238,-46,247,214,-48,289,333,-31,312,291,-44,322,264,-48,331,246,-49,312,347,-32,315,327,-33,303,339,-24,298,353,-18,0
268,421,0,240,380,5,244,342,3,268,324,1,289,313,0,240,327,-25,225,283,-34,210,259,-36,197,237,-38,266,327,-31,258,273,-43,252,241,-49,248,216,-53,293,334,-33,313,291,-46,323,264,-52,332,245,-55,314,345,-31,312,324,-34,298,337,-28,294,352,-23,0
264,420,0,240,377,11,247,340,9,270,325,8,292,318,6,239,325,-19,225,282,-27,211,257,-29,198,236,-30,262,325,-28,255,272,-40,251,239,-46,247,215,-48,288,333,-33,312,291,-45,323,265,-50,332,247,-51,312,347,-35,316,329,-36,303,341,-29,298,356,-23,0
264,421,0,240,379,10,247,341,9,268,325,7,290,317,5,239,325,-18,225,283,-27,211,257,-30,199,236,-31,262,326,-27,256,273,-40,251,240,-46,247,216,-49,288,333,-33,313,292,-44,324,266,-49,332,249,-51,312,347,-36,315,330,-37,303,341,-31,298,356,-26,0
266,421,0,240,381,8,245,341,8,261,319,8,276,303,8,238,325,-19,225,282,-26,211,257,-28,199,236,-29,263,325,-25,256,272,-36,251,241,-41,247,217,-43,291,333,-27,312,291,-39,323,264,-44,333,245,-46,314,347,-27,317,331,-28,304,343,-22,299,358,-17,0
267,421,0,240,382,7,245,341,5,261,317,5,275,299,5,238,326,-22,225,283,-30,211,258,-32,197,237,-33,263,327,-27,256,273,-39,251,241,-44,247,217,-46,291,335,-28,312,291,-41,323,264,-47,333,245,-49,315,348,-27,317,330,-30,303,342,-24,298,358,-19,0
267,422,0,240,382,7,243,341,6,253,312,7,259,290,8,239,326,-22,226,283,-30,211,259,-32,197,238,-32,264,327,-26,256,273,-39,251,240,-44,247,216,-46,291,335,-27,313,292,-41,323,264,-46,333,245,-48,315,348,-26,317,330,-28,303,342,-22,298,357,-18,0
264,420,0,239,377,13,247,341,12,273,325,13,294,316,12,238,323,-17,225,280,-22,210,257,-21,198,237,-21,261,325,-25,254,271,-38,248,239,-44,245,214,-46,289,334,-30,312,290,-43,322,264,-49,331,245,-51,312,348,-31,314,326,-31,300,338,-24,294,352,-18,0
264,420,0,239,378,11,245,341,10,269,324,9,289,314,8,238,323,-18,225,280,-24,211,257,-25,198,237,-26,261,325,-26,255,273,-40,250,241,-46,247,217,-49,288,334,-31,311,292,-45,322,265,-52,331,245,-54,312,348,-33,315,327,-36,302,339,-29,297,353,-24,0
265,420,0,239,380,8,243,344,6,263,324,4,282,313,2,239,327,-21,224,283,-31,209,258,-34,197,236,-36,262,327,-29,256,274,-43,251,241,-49,247,216,-52,288,334,-33,311,293,-46,321,266,-52,330,248,-55,312,347,-35,315,329,-38,304,339,-33,299,352,-28,0
266,420,0,239,380,8,243,344,5,263,324,3,284,313,1,238,326,-20,223,283,-30,209,258,-33,197,236,-35,262,326,-28,255,274,-41,250,241,-48,246,217,-51,288,334,-32,311,292,-45,322,266,-51,330,248,-54,312,347,-34,317,328,-37,306,337,-31,302,350,-27,0
266,421,0,240,381,6,245,341,4,265,320,3,284,308,1,237,326,-18,223,283,-26,209,259,-29,196,238,-30,262,327,-25,255,275,-38,250,242,-44,245,216,-47,289,335,-30,312,291,-43,322,265,-49,330,246,-52,313,348,-32,319,328,-36,310,336,-31,306,348,-26,0
266,419,0,240,379,6,244,340,4,267,320,3,288,308,2,237,325,-21,223,282,-28,209,258,-29,197,237,-30,262,326,-27,255,274,-39,249,241,-45,245,216,-48,290,334,-30,312,290,-43,322,264,-49,330,246,-52,313,347,-30,317,327,-33,305,338,-27,299,352,-23,0
265,420,0,239,379,8,246,341,6,268,323,6,289,312,4,238,324,-20,224,282,-27,210,258,-30,198,237,-31,261,325,-27,255,274,-40,250,241,-47,247,216,-51,288,333,-30,310,293,-44,322,265,-53,332,246,-56,312,346,-31,312,330,-35,299,342,-30,294,356,-27,0
265,419,0,239,379,6,242,342,5,258,319,4,271,303,3,238,326,-19,223,283,-28,209,259,-30,196,238,-32,261,326,-26,255,273,-40,250,240,-47,246,214,-50,287,335,-30,311,292,-44,322,265,-50,331,247,-52,310,348,-31,318,327,-35,310,336,-29,306,347,-25,0
264,420,0,239,380,8,244,343,6,265,323,5,284,311,4,238,326,-18,224,282,-25,210,258,-27,197,238,-28,261,326,-25,255,274,-39,249,241,-46,246,216,-49,287,335,-29,311,292,-43,321,265,-48,330,247,-50,310,348,-31,316,328,-34,305,337,-27,300,350,-22,0
265,422,0,238,382,9,244,344,8,266,326,8,287,313,8,238,327,-18,223,283,-27,209,258,-29,196,237,-31,263,326,-25,255,273,-38,249,241,-44,245,216,-46,291,333,-27,312,290,-39,322,264,-44,330,246,-45,314,346,-27,318,327,-28,305,339,-21,299,353,-15,0
265,420,0,237,380,8,243,343,7,265,325,7,285,312,6,238,326,-22,223,282,-32,209,257,-34,196,236,-35,263,326,-28,255,273,-43,249,240,-49,245,215,-51,290,334,-30,312,291,-42,322,265,-47,330,246,-48,313,346,-28,314,329,-29,300,340,-22,293,354,-16,0
264,423,0,238,381,9,243,343,9,263,323,10,282,311,10,237,326,-17,223,283,-26,209,257,-29,197,236,-30,262,326,-24,255,273,-38,249,239,-44,245,214,-46,290,333,-27,312,290,-39,322,265,-44,331,247,-45,313,346,-28,318,328,-29,305,339,-22,300,353,-16,0
263,423,0,238,379,10,244,340,8,269,323,7,291,315,5,237,326,-22,224,283,-30,210,258,-31,197,236,-33,261,328,-30,254,274,-44,250,240,-50,246,215,-54,288,336,-34,311,291,-49,321,264,-56,330,245,-59,312,348,-35,313,327,-39,298,341,-33,293,357,-28,0
262,422,0,238,378,11,245,340,10,269,324,9,289,316,8,236,325,-22,223,282,-29,210,258,-30,196,237,-31,259,327,-30,253,271,-44,249,237,-50,246,212,-53,287,335,-35,311,291,-49,322,265,-55,330,246,-56,312,349,-36,314,327,-38,300,340,-30,294,356,-24,0
263,424,0,239,381,10,244,341,9,264,321,8,283,310,7,237,327,-18,223,282,-26,210,257,-29,197,236,-30,261,328,-26,255,273,-40,250,241,-46,245,215,-49,288,336,-31,311,292,-44,322,265,-50,331,245,-51,311,350,-33,317,328,-35,307,337,-29,302,349,-23,0
263,423,0,240,380,10,244,342,9,265,323,9,286,313,8,237,328,-16,222,283,-23,209,257,-24,197,236,-25,261,328,-24,254,275,-37,249,242,-43,244,217,-46,288,336,-29,311,291,-42,321,264,-48,328,245,-50,311,349,-32,317,327,-34,307,335,-28,303,346,-23,0
266,421,0,238,381,6,239,341,5,254,318,6,268,301,6,238,325,-20,223,282,-28,209,258,-28,196,237,-28,264,324,-25,255,272,-38,250,241,-42,246,217,-44,291,331,-26,311,290,-40,321,263,-46,330,243,-47,313,343,-24,314,328,-27,300,340,-20,295,356,-15,0
265,421,0,238,381,8,241,342,8,255,320,8,269,303,7,238,324,-20,223,281,-28,209,257,-30,196,236,-31,262,324,-26,255,271,-41,250,240,-46,247,215,-48,289,331,-28,310,291,-42,322,265,-46,331,245,-47,312,345,-28,314,329,-30,302,341,-23,297,355,-17,0
262,422,0,238,379,7,244,341,5,268,325,2,290,316,0,236,326,-21,223,283,-29,209,258,-31,197,236,-33,260,326,-29,254,272,-42,249,239,-49,245,214,-52,287,333,-33,311,290,-46,322,263,-52,331,244,-54,311,346,-34,315,327,-37,302,339,-31,297,353,-26,0
263,421,0,238,378,8,243,341,5,267,326,3,289,318,0,237,326,-22,222,283,-30,209,258,-32,197,236,-33,261,325,-29,254,272,-42,249,239,-48,244,214,-51,288,333,-32,311,290,-44,321,263,-50,330,245,-52,312,345,-33,314,328,-35,301,338,-28,296,353,-23,0
262,421,0,237,379,8,242,340,7,263,320,6,282,307,5,236,323,-18,222,280,-26,208,256,-28,196,235,-30,261,324,-25,255,271,-40,250,239,-46,246,213,-49,287,332,-30,310,291,-44,321,265,-49,330,245,-51,311,346,-32,318,326,-35,308,336,-28,304,348,-23,0
264,420,0,238,379,8,242,340,8,261,318,8,278,304,8,236,324,-17,223,280,-25,209,256,-26,197,235,-27,261,324,-24,254,272,-38,250,240,-44,246,215,-46,288,332,-27,310,291,-40,320,265,-45,329,245,-46,312,345,-27,318,326,-29,306,337,-22,302,350,-16,0
264,420,0,238,379,8,243,340,7,263,319,7,281,305,7,237,323,-18,223,281,-26,209,257,-28,197,236,-29,261,324,-24,255,272,-39,251,240,-45,247,215,-48,289,332,-27,310,291,-41,321,264,-46,330,245,-48,312,344,-27,315,327,-29,303,337,-23,298,349,-18,0
264,423,0,238,380,10,243,341,9,267,324,8,288,315,7,237,327,-21,223,282,-28,209,258,-30,196,236,-31,261,328,-29,255,273,-43,250,239,-49,246,214,-52,288,336,-33,310,293,-47,320,265,-53,329,246,-55,311,348,-34,311,330,-37,297,343,-30,291,358,-26,0
263,424,0,238,381,11,243,342,11,264,324,12,282,313,11,236,328,-18,222,283,-25,209,258,-26,196,237,-26,260,329,-27,253,273,-39,248,239,-44,245,214,-46,287,337,-32,310,292,-44,320,265,-50,328,245,-51,312,349,-34,316,330,-36,304,343,-29,299,358,-23,0
192,262,0,210,281,-32,234,293,-52,258,299,-69,281,306,-85,292,240,-39,335,231,-60,362,224,-76,386,214,-88,286,212,-37,326,189,-55,351,172,-70,374,154,-82,268,194,-36,294,164,-54,311,142,-67,327,123,-77,243,185,-39,256,156,-55,265,136,-64,275,120,-70,0
231,348,0,258,358,-18,284,357,-29,300,347,-37,313,336,-46,301,308,-22,327,287,-35,341,271,-45,351,255,-52,286,291,-21,307,261,-34,318,240,-44,326,221,-51,268,284,-22,281,255,-34,289,234,-42,295,215,-48,247,283,-25,254,259,-36,259,242,-41,263,227,-44,0
231,351,0,259,360,-20,285,357,-30,303,345,-38,316,332,-46,300,310,-22,326,290,-35,340,274,-46,352,259,-53,285,294,-21,305,263,-33,317,242,-44,326,223,-51,267,286,-21,281,257,-33,289,236,-42,296,217,-48,247,284,-23,254,260,-35,259,243,-40,263,228,-44,0
230,350,0,257,359,-19,284,357,-29,302,344,-37,315,332,-44,299,309,-19,324,289,-32,337,274,-42,348,259,-49,285,292,-18,306,263,-30,316,242,-40,324,223,-47,268,284,-18,282,257,-30,290,237,-37,298,219,-43,248,283,-20,256,260,-31,262,245,-36,268,231,-39,0
229,347,0,256,356,-21,283,354,-32,300,342,-40,313,330,-49,298,306,-22,324,287,-36,338,271,-46,348,256,-54,284,290,-20,304,260,-32,314,239,-43,323,221,-51,266,282,-19,280,254,-31,288,234,-40,295,217,-46,246,280,-21,254,258,-32,260,242,-37,265,228,-41,0
230,347,0,257,356,-20,284,353,-30,301,340,-38,313,327,-46,298,307,-21,324,288,-35,338,273,-45,349,258,-52,284,290,-20,305,260,-32,315,240,-42,323,221,-50,267,282,-20,281,254,-32,289,234,-40,296,216,-45,247,281,-22,254,257,-33,259,241,-38,265,226,-41,0
230,348,0,257,355,-19,283,353,-28,300,342,-36,312,330,-44,299,306,-19,324,287,-32,339,272,-43,350,256,-50,285,290,-18,304,260,-30,315,239,-40,324,220,-48,267,282,-19,281,254,-31,289,234,-38,296,217,-44,247,281,-22,254,258,-32,260,242,-37,265,228,-40,0
231,348,0,258,356,-21,283,353,-31,300,341,-40,313,328,-48,298,306,-21,323,286,-35,336,271,-45,348,256,-53,284,289,-20,304,260,-32,315,239,-42,324,221,-49,267,282,-20,280,253,-31,289,233,-39,296,216,-45,247,280,-22,255,257,-32,260,242,-38,267,227,-41,0
228,347,0,254,355,-20,278,353,-31,295,344,-40,309,333,-48,296,304,-21,321,286,-34,335,271,-45,347,256,-53,283,288,-19,303,259,-32,313,238,-42,322,220,-50,266,280,-20,279,252,-32,287,232,-40,294,215,-46,246,279,-22,253,256,-33,258,240,-38,264,226,-41,0
229,346,0,256,354,-19,282,351,-30,298,340,-38,311,328,-46,297,304,-20,322,285,-33,336,270,-44,348,255,-51,283,288,-19,303,259,-31,314,239,-41,323,220,-49,266,280,-19,279,253,-31,287,233,-39,294,216,-45,246,279,-21,253,256,-32,258,241,-37,264,227,-41,0
229,346,0,255,354,-20,280,352,-30,297,341,-38,311,329,-46,296,304,-20,321,284,-33,336,269,-44,348,254,-51,282,288,-19,302,258,-31,313,238,-41,322,220,-48,265,280,-19,278,253,-30,286,233,-38,293,215,-44,245,279,-21,252,256,-31,257,240,-36,262,225,-39,0
228,345,0,253,353,-19,278,351,-29,295,342,-37,309,331,-45,295,303,-20,321,284,-33,336,268,-42,347,253,-50,282,287,-19,302,257,-30,313,236,-40,321,218,-47,265,280,-19,278,251,-30,286,231,-38,293,213,-44,246,279,-21,252,255,-32,256,239,-37,260,223,-40,0
226,346,0,251,354,-20,275,352,-30,292,343,-39,307,334,-47,294,304,-21,320,284,-33,335,269,-43,346,254,-50,281,287,-19,300,258,-30,311,238,-40,319,220,-47,264,280,-19,276,252,-30,285,233,-38,292,216,-43,244,278,-21,251,256,-31,255,240,-36,260,226,-39,0
225,345,0,250,354,-21,274,352,-31,292,343,-40,307,333,-48,293,304,-22,320,285,-35,334,269,-44,346,254,-52,280,287,-19,301,258,-32,311,237,-42,319,219,-49,263,280,-19,276,251,-31,284,231,-39,291,213,-45,243,279,-20,251,256,-31,255,240,-37,260,225,-41,0
226,345,0,252,354,-18,276,352,-28,293,343,-36,308,334,-43,294,304,-19,321,285,-30,335,270,-40,346,255,-47,281,288,-17,301,259,-28,311,239,-37,320,221,-44,264,280,-17,277,253,-28,285,232,-36,292,215,-41,245,279,-19,251,256,-30,255,240,-35,258,225,-38,0
227,346,0,252,354,-20,276,352,-30,293,343,-39,308,333,-47,295,303,-21,320,284,-34,334,269,-44,345,253,-51,281,287,-19,300,258,-32,311,238,-42,320,220,-49,264,280,-20,276,252,-31,284,231,-40,292,212,-45,244,279,-22,251,256,-32,256,240,-38,260,224,-42,0
226,345,0,251,354,-19,274,352,-29,292,344,-38,306,335,-46,294,304,-21,320,284,-33,335,269,-43,346,255,-50,280,288,-19,300,259,-31,311,239,-41,319,222,-48,263,280,-19,276,252,-31,284,232,-39,292,214,-45,244,279,-21,251,255,-32,255,238,-38,259,223,-42,0
227,345,0,252,354,-21,275,352,-32,293,343,-41,308,334,-50,294,304,-22,319,285,-35,333,270,-45,344,256,-53,280,288,-20,300,259,-32,311,239,-42,319,221,-50,263,280,-20,275,252,-31,284,232,-40,291,215,-46,244,279,-21,251,256,-32,255,239,-38,259,224,-42,0
227,346,0,252,353,-18,276,351,-27,292,343,-36,306,333,-44,294,304,-20,320,284,-32,334,268,-41,345,253,-48,281,288,-19,300,259,-30,311,239,-39,319,221,-46,264,280,-19,277,252,-30,285,233,-38,293,215,-42,244,279,-22,251,256,-32,255,240,-36,260,225,-39,0
226,345,0,251,354,-19,274,352,-29,291,343,-37,306,334,-45,294,303,-20,319,284,-32,334,269,-42,345,254,-49,280,287,-18,300,258,-30,310,238,-39,319,221,-46,264,279,-19,276,252,-30,283,231,-38,290,212,-44,244,278,-21,251,255,-31,255,239,-37,259,224,-40,0
225,346,0,250,354,-22,273,352,-33,292,342,-42,308,333,-50,293,303,-22,319,284,-35,334,269,-45,345,253,-53,280,287,-20,300,258,-32,310,238,-42,318,220,-50,263,280,-19,276,252,-31,284,231,-40,291,213,-46,244,278,-20,250,255,-32,254,238,-38,258,222,-42,0
225,346,0,252,354,-21,277,352,-31,295,341,-40,309,330,-48,293,303,-21,319,284,-34,333,268,-44,344,253,-51,279,288,-19,300,259,-30,310,239,-40,319,221,-48,262,280,-18,275,252,-30,284,232,-38,291,215,-44,242,279,-20,250,256,-31,254,240,-36,259,225,-40,0
225,346,0,250,354,-22,273,352,-33,291,342,-43,307,333,-52,293,304,-23,319,285,-36,333,269,-46,344,254,-53,280,288,-20,300,259,-32,311,239,-42,319,221,-49,263,280,-19,275,252,-30,283,232,-39,290,215,-44,243,278,-20,250,255,-31,254,239,-36,258,224,-40,0
226,346,0,251,354,-20,274,352,-30,291,343,-39,306,334,-47,293,303,-21,320,284,-34,334,268,-44,345,253,-51,280,287,-19,299,258,-31,310,238,-41,318,220,-48,262,280,-19,276,252,-30,284,232,-38,292,215,-44,242,278,-21,249,256,-31,254,240,-37,259,225,-40,0
225,345,0,249,353,-21,272,352,-33,290,343,-42,304,334,-51,292,302,-23,318,283,-36,333,268,-46,345,253,-53,279,286,-20,299,257,-32,309,237,-42,318,220,-50,262,279,-19,275,251,-31,282,230,-39,288,212,-45,243,278,-21,250,256,-31,254,240,-37,257,225,-40,0
227,345,0,251,354,-18,273,351,-28,290,342,-37,306,334,-45,293,303,-21,319,284,-33,333,270,-42,344,255,-49,280,287,-19,299,258,-31,309,238,-40,318,220,-47,263,279,-20,275,250,-31,283,230,-39,290,212,-44,243,278,-22,249,255,-32,252,238,-38,256,223,-41,0
226,345,0,251,353,-20,273,351,-30,290,342,-39,305,333,-47,292,303,-22,318,284,-34,332,269,-44,343,254,-52,279,287,-20,299,257,-32,310,237,-42,318,219,-49,262,279,-20,275,251,-32,283,231,-40,291,213,-45,242,278,-22,249,255,-33,253,239,-38,257,224,-41,0
225,345,0,250,353,-19,273,351,-29,290,342,-37,305,333,-45,291,303,-20,317,284,-32,331,270,-42,342,255,-49,279,287,-19,299,258,-31,309,237,-40,317,219,-47,262,279,-19,275,251,-31,282,230,-39,289,212,-44,243,278,-22,249,254,-33,252,236,-38,256,220,-42,0
225,345,0,250,353,-19,273,351,-28,290,343,-37,305,334,-45,292,302,-20,318,283,-32,332,269,-42,343,254,-49,279,286,-19,299,258,-30,309,238,-40,317,220,-46,262,279,-19,274,251,-30,282,231,-38,288,213,-44,243,279,-21,249,255,-32,252,239,-38,256,224,-41,0
226,345,0,249,353,-20,272,351,-31,289,343,-40,303,333,-49,291,303,-23,317,284,-36,331,270,-47,342,256,-54,278,287,-22,298,258,-35,309,237,-45,317,219,-52,261,279,-22,274,250,-35,281,229,-44,288,209,-50,242,279,-24,248,255,-36,252,238,-42,256,222,-47,0
225,344,0,249,352,-19,271,351,-30,288,342,-39,303,334,-48,291,303,-21,317,284,-34,331,270,-44,342,257,-51,278,287,-19,298,258,-31,308,238,-41,317,219,-48,261,279,-20,274,252,-31,282,232,-39,290,214,-44,242,278,-22,248,255,-32,251,239,-37,255,224,-41,0
226,345,0,250,353,-19,273,351,-29,289,343,-37,303,334,-46,292,302,-20,317,284,-33,331,269,-42,342,255,-50,279,287,-19,299,258,-31,309,238,-40,317,220,-47,262,280,-20,275,252,-31,283,231,-39,290,213,-44,242,279,-22,248,256,-32,252,240,-38,256,224,-41,0
226,345,0,250,353,-22,273,351,-34,289,343,-44,302,334,-53,292,302,-24,317,283,-37,331,269,-48,342,254,-56,279,287,-21,298,258,-34,308,237,-44,316,218,-53,262,280,-21,275,252,-33,281,232,-42,287,214,-49,242,279,-22,248,256,-33,252,240,-40,255,225,-44,0
226,345,0,250,353,-18,273,351,-28,290,342,-37,306,333,-45,292,303,-20,317,283,-33,332,268,-43,343,253,-50,279,287,-19,298,257,-31,309,237,-41,317,219,-48,262,279,-20,274,250,-32,282,230,-40,289,211,-46,243,279,-22,249,256,-33,253,239,-39,257,224,-43,0
227,345,0,252,353,-20,275,351,-30,291,342,-39,304,332,-47,293,302,-22,318,283,-34,333,268,-44,345,253,-52,279,287,-20,299,257,-32,310,236,-42,318,218,-49,262,280,-20,275,252,-32,282,231,-40,289,212,-46,243,279,-22,250,256,-33,253,239,-39,257,224,-42,0
227,346,0,252,353,-19,275,351,-29,291,341,-38,305,332,-45,293,303,-20,318,284,-32,332,269,-41,343,254,-48,280,287,-18,300,258,-29,309,237,-38,316,219,-44,263,279,-18,276,251,-28,283,232,-35,290,215,-41,244,278,-20,250,255,-29,253,240,-34,258,225,-37,0
225,345,0,249,352,-20,272,350,-31,289,340,-40,303,330,-48,291,302,-21,316,284,-34,330,270,-44,342,256,-52,278,286,-19,298,257,-31,308,237,-41,316,219,-48,262,279,-19,274,251,-30,281,231,-38,288,213,-44,242,278,-21,248,255,-31,251,239,-37,255,224,-40,0
225,345,0,249,352,-20,273,350,-31,290,341,-40,304,331,-48,292,302,-21,316,284,-34,330,269,-44,342,255,-51,278,287,-19,297,258,-31,307,237,-41,316,219,-49,261,280,-19,274,251,-31,281,231,-40,288,213,-46,242,279,-21,248,255,-33,251,238,-39,254,222,-43,0
226,344,0,250,353,-18,273,351,-28,290,343,-36,303,333,-44,291,303,-21,316,284,-33,330,270,-43,341,255,-50,278,287,-20,298,258,-32,307,237,-42,315,219,-49,261,280,-21,273,251,-32,279,230,-41,285,212,-47,241,279,-23,247,255,-34,251,239,-40,255,223,-43,0
225,345,0,249,353,-21,271,351,-33,288,342,-42,302,333,-51,290,302,-22,315,284,-34,329,269,-44,340,255,-52,277,287,-19,297,258,-31,306,238,-42,314,219,-50,260,279,-19,273,251,-31,280,231,-41,287,213,-47,241,279,-21,247,255,-32,250,239,-38,254,224,-43,0
223,345,0,247,353,-20,270,351,-31,286,343,-40,300,334,-49,289,302,-22,315,284,-34,329,270,-44,340,256,-52,276,287,-20,296,258,-32,306,238,-42,313,219,-49,259,279,-20,272,251,-31,279,231,-40,286,214,-46,239,279,-21,246,255,-32,249,239,-38,253,224,-42,0
223,346,0,248,354,-20,270,351,-31,286,342,-40,299,333,-48,289,302,-21,314,284,-33,328,271,-44,339,257,-51,275,287,-19,295,258,-31,304,238,-42,312,220,-49,258,280,-19,272,252,-31,279,232,-40,285,215,-47,239,279,-21,246,256,-32,250,240,-38,253,225,-42,0
222,345,0,245,354,-19,268,352,-30,285,344,-38,298,334,-47,288,304,-21,313,286,-33,327,272,-43,338,258,-50,275,287,-19,295,258,-31,304,238,-41,312,220,-48,258,280,-20,271,252,-31,278,232,-40,284,214,-46,238,279,-22,245,256,-33,248,239,-39,252,224,-42,0
223,346,0,247,354,-19,269,352,-30,285,344,-38,298,334,-47,287,303,-21,312,286,-34,326,272,-44,337,257,-51,274,287,-20,295,257,-32,304,237,-42,312,218,-49,258,280,-21,271,252,-32,278,231,-41,283,212,-47,238,279,-23,245,256,-34,248,239,-40,252,224,-43,0
222,346,0,245,354,-24,267,352,-37,285,344,-47,299,334,-57,287,303,-25,313,286,-38,327,272,-49,338,258,-58,275,287,-22,294,258,-35,304,238,-46,313,220,-54,258,280,-21,270,252,-33,278,232,-43,284,215,-50,238,279,-22,245,256,-33,249,239,-40,253,224,-45,0
222,345,0,245,353,-19,268,352,-30,285,344,-39,298,334,-47,287,303,-21,311,286,-34,325,273,-44,337,259,-52,274,287,-20,294,257,-32,303,237,-42,311,219,-50,257,280,-20,270,251,-32,277,231,-41,283,214,-47,238,279,-22,245,255,-33,248,239,-39,252,224,-43,0
222,345,0,246,353,-24,269,351,-36,285,342,-46,298,330,-56,287,303,-25,312,286,-38,325,272,-49,336,258,-58,274,287,-22,294,257,-34,303,237,-46,311,218,-54,258,279,-20,270,252,-33,276,232,-43,283,215,-50,238,278,-21,245,255,-32,248,239,-39,251,224,-44,0
221,345,0,244,353,-18,267,351,-28,285,343,-37,298,334,-45,285,303,-20,311,286,-33,325,273,-43,336,259,-50,273,287,-20,293,258,-31,303,238,-41,311,219,-49,256,280,-20,269,252,-32,276,232,-41,282,214,-47,238,279,-23,244,255,-33,248,238,-39,251,222,-43,0
221,345,0,245,353,-19,267,351,-30,284,343,-39,298,334,-47,286,303,-20,311,286,-33,325,272,-43,336,259,-50,274,287,-19,293,257,-31,303,237,-41,311,218,-49,257,279,-19,269,252,-31,276,232,-40,281,214,-47,238,279,-22,244,255,-32,247,238,-38,251,223,-42,0
221,344,0,245,352,-19,268,351,-29,285,344,-38,298,335,-47,287,302,-21,312,285,-34,325,271,-44,336,257,-51,274,286,-20,294,257,-32,304,237,-42,312,218,-49,257,279,-20,269,251,-32,276,231,-40,283,214,-47,238,278,-23,244,255,-33,248,239,-38,252,224,-42,0
220,344,0,244,353,-20,267,351,-31,284,342,-40,297,333,-48,286,302,-21,311,285,-34,325,272,-45,336,258,-53,274,287,-20,294,258,-32,303,237,-43,310,219,-50,257,279,-20,269,251,-32,276,231,-41,281,213,-48,237,278,-22,244,255,-33,248,239,-39,251,223,-43,0
221,346,0,245,353,-19,268,351,-29,285,342,-38,298,331,-46,286,302,-20,311,285,-32,325,271,-42,336,258,-49,273,287,-19,293,257,-30,303,236,-40,310,219,-47,256,279,-19,268,251,-30,274,230,-39,280,213,-45,237,279,-21,243,255,-31,247,239,-37,251,224,-41,0
222,345,0,246,353,-20,269,351,-32,285,343,-41,298,332,-50,287,302,-22,312,285,-35,325,271,-45,336,257,-53,274,287,-20,294,257,-32,303,237,-43,310,219,-51,256,280,-20,269,251,-32,276,230,-42,282,212,-49,237,279,-22,243,255,-34,247,238,-40,251,222,-45,0
220,346,0,244,354,-21,268,351,-32,284,342,-42,296,331,-50,286,303,-22,311,285,-36,324,271,-46,335,256,-54,273,287,-20,293,257,-33,303,236,-43,310,218,-51,256,280,-20,269,252,-32,276,232,-41,282,214,-47,236,279,-22,243,256,-33,247,239,-39,251,224,-43,0
220,346,0,244,354,-19,267,351,-30,284,342,-38,297,332,-46,286,303,-20,311,285,-33,324,271,-42,335,257,-50,273,287,-19,294,257,-30,303,236,-41,310,218,-48,257,279,-19,269,251,-31,275,230,-40,280,213,-46,237,279,-21,243,255,-32,247,238,-38,251,223,-42,0
220,345,0,244,353,-19,266,351,-29,284,343,-38,296,333,-47,285,303,-22,310,285,-34,324,271,-44,335,256,-52,272,287,-21,292,257,-33,302,237,-43,309,218,-50,255,280,-21,267,251,-33,274,230,-42,279,212,-48,236,279,-23,242,255,-34,246,238,-40,250,222,-45,0
220,346,0,243,353,-21,266,351,-32,284,343,-41,297,332,-51,286,303,-23,311,286,-36,324,271,-46,335,256,-54,273,287,-21,293,257,-33,302,236,-44,310,218,-52,255,279,-21,267,250,-33,273,230,-42,279,212,-49,236,279,-22,242,255,-33,246,239,-40,250,225,-44,0
221,347,0,245,354,-22,268,351,-33,285,342,-43,297,332,-53,287,303,-23,312,285,-36,324,271,-47,334,256,-55,273,287,-21,293,258,-34,302,237,-45,310,218,-53,256,280,-21,268,251,-33,274,230,-43,279,211,-50,236,280,-23,243,255,-34,247,238,-40,250,223,-45,0
222,347,0,246,355,-21,268,353,-33,283,344,-43,296,334,-52,286,304,-23,311,286,-37,324,273,-47,335,259,-55,273,288,-21,293,257,-34,303,236,-44,311,218,-52,256,281,-21,268,252,-33,274,231,-42,280,213,-49,236,280,-22,243,256,-33,247,240,-39,251,225,-43,0
221,345,0,245,353,-18,268,352,-29,284,344,-37,297,335,-46,286,304,-21,311,287,-33,325,273,-43,337,260,-51,273,288,-20,293,257,-32,303,237,-42,311,219,-49,256,281,-21,269,251,-32,276,231,-41,282,214,-48,237,280,-23,243,256,-34,247,240,-40,250,224,-44,0
221,345,0,244,354,-20,267,352,-32,285,344,-41,298,333,-50,285,304,-24,310,287,-37,324,273,-48,335,259,-56,272,288,-22,293,257,-35,303,237,-46,311,218,-54,256,280,-22,269,251,-35,275,230,-45,281,212,-52,237,280,-24,243,255,-36,247,238,-42,250,223,-47,0
222,345,0,245,353,-19,268,351,-30,285,343,-39,296,332,-48,286,303,-22,311,286,-35,324,273,-45,335,259,-53,273,287,-21,293,257,-33,303,237,-43,311,219,-51,256,280,-21,268,251,-33,275,231,-42,280,213,-48,236,279,-24,243,255,-35,246,238,-41,250,223,-44,0
220,345,0,243,353,-21,266,351,-32,283,343,-42,297,334,-51,286,303,-23,312,286,-37,325,271,-47,335,257,-55,273,287,-22,294,257,-34,303,237,-45,309,219,-53,256,279,-22,268,250,-34,273,229,-43,278,211,-50,236,279,-23,243,255,-34,247,238,-41,251,223,-45,0
221,346,0,246,354,-20,268,351,-31,285,342,-39,297,331,-48,286,303,-22,311,285,-35,324,271,-45,335,256,-52,272,287,-20,293,258,-32,302,238,-42,309,220,-50,255,280,-21,268,251,-32,274,231,-41,280,214,-47,236,279,-23,243,255,-33,246,238,-39,250,223,-43,0
219,344,0,243,353,-20,267,350,-31,284,342,-40,297,332,-49,286,301,-21,311,284,-34,324,269,-44,334,255,-52,272,285,-19,292,256,-31,301,236,-42,309,217,-50,255,278,-19,267,249,-31,274,229,-40,279,211,-47,236,278,-21,242,255,-32,246,239,-38,250,224,-42,0
220,345,0,244,353,-21,268,351,-33,285,342,-42,297,331,-51,285,301,-22,310,283,-35,323,269,-46,334,255,-54,272,286,-20,293,257,-32,302,236,-44,310,218,-52,255,279,-20,267,250,-32,274,229,-42,279,211,-50,236,278,-21,243,254,-32,246,238,-39,251,224,-44,0
220,346,0,244,354,-20,267,350,-30,284,341,-39,297,331,-47,285,302,-21,310,284,-33,323,270,-44,334,256,-52,273,286,-19,292,256,-31,302,236,-42,309,217,-50,256,279,-20,268,251,-31,274,230,-41,279,211,-48,237,279,-22,243,254,-33,246,237,-39,250,221,-44,0
221,346,0,246,353,-19,268,350,-29,285,341,-38,297,332,-47,287,302,-21,312,285,-33,324,271,-43,335,256,-51,273,286,-20,293,256,-31,301,236,-41,308,218,-49,256,279,-20,267,250,-32,273,229,-41,278,210,-47,237,279,-23,243,254,-33,246,237,-39,250,222,-43,0
221,345,0,245,353,-20,267,350,-31,283,342,-40,296,333,-49,286,302,-22,311,285,-34,325,270,-44,335,256,-52,273,287,-20,292,257,-32,302,237,-42,309,218,-50,256,280,-21,268,250,-32,274,230,-41,280,212,-48,236,279,-23,243,255,-33,246,238,-39,250,223,-44,0
220,345,0,244,353,-19,266,350,-29,283,342,-37,297,333,-46,286,302,-20,311,284,-33,325,270,-43,336,255,-50,273,287,-19,293,257,-31,302,236,-41,310,218,-48,256,279,-20,268,251,-31,274,230,-40,280,212,-46,236,279,-23,243,255,-33,247,238,-39,250,223,-43,0
220,345,0,243,352,-21,266,350,-33,283,342,-43,297,332,-52,286,301,-23,311,284,-36,324,271,-46,335,256,-54,273,286,-21,293,257,-33,302,236,-43,310,218,-51,256,279,-20,268,251,-32,274,230,-42,280,212,-48,236,278,-22,243,254,-33,247,238,-39,250,222,-43,0
221,344,0,245,352,-21,269,350,-32,285,341,-41,297,330,-51,286,302,-24,311,284,-37,324,270,-48,334,255,-56,272,286,-22,292,256,-35,302,236,-46,309,217,-55,255,279,-22,267,249,-34,273,227,-45,278,208,-53,236,278,-24,243,254,-35,247,237,-42,251,222,-47,0
221,345,0,245,353,-19,268,350,-30,285,341,-38,297,331,-47,286,301,-21,312,283,-33,325,269,-43,335,254,-51,273,286,-20,293,256,-32,302,235,-42,309,216,-50,256,279,-20,267,250,-32,272,228,-41,276,210,-48,236,278,-22,243,254,-33,247,237,-39,250,222,-43,0
222,345,0,246,352,-18,269,349,-28,285,341,-36,297,331,-45,286,301,-20,311,284,-33,324,269,-43,335,255,-50,272,286,-20,292,255,-32,301,235,-41,308,217,-49,255,279,-21,267,250,-33,272,228,-41,277,210,-47,236,279,-23,242,255,-34,246,238,-40,250,223,-44,0
220,344,0,243,352,-20,266,350,-31,283,342,-40,296,332,-48,285,301,-22,310,284,-35,323,270,-45,334,255,-53,272,286,-20,292,255,-33,302,235,-43,309,216,-51,255,279,-21,268,250,-33,274,229,-42,280,211,-48,236,278,-23,243,254,-34,246,238,-40,250,222,-44,0
219,345,0,243,352,-22,266,349,-34,283,340,-44,297,330,-53,285,301,-23,311,284,-36,324,269,-46,334,255,-54,272,286,-20,292,256,-33,302,236,-43,309,218,-51,255,279,-20,267,250,-31,274,230,-41,280,213,-47,236,278,-21,243,254,-31,247,238,-38,250,223,-42,0
221,345,0,245,352,-21,267,349,-33,284,340,-42,296,329,-51,285,301,-23,310,284,-36,323,269,-47,334,255,-55,272,286,-21,292,256,-33,301,236,-44,308,217,-52,255,278,-21,267,250,-32,273,228,-42,278,210,-49,236,278,-22,243,254,-33,246,238,-39,250,223,-44,0
221,345,0,245,352,-19,268,349,-30,284,341,-38,295,330,-47,285,301,-21,311,283,-33,324,268,-43,335,254,-51,272,285,-20,291,256,-31,301,236,-41,309,218,-49,255,278,-20,267,250,-31,274,229,-40,280,212,-46,236,278,-22,242,254,-32,246,238,-38,250,223,-42,0
220,344,0,244,352,-20,267,349,-31,284,340,-40,297,329,-48,286,301,-23,311,284,-35,324,269,-45,334,255,-53,273,285,-21,292,255,-33,301,235,-44,308,217,-52,256,278,-21,267,248,-33,273,226,-43,277,207,-50,236,277,-23,243,253,-34,246,237,-41,250,221,-45,0
221,344,0,246,351,-20,268,349,-30,285,340,-39,297,330,-48,286,301,-21,311,283,-34,324,270,-44,334,255,-52,273,285,-20,292,254,-32,301,234,-43,308,216,-51,256,278,-21,267,249,-33,273,227,-43,278,208,-49,236,279,-23,242,254,-34,246,237,-41,250,222,-45,0
220,345,0,245,352,-19,268,350,-28,284,341,-37,297,332,-45,286,301,-20,311,283,-32,324,268,-41,335,254,-49,272,285,-19,292,255,-30,301,235,-40,308,217,-47,255,278,-19,267,249,-30,273,228,-39,279,210,-45,236,278,-21,242,254,-32,246,238,-37,250,224,-41,0
220,345,0,244,352,-19,267,349,-29,284,341,-38,298,331,-47,286,301,-20,311,283,-32,324,268,-42,334,253,-50,273,285,-19,293,256,-31,301,235,-41,308,217,-49,256,279,-20,268,249,-31,274,228,-41,279,210,-47,236,278,-22,243,253,-33,246,236,-40,250,220,-44,0
222,344,0,246,352,-20,268,349,-31,284,341,-40,297,330,-49,286,301,-22,311,283,-35,324,269,-45,334,254,-53,273,285,-21,293,255,-33,302,235,-43,308,217,-50,256,278,-21,268,250,-32,274,230,-41,279,212,-47,236,278,-22,243,254,-33,246,237,-39,250,223,-42,0
221,344,0,244,352,-20,267,349,-31,284,340,-40,297,330,-49,285,302,-23,311,284,-36,324,269,-46,334,254,-54,272,286,-21,292,256,-34,301,236,-45,308,218,-53,256,279,-22,267,249,-34,273,227,-44,278,208,-51,236,278,-23,243,253,-35,247,236,-42,250,219,-47,0
220,344,0,245,352,-20,268,349,-31,284,341,-39,296,330,-48,286,301,-21,310,283,-33,324,269,-44,334,255,-51,272,285,-19,292,255,-31,302,235,-41,309,216,-49,255,278,-19,267,249,-31,273,227,-40,278,209,-47,236,278,-21,243,254,-32,246,238,-38,250,223,-42,0
219,345,0,244,352,-21,267,349,-33,284,340,-42,295,329,-51,285,301,-22,310,283,-35,323,269,-46,333,254,-54,272,285,-20,291,255,-32,300,235,-43,307,217,-51,255,279,-20,266,250,-32,272,229,-41,278,211,-48,235,278,-22,242,255,-33,245,238,-39,249,223,-43,0
220,344,0,243,352,-24,266,350,-37,283,341,-47,295,330,-58,286,301,-26,310,283,-39,323,268,-51,333,254,-59,272,285,-23,292,255,-36,301,234,-48,307,216,-57,255,278,-22,267,249,-34,273,227,-45,278,209,-53,236,278,-22,242,254,-34,245,237,-41,249,222,-47,0
219,344,0,243,352,-24,265,350,-37,283,341,-47,297,331,-56,286,301,-24,310,283,-38,323,268,-49,334,253,-57,273,285,-21,292,255,-34,301,235,-45,308,217,-53,256,278,-20,268,250,-32,274,229,-42,279,211,-49,236,278,-21,242,254,-32,246,237,-39,249,221,-44,0
220,345,0,246,352,-20,270,349,-30,286,339,-39,297,327,-47,286,301,-21,310,283,-33,323,269,-44,334,254,-51,272,286,-19,291,255,-31,300,235,-42,308,218,-50,255,279,-19,266,250,-31,272,229,-41,278,211,-48,235,278,-21,242,253,-32,246,237,-39,250,221,-43,0
221,345,0,245,352,-20,269,349,-31,285,339,-40,296,328,-49,286,302,-22,310,284,-35,323,269,-46,333,255,-53,272,286,-20,292,255,-33,301,234,-44,307,216,-51,255,279,-21,268,250,-33,274,228,-42,279,209,-49,235,279,-23,242,254,-34,246,237,-41,250,221,-45,0
220,344,0,245,351,-18,268,348,-28,285,339,-37,297,329,-45,285,300,-20,310,283,-32,324,268,-41,333,254,-48,272,285,-18,292,255,-30,302,235,-39,309,217,-46,256,277,-19,268,249,-30,274,228,-38,279,211,-44,237,277,-20,243,253,-31,246,236,-36,249,221,-40,0
221,344,0,246,352,-20,269,349,-31,286,340,-39,297,329,-48,286,300,-21,311,283,-33,324,268,-43,334,253,-51,273,285,-19,292,255,-31,302,234,-42,309,216,-49,255,278,-20,268,249,-31,274,229,-40,280,212,-46,236,278,-22,243,254,-32,247,237,-38,250,223,-42,0
220,344,0,244,352,-20,267,349,-32,284,340,-41,297,330,-49,286,301,-22,312,283,-34,325,268,-44,335,253,-52,273,285,-20,292,255,-32,301,235,-43,308,217,-50,256,278,-20,267,249,-31,273,228,-41,278,210,-47,236,278,-21,243,254,-32,247,238,-38,251,222,-42,0
221,344,0,246,351,-21,269,348,-33,285,339,-42,296,328,-52,286,301,-24,311,283,-37,324,269,-48,334,255,-56,273,285,-22,293,255,-35,302,235,-46,308,216,-54,256,278,-22,267,249,-35,272,227,-45,277,208,-52,236,277,-24,243,253,-35,247,235,-42,251,219,-47,0
220,344,0,244,352,-22,268,349,-34,285,339,-43,297,327,-51,286,300,-23,311,283,-36,325,268,-46,335,253,-54,273,285,-20,292,255,-32,301,234,-43,309,216,-52,256,278,-19,268,249,-31,274,228,-41,278,210,-48,237,277,-20,243,253,-31,247,236,-38,251,221,-43,0
221,345,0,246,352,-20,268,349,-30,285,340,-39,297,330,-48,286,301,-21,310,283,-33,323,269,-43,334,255,-51,273,285,-19,293,255,-31,302,235,-41,309,216,-49,256,278,-20,268,249,-31,274,229,-40,279,211,-46,236,277,-22,243,254,-33,246,238,-38,250,223,-42,0
222,344,0,247,351,-19,270,348,-30,286,339,-38,297,328,-47,287,300,-20,311,283,-33,324,269,-43,335,254,-50,273,285,-19,292,256,-31,302,236,-41,309,217,-49,256,278,-20,268,250,-31,274,230,-40,280,213,-47,236,278,-22,243,253,-32,246,236,-39,250,220,-43,0
221,343,0,245,351,-18,268,348,-28,284,340,-37,297,331,-45,285,300,-20,311,282,-32,325,268,-42,335,254,-49,272,285,-19,292,255,-31,302,235,-41,309,216,-49,256,278,-20,268,249,-31,275,229,-40,281,212,-47,236,278,-22,242,254,-33,246,237,-39,250,222,-43,0
222,344,0,247,352,-20,269,348,-31,285,339,-39,296,330,-47,286,300,-20,311,283,-32,324,269,-42,334,254,-50,273,284,-18,292,255,-30,301,234,-41,309,216,-48,256,278,-18,268,249,-30,274,229,-40,280,212,-46,237,277,-20,243,254,-31,247,237,-37,250,223,-42,0
222,345,0,245,352,-20,267,349,-30,283,340,-39,297,331,-48,286,300,-22,310,282,-34,324,268,-45,335,254,-52,273,285,-20,292,255,-32,301,235,-43,308,216,-50,256,278,-21,268,249,-32,274,228,-42,279,210,-48,236,278,-23,243,254,-33,246,238,-39,250,222,-44,0
78,343,0,106,326,-8,128,300,-14,138,278,-21,140,258,-27,98,259,-8,104,224,-21,119,220,-32,133,225,-37,83,260,-11,87,221,-24,107,218,-33,123,226,-38,67,267,-15,69,228,-28,90,227,-33,107,234,-35,50,279,-20,51,248,-32,67,243,-35,82,248,-36,0
78,349,0,115,337,-15,144,316,-21,158,293,-27,164,272,-33,127,266,-11,144,234,-23,155,214,-33,163,195,-40,103,258,-13,113,219,-23,121,194,-33,128,173,-40,80,260,-16,80,223,-27,82,199,-36,86,178,-42,56,270,-21,52,242,-32,51,223,-38,53,204,-42,0
79,349,0,116,338,-15,145,317,-21,160,294,-27,169,274,-33,128,266,-11,146,234,-22,156,214,-32,164,195,-39,104,258,-12,115,219,-22,123,194,-32,129,173,-39,81,260,-15,82,223,-27,84,199,-36,88,177,-41,58,271,-20,54,242,-32,53,223,-38,55,203,-42,0
82,350,0,119,338,-15,147,317,-21,161,294,-27,169,274,-34,130,265,-10,148,234,-22,158,214,-32,167,195,-40,106,258,-12,116,219,-23,124,194,-33,131,172,-41,83,261,-16,83,224,-28,86,200,-37,90,178,-43,60,272,-21,56,244,-33,55,224,-39,57,203,-43,0
83,351,0,120,338,-15,149,317,-22,162,293,-27,170,272,-33,131,265,-10,149,234,-22,159,213,-32,168,195,-39,108,258,-11,118,219,-22,126,194,-32,132,172,-40,85,261,-15,86,224,-27,89,200,-36,94,178,-42,61,272,-20,57,244,-32,57,224,-38,59,204,-42,0
84,351,0,121,339,-15,150,317,-21,163,294,-27,172,272,-33,132,266,-9,150,234,-21,160,214,-31,169,195,-38,109,259,-10,119,220,-21,127,195,-31,134,173,-39,86,261,-14,87,225,-26,90,201,-35,96,179,-41,62,272,-19,59,243,-31,59,224,-37,61,204,-41,0
84,351,0,121,338,-15,150,317,-21,163,294,-27,172,273,-33,132,266,-9,150,234,-21,160,214,-31,170,196,-38,109,259,-10,119,220,-21,127,195,-31,134,173,-38,86,261,-14,87,225,-25,90,200,-35,96,179,-41,62,272,-19,59,243,-31,59,224,-37,61,204,-41,0
85,351,0,122,338,-15,150,317,-21,163,294,-27,171,273,-33,134,265,-9,151,233,-21,161,213,-31,170,195,-38,110,258,-10,120,220,-21,128,195,-31,135,173,-39,87,261,-14,88,224,-26,91,201,-35,97,179,-41,63,272,-19,60,244,-31,59,224,-38,62,204,-42,0
85,351,0,122,339,-16,150,318,-23,163,294,-28,172,273,-34,134,266,-9,151,234,-21,161,214,-31,170,196,-38,110,259,-10,121,220,-21,128,195,-31,135,173,-39,87,262,-13,88,225,-26,92,201,-35,97,179,-42,63,272,-18,60,244,-31,60,224,-38,62,204,-42,0
85,351,0,122,339,-16,150,318,-23,163,294,-29,172,273,-35,134,266,-9,151,234,-21,161,214,-31,170,196,-39,110,259,-10,121,220,-21,128,195,-32,135,173,-40,87,262,-14,88,225,-26,92,201,-36,97,179,-42,63,272,-19,60,244,-31,60,224,-38,62,204,-42,0
85,351,0,123,339,-16,151,318,-22,163,294,-28,172,273,-34,134,266,-10,151,234,-21,161,214,-31,170,196,-39,110,259,-10,120,220,-21,128,195,-32,135,173,-40,87,262,-14,88,225,-26,91,201,-36,96,179,-42,63,272,-19,60,244,-31,60,224,-38,62,204,-43,0
85,351,0,123,339,-16,150,318,-22,163,294,-28,172,273,-34,134,266,-10,151,234,-21,162,214,-32,171,196,-39,110,259,-11,120,220,-22,128,195,-32,135,173,-40,87,262,-14,88,225,-26,92,201,-36,97,179,-42,63,273,-19,60,244,-32,60,224,-38,63,203,-43,0
85,351,0,122,339,-16,150,318,-23,163,295,-29,172,273,-36,134,266,-10,151,234,-22,162,214,-32,171,196,-40,110,259,-11,121,220,-22,128,195,-33,135,173,-41,87,262,-14,88,225,-27,92,201,-36,97,179,-43,63,272,-19,60,244,-32,60,224,-39,62,203,-43,0
86,351,0,123,339,-16,151,318,-23,163,294,-30,172,273,-37,134,266,-11,151,234,-23,162,214,-34,171,196,-42,111,259,-12,121,220,-24,128,195,-35,135,173,-43,88,262,-16,89,226,-28,92,201,-38,98,179,-45,64,273,-21,61,245,-34,60,224,-41,62,204,-45,0
86,352,0,123,339,-17,151,318,-24,164,295,-31,173,273,-38,134,266,-11,151,234,-24,162,214,-35,171,196,-43,110,259,-12,121,220,-24,128,195,-35,136,172,-43,87,262,-16,89,225,-29,93,201,-39,98,179,-45,64,273,-21,60,245,-34,60,224,-41,63,204,-45,0
86,351,0,123,338,-17,151,318,-24,164,294,-31,173,273,-39,134,266,-11,151,234,-24,161,214,-35,171,196,-43,110,259,-12,120,220,-24,128,195,-35,135,173,-43,87,262,-16,89,225,-28,92,201,-38,98,179,-45,64,273,-21,60,245,-33,60,225,-40,62,204,-45,0
85,351,0,122,338,-15,151,317,-22,163,293,-27,173,273,-33,133,266,-9,150,234,-21,161,214,-31,170,195,-39,109,259,-10,120,220,-22,127,195,-32,135,173,-40,86,262,-14,88,226,-26,92,201,-37,98,180,-43,63,273,-19,59,245,-32,60,225,-39,63,204,-44,0
84,350,0,122,337,-15,150,316,-21,163,293,-26,172,273,-32,133,266,-8,150,234,-20,161,214,-30,170,195,-38,110,259,-10,120,220,-21,128,195,-32,135,173,-40,87,262,-14,88,225,-26,92,201,-37,98,180,-44,63,273,-19,60,244,-31,60,225,-39,63,204,-44,0
84,350,0,122,338,-15,150,316,-22,163,293,-28,170,273,-34,131,266,-11,149,234,-23,159,214,-33,168,195,-41,108,259,-12,118,220,-23,126,195,-34,133,173,-42,86,262,-16,87,225,-28,92,201,-37,97,179,-44,62,273,-21,59,244,-33,59,224,-40,62,204,-45,0
84,351,0,122,338,-15,150,316,-22,163,293,-28,170,272,-34,132,265,-10,149,234,-22,160,213,-33,169,195,-40,109,259,-11,119,220,-22,126,195,-33,133,173,-41,86,261,-15,88,225,-27,91,201,-37,96,179,-43,62,272,-20,59,244,-32,59,225,-39,61,204,-44,0
84,351,0,122,338,-16,150,317,-24,161,293,-30,170,272,-36,131,265,-10,148,234,-22,158,213,-33,167,195,-40,108,258,-11,118,219,-22,125,194,-32,132,172,-40,85,261,-14,87,225,-26,91,201,-36,96,179,-42,62,272,-19,59,244,-31,58,224,-38,61,204,-43,0
84,350,0,122,338,-17,150,317,-24,162,293,-30,170,271,-37,131,265,-10,149,233,-22,159,213,-33,167,194,-41,108,258,-11,118,219,-22,125,194,-33,132,172,-41,85,261,-14,87,225,-26,90,201,-36,96,179,-43,62,272,-19,58,244,-31,58,225,-39,61,204,-44,0
84,350,0,122,338,-17,150,317,-24,162,293,-30,170,271,-37,131,265,-10,149,233,-22,159,213,-33,167,195,-41,108,258,-11,118,220,-22,125,194,-33,132,172,-41,85,261,-14,87,225,-26,90,201,-37,96,179,-44,62,272,-19,58,244,-32,58,225,-39,61,204,-44,0
84,350,0,121,337,-15,149,315,-22,163,292,-28,169,271,-34,131,265,-10,148,233,-22,158,213,-33,166,194,-41,108,258,-11,117,219,-22,125,194,-33,132,172,-41,85,261,-15,86,225,-27,90,201,-37,95,179,-43,61,273,-20,58,244,-32,58,225,-39,60,204,-43,0
84,350,0,121,337,-15,149,315,-22,163,292,-28,169,271,-34,131,265,-10,148,233,-22,158,213,-33,166,195,-41,108,258,-11,117,219,-23,125,194,-33,132,172,-41,85,261,-15,86,225,-27,90,201,-37,95,180,-43,61,273,-20,58,244,-32,58,225,-39,60,204,-44,0
84,350,0,122,337,-15,149,316,-22,162,292,-28,168,272,-34,131,265,-9,148,233,-21,157,213,-31,166,194,-39,108,259,-10,117,220,-21,124,194,-32,131,172,-40,85,262,-14,86,225,-26,90,201,-36,95,180,-43,61,273,-19,58,245,-31,58,225,-38,60,205,-43,0
85,351,0,122,337,-15,150,315,-21,162,292,-27,168,271,-33,131,265,-9,148,233,-21,157,213,-31,166,195,-39,108,259,-10,117,220,-21,124,194,-32,131,172,-40,85,262,-14,86,225,-26,90,201,-36,95,180,-42,61,273,-19,58,245,-31,58,225,-38,60,204,-43,0
83,350,0,121,337,-17,149,316,-24,162,292,-30,168,271,-36,131,265,-9,148,234,-21,158,213,-32,166,194,-40,108,258,-10,117,219,-20,124,194,-31,131,172,-39,85,261,-13,86,225,-25,90,201,-34,95,179,-41,61,272,-17,58,244,-29,58,225,-36,60,205,-41,0
84,350,0,122,336,-16,149,316,-22,162,292,-28,168,271,-34,131,265,-9,148,234,-21,158,213,-31,166,194,-39,108,258,-10,117,219,-21,124,194,-31,131,171,-39,85,261,-13,87,225,-25,90,201,-35,95,179,-41,61,272,-18,58,244,-30,58,225,-37,61,205,-41,0
84,350,0,122,337,-16,149,316,-22,162,292,-28,169,271,-35,131,264,-9,148,233,-21,157,213,-31,165,194,-39,108,258,-10,117,219,-21,124,194,-32,130,172,-39,85,261,-14,86,225,-26,90,201,-35,95,180,-42,61,272,-19,58,244,-31,58,224,-38,60,204,-42,0
84,350,0,121,337,-16,149,316,-22,162,293,-29,169,271,-35,131,264,-9,148,233,-21,157,213,-31,165,194,-39,108,258,-10,117,219,-21,124,194,-32,130,172,-39,85,261,-14,86,224,-26,90,201,-35,95,180,-42,61,272,-19,58,245,-31,57,225,-38,60,205,-42,0
84,350,0,121,337,-15,149,315,-22,162,292,-27,168,271,-33,130,265,-9,147,233,-21,157,213,-32,165,194,-39,107,258,-11,116,220,-21,124,195,-32,130,173,-40,84,262,-14,86,225,-26,90,202,-36,95,180,-42,61,272,-20,57,244,-31,57,224,-38,60,205,-42,0
84,351,0,121,337,-15,149,315,-21,162,292,-27,168,271,-33,130,265,-9,147,233,-21,157,213,-31,165,195,-39,107,258,-10,117,220,-21,124,195,-32,131,173,-39,84,261,-14,86,225,-26,90,201,-35,95,180,-41,61,272,-19,57,244,-31,57,225,-38,60,205,-42,0
84,351,0,121,337,-15,149,315,-21,162,292,-27,168,271,-33,130,265,-9,147,233,-21,157,213,-31,165,195,-39,107,258,-10,117,220,-21,124,195,-31,131,173,-39,84,262,-14,86,225,-26,90,201,-35,95,180,-41,61,272,-19,57,244,-31,57,225,-38,60,205,-42,0
84,351,0,121,337,-15,149,315,-21,162,291,-27,167,271,-32,131,265,-9,147,233,-20,157,213,-31,165,194,-39,107,258,-10,117,220,-21,124,194,-31,131,172,-39,84,262,-14,86,225,-26,90,201,-35,95,180,-42,61,273,-19,58,245,-31,57,225,-38,60,205,-42,0
83,352,0,120,338,-15,148,316,-21,162,291,-27,165,270,-32,130,265,-7,146,233,-19,155,213,-29,163,194,-37,107,259,-8,116,220,-19,123,195,-30,130,172,-38,84,262,-12,86,226,-23,90,202,-33,95,181,-40,60,273,-17,57,245,-29,57,225,-36,60,205,-40,0
83,351,0,121,337,-16,148,315,-22,162,291,-28,166,270,-33,130,265,-8,146,233,-20,155,213,-30,163,194,-38,107,258,-9,116,220,-19,123,195,-30,130,173,-38,84,262,-12,86,225,-24,90,201,-33,95,180,-40,60,272,-17,57,245,-29,57,225,-36,59,205,-40,0
83,350,0,120,336,-15,148,315,-22,161,291,-27,165,269,-33,130,264,-8,146,233,-19,155,213,-30,163,195,-38,106,258,-9,115,219,-19,122,194,-30,128,172,-38,83,261,-13,85,226,-24,89,202,-33,95,181,-40,60,272,-18,56,244,-29,56,225,-36,58,206,-40,0
83,350,0,120,336,-15,148,314,-21,160,290,-26,164,268,-31,129,264,-8,145,233,-19,154,213,-30,162,194,-37,106,258,-9,115,219,-19,122,194,-30,128,172,-37,83,261,-13,85,225,-24,89,202,-33,94,181,-39,60,272,-18,56,244,-29,56,225,-35,59,205,-39,0
83,350,0,121,336,-15,149,315,-22,161,290,-27,163,268,-32,128,265,-8,144,233,-19,153,212,-30,161,193,-37,105,258,-8,114,219,-19,121,194,-30,128,172,-37,82,261,-12,84,225,-23,88,201,-33,93,180,-39,59,272,-17,56,244,-28,56,224,-35,58,205,-39,0
82,350,0,121,336,-16,148,315,-22,160,290,-27,163,268,-33,128,265,-8,144,233,-19,153,212,-29,162,193,-37,105,258,-8,114,219,-18,121,194,-29,128,172,-37,82,261,-11,84,225,-22,88,201,-32,93,180,-38,59,272,-16,56,244,-27,56,224,-34,58,205,-38,0
83,350,0,121,336,-16,149,315,-22,160,290,-27,162,268,-33,128,265,-8,144,233,-19,153,212,-30,162,193,-37,105,258,-8,114,219,-19,121,194,-29,128,172,-37,82,261,-11,84,225,-23,88,201,-32,93,180,-39,59,272,-16,56,244,-28,56,224,-34,58,205,-38,0
83,350,0,120,337,-16,148,314,-22,161,290,-27,162,269,-33,128,264,-9,144,232,-21,153,212,-31,160,193,-39,105,258,-10,114,220,-20,121,194,-31,127,172,-39,82,261,-13,84,225,-25,87,201,-34,93,180,-41,59,272,-18,56,245,-30,55,225,-36,57,205,-41,0
83,350,0,120,336,-16,148,314,-22,161,290,-28,162,269,-33,128,264,-9,144,232,-21,153,212,-31,161,193,-39,105,258,-10,114,220,-20,121,194,-31,127,172,-39,82,261,-13,84,225,-25,87,201,-34,93,180,-41,59,272,-18,56,245,-30,55,225,-36,57,205,-41,0
82,351,0,120,336,-16,148,315,-23,161,289,-28,163,267,-34,128,265,-8,144,233,-19,152,212,-30,160,193,-38,106,259,-8,114,220,-19,121,194,-30,128,172,-38,83,262,-11,84,226,-23,88,202,-33,93,181,-40,59,272,-16,56,245,-28,55,225,-35,58,205,-40,0
82,351,0,120,336,-16,148,315,-22,161,290,-28,163,267,-33,128,265,-9,143,233,-20,152,212,-31,160,194,-39,105,259,-9,114,220,-20,121,194,-31,127,172,-39,82,262,-12,84,226,-24,88,202,-34,93,181,-40,59,272,-17,56,245,-29,56,225,-36,58,206,-40,0
82,350,0,120,335,-16,148,314,-22,160,289,-28,161,267,-34,128,265,-9,143,233,-21,151,212,-31,159,194,-39,105,258,-10,113,219,-20,119,194,-31,125,172,-39,82,262,-13,83,226,-25,87,202,-34,92,181,-40,58,272,-18,55,244,-30,55,225,-36,57,205,-40,0
82,350,0,120,336,-16,147,315,-22,160,290,-28,161,267,-34,127,265,-9,143,233,-20,151,212,-31,159,193,-39,104,258,-9,113,219,-20,119,194,-31,125,172,-39,81,261,-13,83,226,-24,87,202,-34,92,181,-40,58,272,-18,54,244,-29,54,225,-36,57,206,-40,0
82,350,0,119,336,-16,147,314,-24,159,290,-30,161,267,-36,126,264,-10,141,232,-23,150,212,-33,158,193,-41,103,258,-11,111,219,-22,118,194,-33,124,171,-41,81,262,-14,82,226,-26,86,202,-35,91,181,-42,58,273,-19,54,245,-31,53,225,-38,55,206,-42,0
82,350,0,118,336,-16,146,314,-23,159,290,-30,161,267,-36,126,265,-11,141,233,-23,150,212,-34,158,192,-42,103,259,-12,111,220,-23,118,194,-33,125,171,-41,80,262,-15,82,226,-27,85,202,-35,91,181,-41,57,272,-20,53,245,-31,53,225,-37,55,206,-41,0
80,350,0,118,336,-17,145,313,-23,156,288,-29,161,266,-35,124,264,-9,140,232,-21,148,211,-31,156,193,-39,101,258,-9,110,219,-20,116,193,-30,122,171,-38,79,262,-12,80,225,-23,83,201,-33,88,180,-39,55,272,-16,52,245,-28,51,225,-35,53,206,-39,0
79,350,0,117,336,-16,144,314,-23,155,288,-29,160,266,-35,124,264,-9,140,232,-21,148,211,-31,156,192,-39,101,258,-9,109,219,-20,116,193,-30,122,171,-38,79,261,-12,80,225,-24,83,201,-33,88,180,-39,55,272,-17,52,244,-28,51,225,-35,53,206,-38,0
79,350,0,118,335,-16,145,313,-23,156,288,-29,159,266,-35,124,264,-9,139,232,-20,148,211,-31,156,193,-39,101,258,-9,109,219,-20,116,194,-31,122,171,-40,78,262,-12,79,225,-24,83,201,-35,88,180,-41,55,273,-17,51,245,-29,51,225,-37,53,206,-41,0
80,351,0,118,336,-16,146,313,-23,157,288,-29,160,265,-35,124,264,-10,139,232,-22,148,211,-33,156,193,-40,101,258,-10,110,219,-22,116,193,-32,122,171,-40,79,262,-14,80,225,-26,83,201,-36,88,180,-42,55,273,-19,51,245,-31,51,226,-38,53,206,-42,0
80,351,0,117,336,-16,145,313,-23,156,288,-30,161,266,-36,125,264,-10,140,232,-23,148,211,-34,156,193,-42,102,258,-11,110,219,-23,116,194,-34,122,171,-42,79,262,-15,80,226,-27,83,202,-37,88,181,-43,56,273,-20,51,245,-32,51,226,-39,53,206,-43,0
79,350,0,118,335,-17,146,314,-24,157,289,-30,159,266,-36,124,264,-10,139,232,-22,148,211,-33,156,192,-41,101,259,-10,109,220,-21,116,194,-32,122,171,-41,78,262,-13,80,226,-25,83,201,-35,88,180,-42,55,273,-18,51,245,-30,51,226,-37,52,206,-42,0
81,350,0,118,335,-17,145,313,-24,157,288,-30,160,266,-36,124,265,-9,140,232,-21,149,212,-32,157,193,-40,102,259,-10,110,220,-21,117,194,-32,123,172,-39,79,262,-13,80,225,-25,84,201,-34,89,180,-40,56,273,-18,52,245,-30,52,225,-36,54,206,-40,0
81,351,0,118,335,-17,145,313,-24,157,289,-30,161,266,-36,125,265,-9,140,232,-21,149,211,-32,157,193,-40,102,259,-10,110,220,-21,116,194,-31,123,172,-39,79,262,-13,80,225,-25,84,201,-34,89,180,-40,56,273,-17,52,245,-29,52,225,-36,54,206,-40,0
81,350,0,118,336,-16,146,314,-24,158,289,-30,162,266,-36,125,265,-11,141,232,-23,149,211,-34,157,192,-42,102,259,-11,110,220,-23,117,194,-33,123,171,-41,79,262,-14,80,226,-26,84,202,-36,89,181,-42,56,273,-19,52,245,-31,52,226,-38,54,206,-42,0
81,350,0,118,336,-17,146,314,-24,158,289,-30,162,266,-36,125,265,-10,141,232,-22,149,211,-33,157,193,-40,102,259,-10,110,220,-22,117,194,-32,123,172,-40,80,262,-13,81,226,-26,84,202,-35,89,180,-42,56,273,-18,53,245,-30,52,226,-37,54,206,-42,0
82,350,0,120,336,-16,148,314,-23,158,289,-30,161,267,-36,126,265,-10,142,232,-23,150,212,-33,158,193,-41,103,259,-11,111,220,-22,118,194,-34,124,171,-42,80,262,-14,81,226,-27,85,202,-37,90,181,-43,57,273,-19,53,246,-32,53,226,-39,55,206,-43,0
82,350,0,120,336,-16,147,314,-23,158,289,-29,161,266,-35,126,265,-10,142,233,-22,150,212,-33,158,193,-40,103,259,-11,111,220,-22,118,194,-33,124,172,-41,80,262,-14,81,226,-26,85,202,-36,90,181,-42,57,273,-19,53,245,-31,53,226,-38,55,206,-42,0
82,350,0,120,336,-16,148,314,-23,159,289,-29,161,266,-36,126,265,-11,142,232,-23,151,212,-34,158,193,-42,103,259,-12,111,220,-23,118,194,-34,124,172,-41,80,262,-15,82,226,-27,85,202,-36,91,181,-42,57,273,-19,54,245,-31,53,225,-38,55,206,-42,0
82,351,0,119,336,-16,147,314,-23,159,288,-29,160,265,-35,126,265,-10,142,233,-23,151,212,-34,158,193,-42,103,259,-11,111,220,-22,118,194,-33,124,172,-41,80,262,-14,81,226,-26,85,202,-35,91,180,-42,57,273,-19,53,245,-31,53,226,-37,56,206,-41,0
82,351,0,120,336,-15,148,313,-21,159,288,-26,162,266,-31,127,264,-8,142,232,-19,151,211,-29,158,192,-37,104,259,-9,112,220,-19,118,194,-30,125,172,-38,81,262,-12,82,226,-24,85,202,-34,91,181,-40,58,274,-17,54,246,-29,53,226,-36,56,206,-41,0
82,351,0,120,336,-16,148,314,-22,159,288,-27,162,266,-33,127,265,-8,142,232,-20,151,211,-31,158,192,-38,104,259,-9,112,220,-20,118,194,-31,125,172,-39,81,262,-12,82,226,-24,85,202,-34,91,181,-41,58,274,-17,54,246,-30,54,226,-37,56,206,-41,0
83,351,0,120,336,-16,148,314,-22,159,288,-28,160,266,-34,127,265,-10,142,232,-22,151,211,-32,158,192,-40,104,259,-10,112,220,-22,118,194,-32,125,171,-40,81,262,-14,82,226,-26,85,202,-35,91,180,-42,58,273,-19,54,245,-31,54,225,-37,56,206,-42,0
82,350,0,119,335,-16,148,314,-23,160,289,-29,161,266,-36,127,265,-11,142,233,-23,151,212,-34,158,193,-42,103,259,-11,112,220,-23,118,194,-33,125,172,-41,81,262,-15,82,226,-27,86,201,-36,91,180,-42,57,273,-19,54,246,-31,54,226,-38,56,206,-42,0
82,349,0,120,335,-16,148,314,-22,159,289,-28,161,267,-34,127,265,-10,142,233,-22,151,212,-32,158,193,-40,104,259,-11,112,220,-22,118,194,-32,124,172,-40,81,262,-14,82,226,-26,86,202,-35,91,181,-41,58,273,-19,54,246,-31,54,226,-37,56,206,-41,0
82,349,0,120,335,-16,148,314,-22,160,289,-28,161,267,-34,127,265,-10,142,233,-22,151,212,-33,158,193,-40,104,259,-11,112,220,-22,118,194,-33,124,172,-40,81,262,-14,82,226,-26,86,202,-36,91,181,-42,58,273,-19,54,246,-31,54,226,-38,56,206,-42,0
81,352,0,120,337,-16,147,314,-22,159,288,-27,161,266,-32,127,265,-8,142,232,-19,150,211,-29,158,193,-37,104,259,-8,112,220,-19,118,194,-30,124,172,-38,81,263,-12,82,226,-23,86,202,-33,91,181,-40,57,273,-17,54,245,-29,54,226,-36,56,206,-40,0
82,351,0,119,336,-16,147,314,-22,159,288,-28,161,266,-33,127,265,-8,142,232,-20,151,211,-30,158,192,-38,104,259,-9,112,219,-20,118,194,-31,124,171,-38,81,262,-12,82,226,-24,85,202,-34,90,180,-40,58,273,-17,54,245,-29,53,226,-36,55,206,-41,0
82,351,0,119,337,-16,147,314,-23,159,289,-29,161,266,-34,127,264,-9,142,232,-21,151,211,-31,159,192,-39,104,258,-10,112,219,-20,118,193,-31,124,171,-39,81,262,-13,82,226,-25,85,202,-34,91,180,-40,58,273,-18,54,245,-29,53,226,-36,55,206,-40,0
82,351,0,120,336,-16,148,314,-22,159,288,-28,161,266,-33,126,264,-8,142,232,-20,150,211,-30,158,193,-38,103,259,-9,111,220,-20,118,194,-31,124,171,-39,81,262,-12,82,226,-24,86,202,-34,91,181,-40,58,273,-17,53,246,-29,53,226,-36,55,207,-40,0
82,351,0,120,336,-16,148,314,-23,159,288,-28,161,266,-34,126,265,-9,142,232,-20,150,211,-31,158,193,-39,103,259,-9,111,220,-20,118,194,-31,125,172,-39,81,262,-12,82,226,-24,86,202,-34,91,181,-40,58,273,-17,53,245,-29,53,226,-36,55,206,-40,0
82,351,0,120,336,-16,148,314,-22,159,288,-28,161,266,-33,126,265,-8,142,232,-20,150,212,-31,158,193,-38,103,259,-9,111,220,-20,118,194,-30,125,172,-39,81,262,-12,82,226,-24,86,202,-34,91,181,-40,58,273,-17,53,245,-29,53,226,-36,55,206,-40,0
82,351,0,120,336,-16,148,314,-22,159,288,-28,161,266,-33,126,265,-9,141,232,-21,150,211,-32,158,192,-39,103,259,-10,111,220,-21,118,194,-32,124,172,-39,80,263,-13,82,226,-25,85,202,-35,91,181,-41,57,273,-18,53,246,-30,53,226,-37,55,206,-41,0
82,352,0,119,336,-16,148,314,-23,159,289,-29,161,266,-35,126,265,-10,141,232,-22,150,211,-33,158,192,-41,103,259,-11,111,219,-22,117,194,-33,123,171,-41,80,263,-14,81,226,-27,85,202,-36,90,181,-42,57,274,-20,53,246,-32,53,226,-38,55,206,-42,0
81,351,0,119,336,-16,147,314,-23,159,289,-29,162,267,-35,126,265,-9,142,232,-21,150,211,-32,158,192,-39,103,259,-10,111,219,-21,118,194,-31,124,171,-39,80,262,-13,82,226,-25,85,201,-34,90,180,-40,57,273,-18,53,245,-29,53,225,-36,55,206,-40,0
81,351,0,119,336,-16,147,314,-22,159,289,-28,162,267,-34,126,265,-9,142,232,-20,150,211,-31,157,192,-39,103,259,-9,111,219,-20,118,193,-31,124,171,-39,80,262,-13,82,226,-25,85,202,-34,90,181,-40,57,273,-18,53,245,-30,53,226,-36,55,206,-40,0
83,351,0,120,336,-16,148,313,-22,159,288,-28,161,266,-34,127,264,-9,142,232,-21,150,211,-32,158,192,-39,104,258,-10,111,219,-21,118,194,-31,124,172,-39,81,262,-14,81,226,-25,85,202,-34,90,180,-40,57,273,-19,53,245,-30,53,226,-37,55,206,-41,0
82,351,0,120,336,-16,147,314,-23,159,289,-29,161,267,-35,127,264,-10,142,232,-22,150,211,-33,158,192,-41,104,258,-11,112,219,-22,118,194,-32,125,171,-40,81,262,-14,81,225,-26,85,201,-35,90,180,-41,57,273,-19,53,245,-31,53,225,-37,55,206,-41,0
82,351,0,120,336,-16,148,314,-23,159,289,-29,161,267,-35,127,264,-10,142,232,-22,150,211,-33,158,192,-40,104,258,-11,112,219,-22,118,194,-32,124,171,-39,81,262,-14,81,225,-26,85,201,-35,90,180,-41,57,273,-19,53,245,-31,53,226,-37,55,206,-41,0
81,351,0,119,336,-16,147,315,-22,159,289,-28,161,266,-33,126,265,-9,142,232,-20,150,211,-31,158,192,-39,103,259,-9,111,220,-20,118,194,-30,124,172,-38,80,262,-12,81,226,-24,85,201,-34,90,180,-40,57,273,-17,53,245,-29,53,225,-36,55,205,-40,0
82,351,0,120,336,-15,147,315,-21,159,289,-27,160,266,-32,126,265,-8,142,232,-19,151,211,-29,158,192,-37,103,259,-8,112,220,-19,118,194,-30,124,171,-38,80,263,-12,81,226,-23,85,202,-33,90,180,-39,57,274,-17,53,245,-29,53,225,-35,55,205,-39,0
82,351,0,119,336,-16,147,314,-23,159,289,-28,161,267,-34,126,265,-9,142,233,-20,151,212,-30,158,193,-38,103,259,-9,111,219,-19,118,193,-30,124,171,-38,80,262,-12,81,225,-23,85,201,-33,90,180,-40,57,273,-17,53,245,-28,52,225,-35,54,206,-39,0
81,351,0,119,336,-16,147,314,-23,160,289,-29,161,267,-34,126,264,-9,142,232,-21,150,211,-31,158,192,-39,103,259,-10,111,219,-20,117,193,-31,124,171,-39,80,262,-13,81,226,-24,84,202,-34,90,180,-40,57,273,-18,53,245,-29,53,225,-36,55,206,-40,0
81,350,0,119,336,-16,147,314,-23,159,289,-29,160,266,-35,126,264,-9,141,232,-21,150,211,-32,157,192,-39,103,258,-10,111,220,-20,117,194,-31,123,172,-39,80,262,-13,81,226,-25,85,202,-34,90,181,-41,57,273,-18,53,245,-30,53,226,-36,55,206,-40,0
81,350,0,119,336,-16,147,314,-22,159,289,-28,160,266,-34,126,265,-9,141,232,-21,150,211,-31,157,192,-39,103,259,-10,111,220,-20,117,194,-31,124,172,-39,80,262,-13,81,226,-24,84,202,-34,90,181,-40,57,273,-17,53,245,-29,53,226,-36,55,206,-40,0
82,350,0,119,336,-16,147,314,-22,159,289,-28,160,266,-34,126,265,-9,141,232,-21,150,211,-31,157,192,-39,103,259,-10,111,220,-20,117,194,-31,124,172,-39,80,262,-13,81,226,-24,84,202,-34,90,181,-40,57,273,-17,53,245,-29,53,226,-36,55,206,-40,0
82,350,0,120,336,-16,147,315,-23,159,289,-29,161,266,-35,126,265,-10,142,232,-22,151,211,-32,158,192,-40,103,259,-10,111,219,-21,118,194,-31,124,172,-39,80,262,-13,81,225,-25,85,201,-34,90,180,-41,57,273,-18,53,245,-30,53,226,-36,54,206,-40,0
82,350,0,120,336,-16,147,315,-23,159,289,-29,161,266,-35,126,265,-10,142,232,-22,150,211,-33,158,192,-40,103,259,-10,111,220,-21,118,194,-32,124,172,-40,80,262,-13,81,226,-25,85,201,-35,90,180,-41,57,273,-18,53,245,-30,53,226,-36,55,206,-41,0
82,351,0,119,337,-17,147,314,-24,159,289,-30,161,267,-36,126,264,-10,142,232,-23,150,211,-33,158,193,-41,103,258,-11,111,219,-22,118,194,-33,124,172,-41,80,262,-14,81,225,-26,85,201,-35,90,180,-42,57,273,-19,53,245,-31,53,225,-37,54,206,-42,0
82,352,0,119,337,-17,147,315,-24,159,289,-30,160,267,-36,126,264,-10,142,232,-23,150,211,-33,158,192,-41,103,258,-11,111,219,-22,118,194,-33,124,171,-41,80,262,-14,81,225,-26,85,201,-35,90,180,-42,57,273,-19,53,245,-31,52,225,-37,54,206,-41,0
81,351,0,119,337,-17,147,315,-25,158,289,-31,160,266,-37,126,265,-10,141,232,-23,150,211,-34,157,192,-42,103,259,-10,111,220,-22,117,194,-33,123,171,-41,80,262,-13,81,226,-25,84,202,-35,90,180,-42,57,273,-18,53,245,-30,53,225,-37,54,206,-41,0
81,351,0,119,337,-17,148,315,-23,158,289,-29,160,266,-35,126,265,-10,141,232,-22,150,211,-32,157,192,-40,103,259,-10,111,220,-21,117,194,-32,123,171,-40,80,262,-13,81,226,-25,85,202,-35,90,181,-42,57,273,-18,53,245,-30,53,226,-37,55,206,-41,0
81,351,0,119,337,-17,147,315,-24,158,289,-30,160,266,-36,126,265,-10,141,232,-22,150,211,-33,157,192,-40,103,259,-10,111,220,-21,117,194,-32,124,171,-40,80,262,-13,81,226,-25,85,202,-35,90,181,-42,57,273,-18,53,245,-30,53,226,-37,55,206,-41,0
82,351,0,119,336,-17,147,314,-24,159,289,-30,159,267,-37,126,265,-10,141,232,-23,150,211,-34,158,192,-42,103,259,-11,111,220,-22,117,194,-33,124,171,-41,80,262,-14,81,226,-26,85,202,-36,90,180,-42,57,273,-19,53,245,-31,52,226,-38,54,206,-42,0
82,351,0,119,337,-17,147,315,-25,159,290,-31,159,266,-38,126,265,-11,141,232,-23,150,211,-34,158,192,-42,102,259,-11,111,220,-22,117,194,-34,124,172,-42,80,262,-14,81,226,-26,85,202,-36,90,180,-42,57,273,-19,53,245,-31,52,226,-38,54,206,-42,0
72,374,0,113,364,-16,148,340,-26,171,319,-34,193,307,-43,133,280,-16,153,243,-30,164,221,-42,174,201,-50,107,271,-19,119,226,-32,128,198,-43,135,173,-51,81,275,-24,83,232,-38,88,204,-48,93,178,-55,54,287,-30,49,254,-44,47,232,-51,47,209,-55,0
73,370,0,113,358,-16,146,335,-25,170,315,-33,192,302,-42,130,276,-15,149,240,-29,160,218,-40,169,198,-48,104,268,-18,117,224,-30,125,196,-41,132,172,-49,78,272,-23,81,230,-36,84,202,-46,89,177,-52,52,284,-30,47,253,-43,44,230,-49,44,208,-53,0
73,371,0,113,359,-16,146,336,-25,169,315,-34,191,302,-43,129,277,-16,149,240,-30,160,217,-41,170,197,-49,103,269,-18,116,225,-31,125,196,-42,132,172,-50,77,273,-23,80,231,-37,83,202,-47,88,176,-53,51,285,-30,46,253,-43,44,231,-50,44,208,-54,0
73,372,0,114,360,-16,148,336,-24,171,315,-33,193,304,-42,132,277,-16,151,240,-30,163,218,-40,173,198,-49,105,269,-19,117,225,-31,126,196,-42,133,172,-50,79,273,-24,81,231,-37,85,203,-46,90,177,-53,53,286,-30,47,254,-43,45,232,-49,44,210,-54,0
75,372,0,115,360,-15,149,337,-25,171,317,-34,194,305,-43,133,278,-17,152,241,-31,164,218,-42,173,198,-50,107,270,-20,119,225,-33,127,197,-44,134,173,-52,81,274,-25,83,231,-39,86,203,-49,91,177,-56,54,287,-32,49,255,-45,46,232,-52,46,210,-56,0
76,373,0,115,361,-17,149,338,-27,172,317,-36,195,306,-46,135,279,-18,154,242,-32,165,219,-43,174,199,-52,109,271,-21,121,225,-34,129,197,-46,135,172,-54,83,275,-26,84,231,-41,88,203,-51,92,178,-58,56,288,-33,50,255,-47,47,233,-55,47,210,-59,0
76,373,0,117,361,-15,151,338,-24,173,317,-33,195,306,-41,135,279,-16,155,243,-29,166,220,-40,175,199,-48,109,271,-19,121,226,-32,129,197,-43,136,173,-51,83,275,-24,85,232,-38,88,203,-48,93,178,-55,57,288,-31,51,256,-45,48,233,-52,48,210,-56,0
78,375,0,117,363,-16,150,338,-25,173,317,-34,196,307,-44,136,280,-16,155,243,-30,166,220,-41,175,200,-50,110,272,-20,122,227,-33,131,198,-44,138,174,-52,84,276,-25,86,233,-39,90,204,-49,94,179,-56,58,289,-32,52,257,-46,49,234,-53,48,211,-58,0
79,374,0,118,362,-16,152,339,-25,175,318,-34,197,306,-44,136,280,-17,156,243,-31,167,221,-43,176,200,-51,111,272,-20,123,227,-33,132,199,-45,139,174,-53,85,277,-26,87,234,-40,90,205,-50,95,179,-57,59,290,-33,53,257,-46,50,234,-54,50,211,-58,0
77,374,0,118,363,-15,152,338,-24,174,317,-31,197,306,-40,137,280,-15,156,244,-28,167,221,-38,176,201,-46,111,272,-17,124,227,-30,133,199,-40,139,174,-48,86,275,-22,88,233,-36,91,205,-46,95,179,-53,59,288,-29,54,256,-42,51,234,-49,51,211,-53,0
77,375,0,117,363,-16,151,339,-25,174,318,-33,196,305,-42,135,280,-16,155,244,-30,166,221,-41,175,201,-49,110,271,-19,122,226,-31,131,198,-42,138,174,-50,84,275,-24,85,233,-38,89,204,-47,94,179,-54,58,288,-31,52,256,-44,50,233,-51,50,211,-55,0
77,375,0,117,363,-16,151,339,-25,174,318,-33,196,306,-42,136,280,-16,155,244,-30,167,221,-41,176,201,-50,110,271,-19,123,226,-32,131,198,-43,138,174,-51,84,275,-25,86,232,-38,89,204,-48,94,178,-55,58,288,-31,52,256,-45,49,233,-52,49,211,-56,0
77,375,0,117,363,-16,151,339,-25,173,318,-34,196,305,-43,136,280,-16,155,243,-30,165,220,-41,174,200,-50,110,272,-19,122,226,-32,131,198,-43,138,174,-51,84,276,-25,86,233,-39,89,204,-49,95,179,-56,58,289,-32,51,257,-46,49,234,-53,48,211,-57,0
77,375,0,117,363,-16,151,339,-25,173,318,-33,196,305,-42,136,280,-16,155,243,-30,165,220,-41,174,200,-50,110,272,-20,122,226,-33,131,198,-44,138,174,-52,84,276,-25,86,233,-39,90,204,-50,94,179,-57,58,289,-32,51,257,-46,48,234,-53,48,211,-58,0
76,375,0,117,363,-16,151,339,-25,174,318,-33,196,305,-42,135,279,-16,155,243,-29,166,220,-41,175,200,-49,110,271,-19,122,226,-31,131,198,-42,138,174,-50,84,275,-24,86,232,-37,89,204,-47,94,179,-54,57,288,-31,52,256,-44,49,233,-51,49,211,-55,0
76,375,0,117,363,-16,151,339,-25,174,317,-33,196,306,-42,135,279,-16,155,243,-29,166,220,-40,175,200,-49,110,271,-19,122,226,-31,131,198,-42,138,174,-50,84,275,-24,86,232,-37,89,204,-48,94,179,-55,57,288,-31,52,256,-44,49,233,-51,48,211,-55,0
76,375,0,117,363,-15,151,338,-23,174,316,-32,196,306,-40,136,280,-15,155,243,-28,166,221,-39,175,200,-47,110,272,-18,123,227,-31,131,199,-42,138,174,-50,84,275,-24,86,232,-38,89,204,-48,94,178,-55,57,288,-31,51,256,-45,49,234,-52,49,211,-56,0
76,375,0,117,363,-15,151,338,-23,174,317,-31,196,305,-40,135,279,-15,155,243,-28,166,220,-39,175,200,-47,110,271,-18,122,227,-30,131,199,-41,138,175,-49,84,275,-23,86,232,-37,89,204,-47,94,179,-54,57,288,-30,51,256,-44,49,233,-50,49,211,-55,0
78,373,0,118,361,-15,152,338,-24,174,317,-33,197,306,-42,136,279,-16,156,243,-29,167,220,-40,176,200,-49,111,272,-19,123,226,-32,131,198,-43,138,174,-51,85,276,-25,86,233,-38,89,204,-49,94,179,-56,58,288,-31,52,256,-45,49,234,-53,49,211,-57,0
79,374,0,118,362,-16,151,338,-25,173,317,-34,196,305,-43,136,280,-16,156,243,-30,167,221,-42,176,200,-50,110,272,-20,123,226,-33,131,198,-43,138,174,-51,85,276,-25,86,233,-39,90,204,-49,94,179,-56,59,289,-32,52,256,-46,50,234,-53,50,211,-57,0
78,374,0,118,363,-16,151,339,-25,174,318,-34,196,306,-44,137,280,-16,156,243,-30,167,220,-42,177,200,-50,111,272,-19,123,227,-33,132,199,-44,138,174,-52,85,276,-25,87,233,-39,90,204,-50,94,178,-57,58,289,-32,53,256,-46,50,233,-53,50,210,-58,0
77,374,0,118,362,-16,152,338,-25,174,318,-34,197,307,-43,137,280,-16,156,243,-30,167,220,-41,176,200,-50,111,272,-19,123,227,-33,132,199,-44,139,175,-52,85,276,-25,87,233,-39,90,204,-49,95,179,-56,58,289,-32,53,256,-46,50,233,-52,50,211,-57,0
77,374,0,118,362,-16,152,338,-25,174,318,-34,197,306,-43,136,280,-16,156,244,-30,167,221,-41,176,201,-50,110,272,-19,123,227,-32,132,199,-43,139,175,-51,85,276,-24,87,233,-39,90,205,-49,95,179,-56,58,289,-31,52,257,-45,50,234,-53,50,211,-58,0
77,374,0,118,362,-16,151,338,-25,174,318,-34,197,306,-43,136,280,-16,156,244,-30,167,221,-41,177,201,-50,110,272,-19,123,227,-32,132,199,-43,139,175,-52,85,276,-24,87,233,-39,90,205,-49,95,179,-56,58,289,-31,52,257,-46,50,234,-53,50,211,-58,0
78,374,0,117,362,-15,151,338,-24,174,318,-32,196,305,-41,137,280,-16,156,243,-29,167,220,-40,177,200,-48,110,271,-19,123,226,-31,132,198,-42,139,174,-49,85,275,-24,87,232,-37,90,204,-47,95,178,-53,58,289,-31,52,256,-44,50,233,-50,50,211,-54,0
78,375,0,117,363,-15,151,339,-24,174,318,-32,196,305,-41,136,280,-16,155,243,-30,167,220,-41,176,200,-49,110,272,-19,123,226,-32,132,198,-42,139,174,-50,84,276,-25,86,233,-38,90,204,-48,94,179,-55,58,289,-32,52,256,-45,49,233,-51,49,211,-56,0
76,375,0,117,363,-15,151,338,-23,174,317,-31,196,306,-39,136,279,-15,156,243,-28,168,220,-39,177,200,-47,110,271,-18,123,226,-31,132,198,-41,139,174,-49,84,275,-24,86,232,-37,89,203,-47,94,178,-54,58,288,-31,52,256,-44,49,233,-51,49,211,-56,0
76,375,0,117,363,-15,152,338,-23,175,317,-31,196,306,-39,136,280,-15,156,243,-28,167,220,-39,176,200,-47,110,271,-18,123,226,-31,132,198,-41,139,174,-49,84,275,-24,86,232,-37,89,204,-47,94,179,-54,58,288,-31,52,256,-44,49,233,-51,49,211,-55,0
77,373,0,117,362,-15,151,338,-24,174,318,-33,197,306,-41,136,279,-16,155,243,-29,166,220,-40,176,201,-49,110,271,-19,123,226,-32,132,198,-42,139,174,-50,84,276,-25,86,233,-38,89,204,-48,94,179,-55,58,289,-32,52,256,-45,49,233,-52,49,211,-56,0
77,373,0,118,362,-15,151,338,-24,174,317,-33,196,306,-42,136,279,-16,155,243,-30,166,221,-41,176,201,-49,110,272,-20,123,226,-33,132,198,-44,139,174,-52,84,276,-25,86,233,-40,89,204,-50,94,179,-57,58,290,-33,52,257,-47,50,234,-54,50,211,-59,0
78,373,0,118,362,-16,151,338,-25,174,318,-34,196,306,-43,136,279,-17,155,243,-31,166,220,-42,176,200,-51,110,272,-20,123,226,-33,131,198,-45,138,174,-53,84,276,-26,86,233,-40,89,205,-50,94,179,-57,58,290,-33,52,257,-47,50,234,-54,50,211,-59,0
77,375,0,117,364,-16,151,339,-25,173,317,-34,196,305,-42,136,279,-16,155,243,-30,166,220,-40,175,200,-49,110,271,-19,123,226,-32,132,198,-43,138,174,-50,84,275,-24,86,232,-38,89,204,-48,94,178,-55,58,288,-31,52,256,-45,49,233,-52,49,210,-57,0
77,374,0,117,362,-16,150,338,-25,173,318,-33,196,306,-42,136,279,-16,155,243,-30,166,220,-41,175,200,-50,110,271,-19,122,226,-32,131,198,-43,138,174,-51,84,275,-25,86,232,-38,89,204,-49,94,179,-55,58,288,-31,52,256,-45,49,234,-52,49,211,-56,0
77,374,0,117,362,-16,151,338,-25,174,318,-34,196,306,-43,136,279,-16,155,243,-30,166,221,-41,175,200,-50,110,271,-19,122,227,-32,131,199,-43,138,175,-51,84,275,-24,86,232,-38,89,204,-48,94,179,-55,58,288,-31,51,256,-45,49,233,-52,49,211,-56,0
78,374,0,118,362,-15,152,339,-25,174,317,-33,196,305,-42,136,279,-16,156,243,-30,167,220,-41,176,200,-49,111,272,-19,123,226,-32,132,198,-43,139,174,-51,85,276,-25,86,233,-39,89,204,-49,94,178,-55,59,289,-32,52,256,-45,49,233,-52,49,211,-57,0
78,374,0,118,363,-15,151,339,-24,174,318,-33,196,305,-42,136,279,-16,156,243,-30,167,220,-41,176,200,-49,111,271,-19,123,226,-32,131,198,-43,138,174,-50,85,276,-25,86,233,-38,89,204,-48,94,178,-55,59,289,-31,52,256,-45,49,233,-52,49,211,-56,0
76,375,0,117,363,-15,151,338,-24,175,317,-32,197,306,-40,136,279,-15,155,243,-28,166,220,-39,175,199,-47,110,271,-18,123,226,-30,131,198,-41,138,174,-48,84,275,-23,85,232,-36,89,203,-46,93,178,-53,57,288,-30,51,255,-43,49,233,-50,48,211,-54,0
77,375,0,117,363,-16,151,339,-25,174,317,-33,197,306,-42,136,280,-16,155,244,-30,166,221,-41,175,201,-49,110,272,-19,123,227,-32,132,199,-43,139,174,-51,84,275,-24,86,233,-38,89,205,-48,93,179,-55,58,288,-31,52,256,-44,49,233,-51,48,211,-56,0
77,374,0,117,362,-16,152,339,-25,174,318,-34,197,306,-42,136,280,-17,155,244,-31,166,221,-42,175,200,-50,111,272,-20,123,227,-33,131,199,-44,138,174,-52,85,276,-25,86,233,-39,89,205,-49,93,179,-56,58,288,-32,52,256,-45,49,233,-52,48,211,-57,0
77,375,0,117,363,-15,151,339,-24,174,318,-32,196,305,-40,136,279,-14,155,243,-28,167,220,-38,176,200,-46,110,271,-17,122,227,-29,131,199,-40,138,175,-48,84,275,-22,85,233,-36,89,204,-46,93,179,-53,57,288,-29,52,256,-43,49,233,-49,49,211,-54,0
77,375,0,117,363,-15,151,339,-24,174,318,-32,196,305,-40,136,279,-14,156,243,-28,167,220,-38,177,200,-46,110,271,-18,123,226,-30,131,198,-40,138,175,-48,84,275,-23,85,232,-36,89,204,-46,93,179,-53,57,288,-30,52,256,-43,49,234,-50,48,211,-54,0
77,375,0,117,363,-15,151,339,-23,174,318,-32,196,305,-40,136,279,-14,156,243,-27,167,220,-38,177,200,-46,110,271,-17,123,226,-30,131,198,-40,138,175,-48,84,275,-23,85,233,-36,89,204,-46,93,179,-53,58,288,-30,52,256,-43,49,233,-50,48,211,-54,0
76,374,0,117,362,-16,151,339,-25,174,318,-33,196,306,-42,136,279,-16,155,243,-30,166,220,-41,176,200,-49,110,271,-19,123,226,-32,131,198,-43,138,174,-51,84,275,-24,85,233,-39,89,204,-49,93,179,-56,58,288,-31,52,256,-45,49,234,-53,48,211,-57,0
77,374,0,117,363,-15,151,338,-24,174,317,-32,196,305,-40,137,279,-15,156,243,-28,167,221,-39,175,201,-47,111,271,-18,123,226,-30,132,198,-40,139,174,-48,85,275,-23,86,232,-36,89,204,-46,94,179,-53,59,288,-30,52,255,-43,49,233,-50,49,211,-54,0
78,375,0,118,362,-16,151,339,-25,173,318,-34,196,306,-43,137,279,-16,156,243,-30,167,220,-41,176,200,-49,111,271,-19,123,226,-32,132,198,-43,139,174,-51,85,275,-25,86,232,-39,89,204,-49,94,179,-56,58,289,-32,52,256,-46,49,234,-53,49,211,-58,0
78,375,0,118,362,-16,151,339,-25,173,318,-33,196,306,-42,137,279,-16,156,242,-29,167,220,-40,176,200,-49,111,271,-19,123,226,-32,132,198,-43,139,174,-51,85,275,-24,86,232,-38,89,204,-49,94,179,-56,58,288,-31,52,256,-45,49,234,-53,49,211,-57,0
78,374,0,118,362,-15,152,338,-23,174,317,-31,196,306,-40,136,279,-15,155,243,-29,167,220,-40,176,200,-48,110,271,-19,123,226,-31,132,198,-42,139,174,-49,85,275,-24,86,233,-38,89,204,-47,93,179,-54,59,288,-31,52,256,-44,49,234,-51,49,211,-55,0
78,374,0,118,362,-15,152,339,-24,174,317,-32,196,306,-41,137,279,-15,156,243,-28,167,221,-39,176,201,-47,111,271,-18,123,226,-31,131,198,-41,138,174,-49,85,275,-24,86,233,-37,89,204,-47,94,179,-54,58,288,-31,52,256,-44,49,233,-51,49,211,-55,0
77,374,0,117,362,-15,150,338,-24,173,318,-33,196,305,-42,136,279,-15,156,243,-29,167,220,-40,176,200,-48,111,271,-19,123,226,-31,132,198,-42,138,174,-49,85,275,-24,86,232,-38,89,204,-47,93,178,-54,58,288,-31,52,256,-44,49,233,-51,48,211,-55,0
77,373,0,117,361,-15,151,338,-24,173,318,-32,196,305,-41,136,279,-15,155,243,-29,167,220,-40,175,200,-48,110,271,-19,123,226,-31,132,198,-42,138,174,-50,85,275,-24,86,232,-38,89,204,-47,93,179,-54,58,288,-31,52,256,-44,49,233,-51,48,211,-55,0
77,373,0,117,361,-15,151,338,-24,173,318,-33,196,305,-42,136,279,-15,156,243,-29,167,220,-40,176,200,-48,110,271,-19,123,226,-31,132,198,-42,138,174,-50,85,275,-24,86,232,-38,89,204,-48,93,179,-54,58,288,-31,52,256,-45,49,233,-51,48,211,-55,0
76,374,0,116,362,-17,150,338,-26,173,317,-35,196,305,-44,135,279,-16,155,243,-31,166,220,-42,175,199,-50,109,271,-19,122,226,-32,131,198,-43,138,174,-51,83,274,-24,85,232,-38,88,204,-49,93,178,-56,57,288,-31,52,255,-45,49,233,-52,49,211,-56,0
76,374,0,116,362,-15,151,338,-24,174,317,-32,196,305,-41,136,279,-14,155,243,-28,166,220,-38,176,200,-46,110,271,-17,122,226,-30,131,198,-40,138,174,-48,84,275,-23,85,232,-36,88,204,-46,93,179,-53,58,287,-30,52,255,-43,49,233,-50,49,211,-54,0
77,373,0,118,362,-16,151,338,-24,173,317,-33,196,305,-41,136,280,-15,155,243,-29,167,220,-40,176,200,-48,110,271,-18,123,226,-31,132,198,-42,139,174,-49,84,275,-24,86,232,-37,89,204,-47,93,179,-54,58,288,-30,52,255,-44,49,233,-51,49,210,-55,0
78,374,0,118,362,-15,151,338,-25,173,317,-34,196,305,-42,137,279,-16,156,243,-30,166,220,-40,175,200,-48,111,271,-19,123,226,-32,132,198,-42,138,174,-50,85,275,-24,86,233,-38,89,204,-48,93,179,-55,59,288,-31,52,255,-45,49,233,-52,49,211,-56,0
78,374,0,118,363,-16,151,339,-25,173,317,-33,196,304,-42,137,280,-16,155,243,-29,166,220,-40,175,200,-48,111,271,-19,123,226,-31,132,198,-42,138,174,-49,85,275,-24,86,233,-37,89,204,-47,94,179,-54,58,288,-31,52,256,-44,49,233,-51,49,211,-55,0
77,374,0,117,362,-16,152,338,-25,174,317,-33,196,305,-42,136,279,-16,155,243,-29,167,220,-40,176,200,-49,110,272,-19,123,227,-32,131,198,-43,138,174,-51,84,276,-24,86,233,-38,89,204,-48,93,179,-55,58,289,-31,52,256,-45,49,233,-52,49,210,-56,0
75,373,0,117,362,-16,151,338,-24,173,317,-32,196,304,-40,135,279,-14,155,243,-27,166,220,-38,175,200,-46,110,271,-17,123,226,-29,132,198,-40,139,175,-48,84,274,-22,86,232,-36,89,204,-46,94,179,-53,58,287,-29,52,256,-42,49,233,-50,49,211,-55,0
76,373,0,116,361,-15,151,337,-24,174,317,-32,196,304,-40,135,279,-15,155,243,-29,166,221,-39,175,201,-47,109,271,-18,122,226,-31,132,198,-41,139,174,-49,84,274,-24,85,232,-37,88,203,-47,93,178,-54,58,287,-30,52,255,-44,49,232,-51,48,210,-55,0
75,373,0,116,362,-17,150,339,-26,173,317,-34,196,305,-42,135,279,-15,155,243,-29,166,220,-40,176,200,-48,109,271,-18,122,226,-30,131,198,-41,138,174,-49,83,274,-23,85,232,-36,89,204,-46,93,179,-53,57,287,-29,51,255,-42,49,232,-49,49,210,-53,0
76,373,0,116,362,-16,151,338,-25,173,317,-33,196,305,-41,135,279,-15,155,243,-29,166,220,-39,175,200,-47,109,271,-18,122,226,-30,131,198,-40,138,174,-48,84,274,-23,85,232,-36,88,203,-46,93,179,-52,57,287,-29,51,255,-42,49,232,-49,49,210,-53,0
76,372,0,116,361,-15,150,338,-24,173,317,-32,196,305,-41,136,279,-16,155,243,-29,166,220,-40,175,200,-48,110,270,-19,123,226,-31,132,198,-42,139,175,-49,84,274,-24,85,232,-37,88,204,-47,92,179,-53,58,287,-31,52,255,-44,49,233,-50,49,210,-54,0
77,372,0,117,361,-15,151,338,-24,173,317,-33,196,305,-41,136,279,-16,155,243,-29,166,220,-40,176,200,-48,110,270,-19,123,226,-31,132,198,-42,139,174,-49,84,274,-24,85,232,-37,88,204,-47,92,178,-54,58,287,-30,52,255,-44,49,233,-50,49,210,-55,0
77,372,0,117,361,-15,151,338,-24,173,317,-33,195,305,-41,136,279,-16,155,243,-29,167,220,-40,176,200,-48,110,270,-19,123,226,-32,132,198,-42,139,175,-50,84,274,-24,85,232,-38,88,204,-47,93,179,-54,58,287,-31,52,255,-44,49,233,-51,49,210,-55,0
77,374,0,117,362,-15,151,338,-24,174,317,-32,196,305,-40,135,279,-15,155,243,-28,166,220,-39,175,200,-47,110,271,-18,123,226,-31,131,198,-41,139,174,-49,84,275,-24,86,232,-37,89,204,-47,93,179,-54,58,288,-31,52,255,-44,49,233,-51,48,210,-56,0
77,374,0,117,362,-15,151,338,-24,174,318,-32,196,305,-41,136,279,-15,155,243,-29,166,221,-40,175,201,-48,110,271,-19,123,226,-32,132,198,-42,139,174,-50,84,275,-25,86,232,-38,89,204,-49,93,178,-56,58,289,-32,52,256,-45,49,233,-52,48,211,-57,0
77,374,0,117,362,-15,151,338,-24,173,317,-32,196,305,-40,136,279,-15,156,242,-28,167,220,-38,175,200,-46,110,271,-18,123,226,-30,132,198,-40,139,174,-47,84,274,-23,85,231,-35,88,203,-45,93,178,-51,58,287,-29,52,254,-42,49,232,-48,49,210,-52,0
77,374,0,116,362,-15,151,338,-23,173,317,-31,196,305,-39,136,279,-15,156,242,-28,167,220,-38,176,200,-45,110,271,-18,123,226,-29,132,198,-39,138,174,-46,84,274,-23,85,231,-35,88,203,-45,93,178,-51,58,287,-29,52,254,-42,49,233,-48,48,211,-52,0
76,374,0,117,362,-15,151,338,-24,174,317,-32,196,305,-40,136,279,-14,155,243,-27,166,220,-38,175,200,-46,110,271,-17,122,226,-30,131,198,-40,139,174,-48,84,275,-22,85,232,-36,88,204,-47,93,179,-54,58,288,-29,52,255,-43,49,233,-50,49,211,-55,0
76,373,0,117,362,-15,150,338,-23,173,317,-31,196,306,-39,136,279,-15,155,243,-28,166,220,-39,175,200,-47,110,271,-18,123,226,-31,132,198,-42,139,175,-49,84,275,-24,85,233,-38,89,204,-48,93,179,-55,57,288,-31,52,256,-45,49,233,-52,49,210,-56,0
76,373,0,116,362,-15,150,338,-23,173,317,-31,196,306,-39,136,279,-15,155,243,-28,166,220,-39,175,200,-47,110,271,-19,123,226,-31,132,198,-42,139,175,-50,84,275,-24,85,232,-38,89,204,-48,93,179,-55,57,288,-31,52,256,-45,49,233,-52,49,211,-57,0
76,373,0,116,362,-15,150,337,-23,173,317,-31,196,305,-39,136,279,-15,155,243,-29,167,220,-39,175,200,-47,110,271,-19,123,226,-31,132,198,-42,139,174,-50,84,275,-24,85,232,-38,89,204,-48,93,179,-55,57,288,-31,52,256,-45,49,233,-52,49,210,-57,0
76,373,0,117,362,-16,151,338,-24,174,318,-32,196,306,-41,136,280,-15,156,243,-29,167,220,-39,176,200,-47,111,271,-18,123,226,-31,132,198,-42,139,174,-49,85,275,-23,86,232,-37,88,204,-47,93,178,-54,58,288,-30,52,255,-44,49,233,-51,49,210,-55,0
76,373,0,117,362,-16,152,339,-24,174,318,-32,196,306,-41,136,280,-15,155,244,-28,167,221,-39,176,201,-47,110,271,-18,123,226,-30,132,198,-41,139,174,-49,84,275,-23,85,232,-37,89,204,-47,93,179,-54,58,288,-30,52,255,-43,50,232,-51,49,210,-55,0
78,373,0,118,362,-15,152,338,-23,174,317,-32,197,306,-40,136,279,-16,156,243,-29,167,221,-40,176,201,-48,110,271,-19,123,226,-32,132,198,-42,139,175,-50,84,275,-24,85,233,-38,89,204,-48,93,179,-55,58,288,-31,52,255,-45,49,233,-51,49,210,-56,0
77,374,0,118,362,-15,151,339,-24,174,317,-32,196,305,-41,136,280,-15,156,243,-29,167,221,-40,176,201,-48,110,272,-19,123,227,-31,132,199,-42,139,175,-50,84,275,-24,85,233,-38,89,204,-48,93,179,-55,58,288,-31,52,255,-44,49,233,-51,49,210,-55,0
76,373,0,117,362,-16,151,338,-25,174,317,-33,196,306,-42,136,279,-16,156,243,-29,167,221,-40,176,201,-48,111,271,-19,124,226,-31,132,198,-42,139,175,-50,84,274,-24,86,232,-37,89,203,-48,94,178,-55,57,287,-30,52,255,-44,49,232,-51,49,210,-55,0
76,373,0,116,362,-16,151,338,-25,174,317,-34,196,306,-42,136,279,-16,155,243,-30,166,221,-41,175,201,-49,110,271,-19,123,226,-32,132,198,-43,140,175,-51,84,274,-24,86,232,-38,89,204,-49,94,179,-56,57,287,-31,52,255,-45,49,232,-52,49,210,-57,0
76,373,0,117,362,-16,151,337,-24,174,317,-32,196,306,-41,136,279,-15,156,243,-28,167,221,-39,176,201,-47,110,271,-18,123,226,-31,132,198,-41,140,175,-49,84,274,-23,86,232,-37,89,203,-47,93,178,-54,58,288,-30,52,255,-44,49,233,-51,49,210,-56,0
76,373,0,117,362,-16,151,337,-24,174,317,-32,196,306,-41,136,279,-15,156,244,-28,167,221,-39,176,201,-47,110,271,-18,123,226,-31,132,198,-41,140,175,-49,84,275,-23,86,232,-37,89,203,-48,93,178,-54,58,288,-30,52,255,-44,49,233,-51,49,210,-56,0
77,374,0,118,362,-15,151,338,-23,173,317,-31,196,305,-39,136,279,-14,155,243,-27,167,220,-38,176,200,-46,110,271,-17,123,226,-30,132,198,-40,139,174,-48,85,275,-23,86,232,-36,89,204,-46,93,179,-53,58,287,-30,52,255,-43,50,232,-50,50,210,-54,0
77,374,0,117,362,-15,151,338,-24,173,317,-32,196,306,-40,137,279,-15,156,243,-28,167,220,-39,176,200,-47,111,271,-18,123,226,-30,132,198,-41,139,174,-49,85,275,-23,86,232,-37,89,204,-47,93,179,-54,58,287,-30,52,255,-43,49,233,-50,49,211,-55,0
77,374,0,117,362,-16,151,339,-25,174,318,-34,196,306,-42,137,280,-16,156,244,-30,167,221,-40,175,201,-48,111,271,-19,124,227,-32,133,199,-43,139,175,-50,85,275,-24,86,232,-38,89,204,-48,93,178,-55,58,288,-31,52,255,-45,49,233,-52,49,211,-56,0
76,373,0,117,362,-16,151,339,-25,174,318,-33,196,306,-42,136,280,-16,156,244,-30,166,222,-40,175,202,-48,111,271,-19,123,227,-32,132,199,-42,140,175,-50,85,275,-24,86,232,-38,89,204,-48,93,179,-54,58,287,-30,52,255,-44,49,233,-51,49,210,-55,0
77,373,0,118,362,-15,152,338,-24,173,318,-33,195,306,-42,136,279,-15,156,243,-29,167,221,-40,176,201,-48,110,271,-19,123,226,-31,132,198,-42,139,174,-50,85,275,-24,86,232,-37,89,204,-47,93,179,-54,58,287,-31,52,255,-44,50,233,-51,49,211,-55,0
77,374,0,117,362,-16,151,339,-25,173,318,-34,196,306,-43,136,279,-16,156,243,-30,168,221,-41,177,201,-50,111,271,-19,123,227,-32,132,199,-43,139,174,-51,85,275,-25,86,233,-38,89,204,-49,94,179,-56,58,288,-32,52,256,-45,50,233,-52,49,211,-57,0
77,374,0,117,362,-16,151,338,-25,174,318,-33,197,306,-42,137,280,-16,157,243,-29,167,220,-40,176,200,-48,111,271,-19,124,227,-31,133,199,-42,139,175,-50,85,275,-24,87,232,-37,90,204,-48,94,178,-55,58,288,-30,53,255,-44,50,233,-51,49,210,-56,0
77,373,0,117,362,-16,151,338,-25,174,318,-34,197,307,-42,137,280,-16,156,244,-30,167,221,-41,176,201,-50,111,271,-19,124,227,-32,133,199,-43,140,175,-51,85,275,-24,86,233,-38,90,204,-49,94,179,-56,58,288,-31,53,255,-45,50,233,-52,49,210,-57,0
78,374,0,118,362,-16,152,339,-25,175,319,-34,197,306,-43,137,279,-16,156,243,-30,167,221,-41,176,200,-49,112,271,-19,124,227,-32,133,199,-43,140,175,-51,86,275,-25,87,233,-39,90,204,-49,94,179,-56,60,288,-32,53,256,-46,50,233,-53,49,211,-58,0
78,374,0,118,363,-16,152,339,-25,175,318,-33,197,306,-42,137,279,-16,156,244,-29,167,221,-40,176,201,-49,111,272,-19,124,227,-32,133,199,-42,140,175,-50,86,276,-24,87,233,-38,90,204,-49,94,179,-56,59,289,-31,53,256,-45,50,234,-52,49,211,-57,0
78,374,0,118,363,-16,152,339,-25,175,318,-34,197,306,-42,137,279,-16,156,243,-29,167,221,-40,176,201,-49,111,271,-19,124,227,-31,133,199,-42,139,175,-50,86,276,-24,87,233,-38,90,204,-48,94,179,-55,59,289,-31,53,256,-45,50,234,-52,49,211,-57,0
77,374,0,118,363,-16,151,339,-26,174,318,-35,197,306,-44,137,280,-16,156,244,-30,168,221,-42,177,201,-50,111,272,-19,124,227,-33,133,199,-44,140,175,-52,85,276,-25,87,233,-39,90,204,-49,95,178,-56,58,289,-32,53,257,-46,50,234,-53,50,211,-57,0
77,375,0,118,363,-15,152,339,-24,174,317,-32,197,305,-40,137,280,-15,156,244,-29,167,221,-40,176,201,-48,111,272,-18,124,226,-31,133,199,-42,140,175,-49,85,275,-24,86,233,-37,90,204,-47,94,179,-54,58,288,-31,52,255,-44,50,233,-51,50,210,-55,0
77,375,0,118,363,-15,152,339,-24,174,318,-32,197,306,-40,137,280,-15,156,244,-28,167,221,-39,176,201,-47,111,271,-18,124,227,-30,133,199,-41,140,175,-48,85,275,-23,87,233,-37,90,204,-47,95,178,-54,58,288,-30,52,255,-44,49,233,-50,49,211,-55,0
76,373,0,117,362,-15,152,338,-23,174,317,-31,196,306,-39,136,280,-15,156,244,-28,167,221,-38,176,201,-46,110,271,-17,124,226,-29,133,198,-40,140,175,-47,84,275,-22,86,232,-35,89,204,-45,94,179,-51,58,287,-29,52,255,-41,49,233,-48,49,211,-52,0
76,374,0,117,362,-15,152,338,-23,174,317,-31,195,306,-39,136,279,-14,156,243,-27,167,221,-38,176,201,-45,110,271,-17,124,226,-29,133,198,-40,140,175,-47,84,274,-23,86,232,-36,89,204,-45,94,179,-52,58,287,-29,52,255,-42,49,232,-49,49,210,-53,0
78,373,0,117,362,-16,151,338,-25,174,317,-34,196,306,-42,137,279,-16,156,243,-30,167,220,-41,176,200,-49,111,271,-19,124,226,-32,132,199,-42,140,175,-50,85,275,-25,86,232,-38,89,204,-48,94,179,-55,59,288,-31,52,255,-45,49,233,-52,49,211,-56,0
78,373,0,117,361,-16,151,338,-26,174,318,-35,196,306,-44,137,279,-17,156,243,-31,167,220,-42,176,200,-50,111,271,-20,123,226,-33,132,199,-44,139,175,-51,85,275,-25,86,232,-39,89,204,-49,93,179,-56,58,288,-32,52,255,-46,49,233,-52,49,211,-57,0
77,374,0,118,362,-16,151,338,-25,174,317,-33,196,306,-42,137,279,-15,156,243,-29,167,221,-40,176,201,-49,111,271,-19,123,227,-32,132,199,-43,139,175,-51,85,275,-25,87,233,-39,90,204,-49,94,179,-56,58,288,-32,53,256,-45,50,233,-53,50,211,-57,0
117,355,0,154,338,-14,181,311,-19,194,287,-24,206,267,-30,154,263,-8,166,230,-18,173,209,-28,178,190,-35,131,260,-9,136,219,-19,140,193,-29,144,170,-36,109,265,-14,110,227,-25,113,202,-34,117,180,-40,88,278,-19,81,249,-31,79,229,-37,78,209,-41,0
116,354,0,152,337,-14,179,312,-21,192,287,-26,203,267,-32,153,263,-9,165,229,-19,172,208,-29,178,189,-36,130,260,-10,134,219,-20,138,193,-29,142,170,-36,108,265,-14,108,227,-25,111,202,-34,115,180,-39,87,278,-19,80,249,-31,78,229,-37,77,208,-40,0
114,353,0,151,336,-14,179,312,-20,192,287,-26,203,268,-31,152,263,-8,164,229,-18,171,208,-28,177,189,-35,129,259,-9,133,219,-19,137,193,-29,141,170,-36,107,265,-13,107,227,-24,110,202,-33,115,180,-39,86,277,-19,79,249,-30,76,229,-36,76,208,-40,0
113,354,0,151,338,-15,179,312,-21,191,287,-26,203,267,-32,152,264,-9,164,230,-19,170,209,-29,176,190,-36,129,260,-10,133,219,-20,137,193,-29,140,170,-36,107,265,-13,107,227,-25,110,202,-34,114,180,-39,85,278,-18,79,249,-30,76,229,-36,76,208,-40,0
113,354,0,151,338,-15,179,312,-21,191,287,-26,203,268,-32,152,264,-9,164,230,-19,170,209,-29,176,190,-36,129,260,-10,133,219,-20,137,192,-30,140,169,-37,107,265,-13,107,227,-25,110,202,-34,114,180,-40,86,278,-19,79,249,-31,76,229,-37,76,208,-41,0
115,354,0,151,337,-15,178,312,-22,191,288,-28,203,267,-34,152,263,-9,163,229,-21,170,208,-31,176,189,-38,128,259,-11,132,219,-21,136,192,-31,140,168,-38,107,265,-14,107,228,-26,110,202,-35,115,179,-41,85,278,-20,79,249,-32,77,229,-38,76,208,-42,0
115,354,0,151,338,-15,178,312,-22,191,287,-28,203,267,-33,152,263,-9,164,229,-20,171,208,-30,177,189,-37,129,259,-10,133,219,-21,137,192,-31,140,169,-38,107,265,-14,107,227,-26,110,202,-35,114,179,-41,85,278,-20,78,249,-32,76,229,-38,76,209,-42,0
114,354,0,151,337,-14,178,312,-21,191,287,-26,203,267,-32,152,263,-9,163,229,-19,170,208,-29,176,189,-36,128,259,-10,133,218,-20,137,192,-30,140,169,-37,107,265,-14,107,227,-25,110,202,-34,114,179,-40,85,278,-19,78,250,-31,76,229,-37,76,209,-41,0
114,354,0,151,337,-14,178,312,-21,191,287,-26,203,267,-32,152,263,-9,163,229,-20,170,208,-29,177,189,-36,128,260,-10,133,219,-21,137,192,-30,140,169,-38,107,265,-14,107,227,-26,110,202,-35,114,179,-40,85,278,-20,78,250,-31,76,229,-38,76,209,-41,0
114,354,0,151,337,-14,178,312,-21,191,287,-26,203,267,-32,152,263,-9,163,229,-19,170,208,-29,177,189,-36,128,259,-10,133,219,-20,137,192,-30,140,168,-37,107,265,-14,107,227,-26,110,202,-34,114,179,-40,85,278,-20,78,250,-31,76,229,-37,76,209,-41,0
114,354,0,151,337,-14,178,312,-20,191,287,-25,202,267,-31,152,263,-8,164,229,-19,171,208,-28,177,189,-35,129,259,-10,133,219,-20,137,192,-30,140,169,-37,107,265,-14,107,227,-25,110,202,-34,114,180,-40,85,278,-19,78,249,-31,76,229,-38,77,208,-42,0
114,354,0,151,337,-14,178,311,-20,191,287,-25,202,268,-30,152,263,-8,164,229,-19,171,208,-29,177,189,-36,129,260,-10,133,219,-20,137,192,-30,140,169,-37,107,266,-14,107,228,-26,110,203,-35,115,180,-41,85,279,-19,79,250,-32,76,229,-38,76,208,-42,0
114,354,0,151,337,-14,178,312,-20,191,287,-25,202,268,-31,152,263,-8,164,229,-19,171,208,-29,177,189,-36,129,260,-10,133,219,-20,137,192,-30,140,169,-37,107,265,-14,107,228,-25,110,203,-34,115,180,-40,85,278,-19,79,250,-31,76,229,-38,76,208,-41,0
114,353,0,150,337,-14,178,312,-20,191,287,-26,203,268,-31,152,263,-9,164,229,-19,170,208,-29,176,189,-35,129,259,-10,133,218,-20,137,192,-30,141,169,-37,107,265,-14,107,227,-25,110,202,-34,114,180,-40,85,278,-20,79,249,-31,76,229,-38,76,209,-41,0
114,353,0,151,337,-14,178,312,-21,191,287,-26,203,268,-32,152,263,-9,164,229,-20,170,208,-29,176,189,-36,129,259,-10,133,218,-20,137,192,-30,141,169,-37,107,265,-14,107,227,-26,110,202,-35,114,180,-40,85,277,-20,79,249,-31,76,229,-38,76,209,-41,0
115,354,0,151,337,-15,178,312,-21,191,287,-27,202,267,-32,152,264,-10,164,229,-21,171,208,-30,177,189,-38,129,260,-11,133,219,-22,137,192,-32,140,169,-39,107,266,-15,107,228,-27,110,202,-36,114,179,-42,85,279,-20,79,250,-32,76,229,-39,75,208,-43,0
115,354,0,151,338,-15,178,312,-21,191,287,-27,202,267,-32,152,263,-9,164,229,-20,171,208,-30,177,189,-37,129,260,-11,133,219,-21,137,192,-31,140,169,-38,107,265,-14,107,227,-26,110,202,-35,114,179,-41,85,278,-20,79,249,-32,76,229,-38,75,208,-42,0
114,354,0,151,338,-15,178,312,-21,192,287,-27,203,268,-32,152,263,-9,164,229,-20,171,208,-30,177,189,-37,128,259,-10,133,219,-21,137,192,-30,140,169,-37,107,265,-14,106,227,-25,110,202,-34,114,179,-40,85,278,-19,78,249,-31,76,229,-37,76,209,-41,0
114,354,0,151,338,-15,179,312,-22,192,287,-27,203,267,-33,152,263,-9,164,229,-20,171,208,-30,177,189,-37,128,259,-10,133,219,-21,137,192,-30,140,169,-38,107,265,-14,106,227,-26,110,202,-34,114,179,-40,85,278,-19,78,249,-31,76,229,-37,76,208,-41,0
114,354,0,151,337,-15,178,312,-21,191,287,-26,203,267,-32,153,263,-8,165,229,-19,171,208,-28,177,189,-35,129,259,-10,133,219,-20,137,192,-29,141,169,-36,107,265,-13,107,227,-25,110,202,-34,115,180,-40,85,277,-18,79,249,-30,76,229,-37,76,209,-40,0
115,354,0,152,338,-14,179,311,-20,192,287,-26,204,267,-31,153,263,-8,165,230,-18,172,208,-28,178,190,-35,130,259,-9,134,219,-19,138,193,-29,141,170,-36,108,265,-13,108,227,-24,112,202,-33,116,180,-39,86,277,-18,80,249,-30,78,229,-36,77,209,-40,0
115,355,0,153,338,-14,181,312,-19,193,287,-23,204,268,-28,154,264,-7,166,230,-17,173,208,-26,179,189,-33,131,260,-9,136,219,-18,140,193,-28,143,170,-35,109,266,-13,110,227,-24,112,202,-33,116,180,-38,87,278,-18,80,250,-30,78,230,-36,78,209,-40,0
115,355,0,153,338,-14,181,312,-19,194,287,-24,205,268,-29,154,264,-7,166,230,-17,173,208,-26,179,190,-32,131,260,-8,135,219,-18,139,192,-27,143,170,-34,109,266,-12,109,228,-23,112,203,-32,117,180,-38,87,278,-17,81,250,-29,78,229,-35,78,209,-39,0
118,355,0,155,338,-14,183,313,-19,197,288,-24,207,269,-29,156,265,-7,168,231,-18,175,209,-28,182,190,-35,133,260,-9,138,220,-19,142,194,-29,147,170,-36,111,265,-13,112,228,-24,115,203,-32,120,181,-38,89,277,-18,83,249,-29,81,229,-35,81,210,-38,0
119,354,0,155,338,-14,183,312,-19,196,288,-24,208,269,-30,156,265,-8,168,231,-18,175,210,-27,181,190,-34,133,260,-9,137,220,-19,142,194,-29,146,170,-35,111,265,-13,112,228,-24,115,203,-33,120,181,-38,89,277,-18,83,249,-30,81,229,-35,81,209,-39,0
119,354,0,156,338,-13,183,312,-19,196,288,-24,208,269,-29,156,265,-7,168,231,-18,175,209,-27,182,190,-34,133,260,-9,138,220,-19,142,194,-28,146,171,-35,111,265,-13,112,228,-24,115,203,-33,120,181,-38,89,277,-18,83,249,-30,81,230,-35,81,210,-39,0
121,356,0,158,339,-13,186,313,-18,199,289,-23,212,270,-27,160,265,-6,173,232,-16,180,211,-26,186,192,-33,137,261,-8,142,221,-17,147,194,-27,151,172,-34,115,265,-12,116,228,-23,120,203,-31,125,181,-37,93,278,-17,87,249,-29,85,229,-34,85,209,-38,0
126,356,0,164,341,-13,191,315,-18,205,290,-22,218,272,-27,166,266,-6,178,233,-17,186,212,-26,193,193,-33,142,262,-8,148,222,-18,153,196,-28,158,172,-35,121,267,-12,122,230,-24,127,205,-33,132,182,-39,99,279,-18,93,251,-30,92,231,-36,93,210,-40,0
125,356,0,163,341,-13,191,315,-18,205,291,-23,218,272,-28,166,266,-6,179,233,-16,186,212,-25,192,193,-32,142,262,-8,148,222,-18,153,196,-27,158,173,-34,121,267,-12,122,229,-23,127,205,-32,132,182,-38,99,279,-17,93,250,-29,92,230,-36,93,209,-39,0
125,356,0,163,341,-14,191,316,-19,205,290,-23,218,272,-28,166,266,-6,179,233,-16,186,212,-25,193,193,-32,143,262,-8,148,222,-17,153,196,-27,158,173,-34,121,267,-11,122,230,-23,127,205,-32,132,182,-38,98,279,-17,93,250,-29,92,230,-35,94,209,-39,0
126,357,0,163,341,-13,191,316,-18,204,291,-22,218,272,-27,165,267,-6,178,234,-16,185,212,-25,191,194,-32,142,262,-8,148,222,-18,153,196,-27,157,173,-34,121,267,-12,122,230,-24,126,204,-32,132,182,-38,99,280,-18,93,251,-30,91,230,-36,92,209,-40,0
125,357,0,162,342,-14,190,316,-20,203,291,-24,217,272,-29,164,267,-8,177,233,-18,185,211,-27,191,192,-34,141,262,-9,147,221,-19,152,195,-28,156,172,-35,119,267,-13,120,230,-24,125,204,-33,131,182,-39,97,280,-18,92,251,-30,90,231,-37,91,210,-40,0
125,357,0,162,342,-14,190,316,-20,204,291,-25,217,272,-30,164,266,-8,177,233,-18,185,211,-28,191,192,-35,141,262,-9,146,222,-19,152,195,-29,156,172,-36,119,267,-13,120,230,-25,125,205,-34,131,182,-40,97,280,-18,91,252,-31,90,231,-38,91,210,-42,0
125,357,0,162,342,-14,190,316,-20,204,291,-25,217,272,-30,164,266,-8,177,233,-19,185,211,-28,191,192,-35,141,262,-9,146,222,-20,152,195,-30,156,172,-37,119,267,-13,120,230,-25,125,205,-34,131,182,-41,97,280,-19,91,252,-31,90,231,-38,91,210,-42,0
124,357,0,161,342,-14,189,316,-19,203,291,-23,217,272,-28,164,266,-7,177,232,-17,184,211,-26,190,192,-33,140,262,-8,146,221,-18,151,194,-28,156,171,-35,118,267,-12,119,229,-24,124,204,-33,130,181,-39,96,279,-18,91,251,-30,89,230,-37,90,209,-41,0
123,357,0,161,342,-13,189,316,-18,203,291,-23,217,272,-28,163,266,-6,177,232,-16,184,211,-26,190,192,-33,140,262,-8,146,221,-18,151,195,-28,156,172,-35,118,267,-12,119,229,-24,124,204,-33,130,181,-39,96,279,-18,90,251,-30,89,231,-37,89,210,-40,0
123,357,0,161,341,-13,189,315,-18,203,290,-23,216,272,-28,163,266,-7,176,233,-18,183,211,-27,189,192,-34,140,262,-9,146,221,-19,151,195,-29,155,171,-36,118,267,-14,119,230,-25,124,205,-34,129,182,-40,96,280,-19,90,251,-31,88,231,-38,89,210,-42,0
124,357,0,161,341,-13,189,315,-18,203,290,-23,216,272,-28,163,266,-7,176,233,-17,184,211,-26,190,192,-33,140,262,-9,146,222,-19,151,195,-29,155,172,-36,118,268,-13,119,230,-25,124,204,-34,129,182,-40,96,280,-19,90,252,-31,88,231,-37,89,210,-41,0
123,358,0,161,342,-13,188,316,-19,202,291,-23,216,272,-28,162,266,-6,176,233,-16,183,211,-26,190,192,-33,139,262,-8,145,221,-18,150,195,-28,155,171,-35,118,267,-12,119,229,-24,124,204,-33,129,181,-39,96,279,-18,90,251,-30,88,231,-36,89,210,-40,0
123,358,0,161,342,-13,188,316,-18,202,291,-23,215,272,-28,163,266,-6,176,232,-16,183,211,-25,190,192,-32,139,262,-8,145,221,-17,150,195,-27,155,171,-35,118,267,-12,119,229,-23,124,204,-33,129,182,-39,96,280,-18,90,251,-30,88,231,-36,89,210,-40,0
123,358,0,161,342,-13,188,316,-18,202,291,-23,216,272,-28,163,266,-6,176,232,-16,183,211,-25,190,192,-32,139,262,-8,145,222,-17,150,195,-28,155,171,-35,118,267,-12,119,229,-24,124,204,-33,129,181,-39,96,280,-18,90,252,-30,88,231,-37,89,210,-41,0
122,358,0,160,342,-14,188,316,-19,203,291,-24,216,272,-29,162,266,-6,176,232,-16,183,210,-25,190,192,-32,139,262,-8,145,221,-17,150,195,-27,154,172,-34,117,267,-12,119,229,-23,123,204,-32,129,182,-38,95,279,-17,89,251,-29,88,230,-35,88,210,-39,0
122,358,0,160,342,-14,188,316,-19,202,291,-24,216,272,-29,162,266,-6,175,232,-16,183,210,-25,189,192,-32,139,262,-8,145,221,-17,150,195,-27,154,172,-35,117,267,-12,118,229,-23,123,204,-33,128,181,-39,95,280,-17,89,251,-29,88,230,-36,88,209,-40,0
122,358,0,160,342,-13,188,316,-18,202,291,-23,216,272,-28,162,266,-5,175,232,-15,183,210,-24,189,192,-31,139,262,-7,145,221,-17,150,194,-27,154,172,-34,117,267,-12,118,229,-23,123,203,-33,129,181,-39,95,280,-17,89,251,-30,88,230,-36,88,209,-40,0
122,358,0,161,342,-14,188,316,-19,202,291,-24,216,272,-29,162,266,-6,175,232,-16,183,211,-25,189,192,-33,139,262,-8,145,222,-18,150,195,-28,155,172,-35,117,267,-12,119,229,-23,123,204,-33,129,181,-39,95,280,-17,89,251,-30,87,231,-37,88,210,-41,0
122,357,0,160,341,-14,188,316,-19,202,290,-24,216,272,-29,162,266,-6,175,232,-16,183,211,-25,190,192,-32,139,262,-7,145,222,-17,150,195,-27,155,172,-35,117,267,-11,119,229,-23,123,204,-32,129,181,-39,95,279,-17,89,251,-29,87,231,-36,88,210,-40,0
122,358,0,160,342,-14,188,316,-20,202,291,-25,215,271,-30,162,266,-7,175,233,-17,183,211,-27,189,192,-34,139,262,-9,144,221,-18,150,195,-29,155,172,-36,117,268,-13,118,230,-24,123,205,-33,129,182,-39,95,280,-18,89,251,-30,88,231,-37,88,210,-40,0
123,358,0,160,342,-14,188,316,-20,202,291,-25,215,272,-30,162,266,-7,175,232,-18,183,211,-27,189,192,-34,139,262,-9,144,221,-19,150,194,-29,154,171,-36,117,268,-13,118,230,-24,123,204,-34,129,182,-40,95,280,-18,89,251,-31,88,231,-37,88,210,-41,0
122,358,0,160,342,-14,188,316,-19,201,291,-24,215,271,-29,162,266,-6,175,232,-16,183,210,-26,189,191,-33,139,262,-7,144,222,-17,149,195,-28,153,172,-35,117,267,-11,118,229,-23,123,204,-33,128,181,-39,95,279,-17,89,251,-29,87,231,-36,88,210,-40,0
122,357,0,160,341,-14,188,316,-19,201,290,-23,214,271,-28,162,266,-5,175,232,-15,183,211,-25,189,192,-32,139,262,-7,144,222,-17,149,195,-27,153,172,-35,117,267,-11,119,229,-23,123,204,-32,128,181,-39,95,280,-16,89,251,-29,87,231,-36,88,210,-40,0
122,357,0,160,341,-14,188,316,-19,201,290,-24,214,271,-29,162,266,-6,175,232,-16,183,210,-25,189,191,-32,139,262,-7,144,222,-17,149,195,-27,153,172,-35,117,267,-11,119,229,-23,123,204,-33,128,181,-39,95,279,-16,89,251,-29,87,231,-36,88,210,-40,0
121,357,0,159,342,-14,187,316,-20,201,290,-25,214,271,-29,162,266,-6,175,232,-17,182,211,-26,188,191,-33,138,262,-8,144,221,-18,149,194,-28,154,171,-36,117,267,-12,118,229,-23,123,204,-33,128,181,-39,95,279,-17,89,251,-29,88,230,-36,88,209,-40,0
121,357,0,159,342,-14,187,316,-19,201,290,-24,215,271,-29,161,266,-6,175,232,-16,182,211,-26,189,192,-33,138,262,-8,144,221,-17,149,194,-28,154,171,-35,117,267,-11,118,229,-23,123,204,-32,129,181,-39,95,279,-17,89,251,-29,87,230,-36,88,209,-40,0
121,357,0,160,341,-14,188,316,-19,201,290,-24,214,271,-28,162,266,-6,175,233,-17,183,211,-26,189,192,-33,138,262,-8,144,221,-18,149,195,-28,154,172,-35,117,267,-12,118,229,-23,122,204,-32,127,181,-38,95,279,-17,89,251,-29,87,230,-35,87,209,-39,0
121,357,0,160,342,-14,188,316,-19,201,290,-23,214,270,-27,162,267,-6,175,233,-16,183,211,-25,189,192,-32,138,262,-8,144,222,-17,149,195,-27,154,171,-34,117,267,-11,118,229,-23,122,204,-32,127,181,-38,95,279,-16,89,251,-29,87,230,-35,88,210,-39,0
121,357,0,159,342,-14,188,316,-19,201,290,-24,214,270,-29,162,266,-7,175,233,-18,182,211,-27,189,192,-34,139,262,-9,144,221,-19,149,194,-28,154,171,-36,117,267,-12,118,229,-24,122,204,-33,128,181,-39,94,279,-18,88,251,-30,87,230,-36,87,209,-40,0
121,357,0,159,341,-14,187,316,-19,201,291,-24,214,271,-29,162,266,-6,174,232,-17,182,210,-26,188,191,-33,138,262,-8,144,221,-18,149,195,-28,153,172,-35,116,267,-12,118,229,-23,122,204,-33,128,181,-39,94,280,-17,88,251,-30,87,230,-36,88,209,-40,0
121,357,0,159,341,-14,187,316,-19,201,291,-23,214,271,-28,162,266,-6,174,232,-15,182,210,-25,188,191,-31,138,262,-7,144,222,-16,149,195,-27,153,172,-34,117,267,-11,118,229,-22,122,204,-31,128,181,-37,94,279,-16,89,251,-28,87,230,-35,87,209,-39,0
121,357,0,159,341,-14,187,316,-19,202,290,-24,214,271,-29,161,266,-7,174,232,-17,182,211,-27,188,192,-34,138,262,-9,143,221,-19,148,194,-29,153,171,-36,116,267,-13,117,229,-24,122,203,-33,127,180,-39,94,279,-18,88,251,-30,87,230,-37,87,209,-40,0
122,357,0,159,341,-14,187,315,-20,201,290,-25,214,271,-30,161,266,-8,174,232,-19,182,210,-28,188,191,-35,138,262,-10,143,221,-20,148,194,-30,152,171,-37,116,267,-14,117,229,-25,121,204,-34,127,181,-40,94,279,-19,88,251,-31,86,230,-37,87,210,-41,0
121,357,0,160,341,-13,187,315,-18,201,290,-22,213,271,-27,161,266,-5,174,232,-15,181,211,-24,188,192,-31,138,262,-7,143,221,-16,147,195,-26,152,171,-34,116,267,-11,117,229,-22,121,204,-32,126,181,-38,94,279,-16,88,251,-28,86,230,-35,86,210,-39,0
121,357,0,159,341,-14,187,315,-19,201,289,-24,214,270,-29,161,266,-7,173,233,-17,181,211,-27,187,192,-34,137,262,-8,142,221,-18,147,194,-29,152,171,-36,115,267,-12,116,229,-24,121,204,-34,126,181,-40,94,280,-18,88,251,-30,86,230,-37,86,209,-42,0
121,357,0,159,341,-15,187,316,-20,201,290,-25,214,270,-30,160,267,-8,173,233,-18,181,211,-27,187,192,-34,137,262,-9,143,221,-19,148,195,-29,152,172,-36,115,267,-12,117,229,-24,121,204,-33,126,181,-39,93,279,-17,87,250,-29,86,230,-36,86,209,-40,0
121,357,0,159,341,-14,187,316,-20,201,290,-25,214,270,-30,160,267,-8,173,233,-18,181,211,-28,187,191,-35,137,262,-9,143,221,-19,148,194,-29,153,171,-36,115,267,-13,117,229,-24,121,203,-33,127,181,-39,93,279,-18,87,251,-30,86,230,-36,86,209,-40,0
121,357,0,158,342,-15,186,316,-20,200,290,-25,213,270,-30,161,266,-8,174,232,-18,181,211,-28,187,192,-34,138,262,-9,143,221,-19,148,194,-29,153,171,-36,115,267,-13,117,229,-24,121,204,-33,127,181,-39,93,279,-18,88,251,-30,86,230,-36,87,209,-40,0
121,357,0,158,342,-14,186,316,-20,200,290,-25,213,270,-29,161,266,-8,174,232,-18,181,211,-27,187,192,-34,138,262,-9,143,221,-18,148,195,-28,153,172,-35,115,267,-12,117,229,-24,121,204,-33,127,181,-39,93,279,-18,87,251,-29,86,230,-36,87,209,-40,0
121,357,0,159,341,-14,187,315,-19,201,289,-23,213,270,-28,161,266,-7,173,232,-17,181,210,-27,188,191,-34,137,262,-9,142,221,-19,147,194,-29,152,171,-36,116,267,-13,116,229,-24,121,204,-33,126,181,-39,93,280,-18,87,251,-30,86,231,-36,86,210,-40,0
122,356,0,159,341,-14,187,315,-19,201,290,-24,214,270,-29,161,266,-7,173,232,-17,181,211,-26,188,192,-33,137,262,-8,143,221,-18,148,194,-28,152,171,-35,116,267,-12,117,229,-23,121,204,-32,126,181,-38,94,279,-17,88,250,-29,85,230,-35,85,209,-39,0
121,357,0,159,341,-14,187,315,-19,201,289,-23,214,271,-28,161,266,-7,174,232,-17,181,210,-26,188,191,-33,137,262,-8,143,221,-18,148,194,-28,152,171,-35,116,267,-12,117,229,-23,121,204,-32,126,181,-38,93,279,-17,88,251,-29,86,230,-36,86,209,-40,0
121,356,0,159,340,-14,187,315,-20,201,290,-25,214,271,-30,161,266,-8,174,232,-18,181,211,-28,187,191,-35,138,262,-9,143,221,-19,148,194,-29,152,171,-36,116,267,-13,117,229,-24,121,204,-33,126,181,-39,94,279,-18,88,250,-30,86,230,-36,86,209,-40,0
121,356,0,159,340,-14,187,315,-20,201,290,-25,214,270,-30,161,266,-8,174,232,-18,181,211,-27,187,191,-34,138,262,-9,143,221,-19,148,194,-29,152,171,-36,116,266,-13,117,228,-24,121,203,-33,126,181,-39,94,279,-18,88,250,-30,86,230,-36,86,209,-40,0
121,356,0,159,341,-14,187,315,-20,201,290,-25,213,271,-30,161,266,-8,174,232,-19,181,211,-28,188,192,-35,138,261,-9,143,221,-19,148,195,-29,152,172,-37,116,266,-13,117,229,-25,121,204,-34,126,182,-40,94,279,-19,88,251,-31,86,230,-37,86,210,-41,0
122,356,0,160,341,-13,187,314,-18,201,289,-23,214,271,-27,161,266,-7,174,232,-17,182,210,-26,188,192,-33,138,262,-8,143,221,-18,148,194,-28,152,171,-35,116,267,-12,117,229,-24,122,204,-33,127,181,-39,94,279,-18,88,251,-30,86,230,-36,86,210,-40,0
122,357,0,160,341,-14,188,314,-19,201,289,-24,213,270,-29,162,266,-8,174,233,-19,181,211,-28,188,192,-35,138,262,-10,143,221,-20,148,194,-30,153,171,-37,116,267,-14,117,229,-26,122,204,-35,127,181,-41,94,280,-19,88,251,-32,85,231,-38,86,210,-43,0
122,357,0,160,342,-14,188,315,-19,201,290,-23,214,270,-27,161,266,-7,174,232,-17,182,211,-26,188,192,-33,138,262,-8,143,221,-18,148,194,-27,152,171,-34,116,267,-12,117,229,-23,121,204,-32,127,181,-38,94,279,-17,88,250,-29,86,230,-35,86,209,-39,0
121,357,0,160,342,-14,188,316,-19,201,290,-23,214,270,-28,161,266,-7,174,232,-17,182,211,-26,188,192,-32,138,262,-8,143,221,-17,148,194,-27,152,171,-34,116,267,-12,117,229,-23,121,204,-32,127,181,-38,94,279,-17,88,250,-29,86,230,-35,86,209,-39,0
122,358,0,159,341,-14,187,315,-20,201,290,-25,214,271,-30,161,266,-7,174,233,-18,181,211,-28,188,192,-35,138,262,-9,143,222,-19,148,195,-29,152,172,-36,116,267,-13,117,229,-25,121,204,-34,127,181,-40,94,280,-18,88,251,-31,86,231,-37,86,210,-41,0
122,358,0,159,341,-14,187,315,-19,201,290,-25,213,271,-30,161,267,-7,174,233,-18,181,211,-28,188,192,-35,138,262,-9,143,222,-19,148,194,-29,153,171,-37,116,268,-13,117,229,-25,121,204,-34,127,181,-40,94,280,-19,88,252,-31,86,231,-37,86,210,-41,0
121,357,0,159,342,-14,188,316,-20,201,291,-25,213,271,-30,161,266,-7,174,233,-18,181,211,-28,187,192,-35,138,262,-9,143,221,-19,148,194,-30,152,171,-37,116,267,-13,117,229,-25,121,204,-34,126,181,-41,94,280,-18,87,251,-31,86,231,-38,86,210,-42,0
121,357,0,159,342,-14,187,316,-20,201,291,-25,213,271,-30,161,266,-7,174,233,-18,181,211,-28,187,192,-35,138,262,-9,143,221,-19,148,195,-29,152,171,-37,116,267,-13,117,229,-25,121,204,-34,126,181,-40,94,280,-18,88,251,-30,86,230,-37,86,210,-41,0
121,357,0,159,342,-14,187,316,-20,201,291,-25,213,271,-30,161,266,-7,174,233,-18,181,211,-28,187,192,-35,138,262,-9,143,221,-19,148,194,-29,152,171,-37,116,267,-13,117,229,-25,121,204,-34,126,181,-40,94,280,-18,88,251,-31,86,231,-37,86,210,-41,0
121,357,0,159,342,-14,187,316,-20,201,290,-24,213,271,-29,161,266,-7,173,232,-17,181,211,-27,187,192,-34,137,262,-8,143,221,-18,148,194,-28,153,171,-35,115,267,-12,118,229,-24,122,203,-33,127,181,-39,93,279,-17,88,251,-29,86,231,-36,86,210,-40,0
120,357,0,159,341,-14,187,316,-20,201,290,-24,214,270,-29,161,267,-7,174,233,-18,182,211,-27,188,192,-34,138,262,-9,143,222,-19,148,195,-29,153,172,-36,116,267,-12,117,229,-24,122,204,-33,127,181,-40,93,279,-17,87,251,-30,86,230,-37,86,209,-41,0
120,357,0,159,342,-14,187,316,-19,201,290,-24,213,270,-28,161,267,-7,174,233,-17,181,211,-26,188,192,-33,138,262,-8,143,221,-17,148,194,-27,153,171,-35,116,267,-11,117,229,-23,122,204,-32,127,181,-38,93,279,-16,87,250,-29,86,230,-35,86,209,-39,0
120,357,0,159,342,-14,187,316,-19,201,290,-24,213,270,-28,161,267,-6,174,233,-16,181,211,-25,188,192,-32,138,262,-8,143,221,-17,148,195,-27,153,172,-34,116,267,-11,117,229,-23,122,204,-32,127,181,-38,93,279,-16,88,250,-28,86,230,-35,86,209,-39,0
121,358,0,159,342,-13,187,316,-18,201,290,-23,213,270,-27,161,266,-5,174,232,-15,181,210,-24,188,191,-31,138,262,-7,143,222,-16,149,195,-26,153,172,-33,116,267,-11,117,229,-22,121,204,-31,127,181,-37,94,279,-16,88,251,-28,86,230,-35,85,209,-39,0
121,357,0,159,341,-13,187,315,-18,201,290,-23,213,271,-28,161,266,-6,174,232,-16,181,210,-25,188,192,-32,138,262,-8,143,221,-17,148,195,-27,153,171,-34,116,267,-12,117,229,-23,121,204,-32,127,181,-38,94,279,-17,88,251,-29,86,230,-36,85,209,-40,0
122,357,0,159,341,-13,187,315,-18,201,290,-23,213,271,-28,161,266,-6,173,233,-17,181,211,-26,188,192,-33,138,263,-8,143,223,-18,148,197,-28,153,175,-36,116,268,-13,117,230,-24,122,205,-33,128,183,-40,94,280,-18,88,252,-30,86,231,-37,87,211,-41,0
122,357,0,159,341,-13,187,315,-18,201,290,-22,213,271,-27,161,267,-7,173,233,-17,181,211,-26,187,192,-33,138,263,-9,143,223,-18,148,196,-28,153,173,-36,116,268,-13,117,230,-24,122,205,-33,128,183,-39,94,280,-18,88,252,-30,86,231,-36,86,211,-40,0
124,359,0,160,343,-16,187,316,-21,200,290,-25,210,270,-29,160,265,-5,171,234,-14,178,215,-23,186,202,-29,137,262,-4,133,228,-13,137,212,-24,145,204,-32,116,268,-6,110,235,-19,116,221,-31,127,219,-38,96,280,-9,88,252,-23,94,241,-33,106,240,-38,0
126,358,0,161,343,-17,188,317,-23,200,292,-29,206,270,-34,159,264,-8,168,236,-21,180,224,-32,191,224,-38,136,261,-6,130,221,-20,138,212,-30,149,223,-35,116,267,-8,107,230,-22,117,223,-32,130,235,-35,96,280,-11,87,250,-25,96,240,-33,109,244,-35,0
126,359,0,161,343,-16,189,318,-22,202,295,-28,208,273,-33,160,265,-6,173,234,-21,186,227,-34,198,232,-40,136,261,-5,132,224,-17,137,209,-27,147,210,-33,117,267,-8,108,232,-22,114,220,-32,126,225,-36,97,280,-12,88,253,-26,93,240,-34,105,239,-37,0
125,359,0,161,343,-16,188,318,-21,201,294,-27,208,273,-31,159,265,-5,171,234,-19,182,224,-30,195,225,-36,136,261,-4,132,224,-15,137,209,-25,147,208,-32,116,267,-7,108,231,-21,115,220,-31,127,226,-36,97,280,-11,88,252,-25,94,239,-33,106,240,-37,0
126,359,0,161,342,-13,190,319,-18,204,297,-24,213,276,-29,162,265,-3,174,234,-14,182,217,-24,193,203,-31,138,261,-4,137,226,-14,142,206,-24,152,192,-31,117,267,-9,110,235,-20,114,217,-30,125,204,-36,98,280,-14,89,256,-26,91,242,-33,99,231,-38,0
126,359,0,161,343,-13,189,319,-18,204,297,-24,213,277,-28,161,265,-3,174,234,-14,183,218,-24,194,206,-31,138,261,-4,137,226,-14,141,206,-24,151,192,-32,117,267,-8,110,235,-20,114,217,-30,124,205,-37,97,281,-13,89,256,-26,90,241,-33,97,230,-38,0
125,360,0,161,343,-13,189,319,-19,205,297,-24,213,277,-29,161,265,-3,174,234,-13,182,218,-23,193,206,-30,138,261,-4,137,226,-13,141,206,-24,151,192,-32,117,267,-7,110,235,-19,114,217,-30,124,205,-37,97,281,-13,89,256,-25,90,241,-33,97,230,-38,0
125,358,0,161,343,-13,190,320,-20,204,298,-26,216,278,-32,162,267,-7,176,236,-18,186,217,-29,195,200,-36,138,262,-8,139,224,-19,145,201,-29,153,181,-35,117,267,-13,111,233,-24,114,211,-32,121,192,-37,97,281,-18,89,255,-29,89,237,-35,92,219,-37,0
125,358,0,161,343,-14,190,320,-21,205,297,-27,216,277,-33,163,267,-7,176,236,-19,185,216,-30,195,200,-37,139,262,-9,140,223,-20,145,200,-30,153,181,-37,117,267,-13,111,233,-25,115,211,-33,122,192,-38,97,281,-18,89,255,-30,89,237,-35,93,219,-38,0
125,360,0,162,346,-15,193,325,-24,216,307,-32,234,293,-41,169,269,-13,184,235,-26,191,214,-35,197,194,-43,144,263,-15,147,220,-26,151,194,-36,153,173,-42,121,268,-19,111,230,-32,106,204,-41,103,181,-47,100,282,-25,88,255,-37,81,236,-43,76,217,-47,0
205,249,0,243,248,-17,277,235,-25,300,219,-32,323,208,-40,271,177,-15,296,149,-27,310,131,-37,323,114,-45,250,164,-16,269,125,-27,282,102,-37,293,81,-43,228,162,-19,239,124,-31,249,99,-40,259,78,-45,203,167,-24,205,137,-36,209,117,-42,215,98,-45,0
204,249,0,241,249,-16,274,235,-24,298,218,-32,320,208,-39,268,175,-13,293,147,-26,308,129,-36,320,113,-44,247,162,-14,266,123,-26,279,98,-35,290,76,-42,225,160,-18,236,122,-30,245,98,-38,255,77,-43,201,166,-23,202,137,-35,204,117,-40,210,98,-43,0
204,247,0,242,246,-16,275,232,-24,298,215,-32,320,204,-39,268,172,-13,291,143,-25,305,126,-35,317,110,-43,247,160,-14,264,119,-25,276,94,-35,286,73,-42,224,158,-18,234,119,-30,243,95,-39,253,73,-44,199,165,-23,200,135,-35,203,114,-41,208,94,-44,0
203,247,0,242,244,-18,274,229,-27,297,211,-35,319,199,-43,265,170,-15,288,140,-28,302,121,-39,313,104,-47,244,158,-16,261,118,-28,271,92,-38,281,70,-45,221,157,-19,230,119,-32,238,94,-41,247,71,-47,196,164,-23,197,135,-36,199,114,-42,203,94,-46,0
203,247,0,242,245,-18,274,230,-27,297,211,-35,319,199,-43,265,170,-15,288,140,-28,302,121,-39,313,104,-46,244,158,-16,260,118,-28,271,92,-38,281,69,-45,221,157,-18,230,119,-32,238,93,-41,247,71,-46,197,164,-23,197,134,-36,199,114,-42,203,94,-46,0
203,247,0,241,245,-17,274,230,-26,297,212,-34,319,200,-41,265,170,-14,288,140,-27,302,122,-37,314,105,-45,244,158,-15,261,117,-26,272,92,-36,282,70,-43,221,157,-18,230,118,-30,238,93,-39,247,71,-44,197,164,-22,198,134,-35,200,114,-41,204,94,-44,0
203,248,0,241,246,-17,273,230,-26,297,212,-34,319,200,-41,265,170,-14,288,140,-26,302,121,-37,314,105,-45,244,158,-14,261,118,-26,272,92,-36,282,70,-43,221,157,-17,230,118,-30,238,93,-39,247,71,-44,196,164,-22,197,134,-35,200,113,-40,204,93,-44,0
203,247,0,241,245,-18,274,230,-27,296,212,-36,319,199,-44,265,170,-15,289,141,-28,303,123,-39,315,106,-47,244,159,-16,261,118,-28,272,93,-38,282,70,-45,221,158,-19,231,119,-32,238,94,-41,247,72,-46,197,165,-23,197,135,-36,199,114,-42,203,94,-46,0
202,246,0,240,245,-18,273,230,-27,296,212,-35,318,199,-42,265,171,-15,288,141,-28,302,123,-39,314,105,-47,244,159,-16,260,118,-28,271,93,-37,280,71,-44,221,158,-19,230,119,-32,238,94,-40,247,72,-46,197,165,-23,197,135,-36,199,115,-42,202,95,-45,0
202,246,0,241,245,-18,273,230,-27,296,212,-35,318,199,-42,265,171,-15,288,141,-28,302,123,-39,314,105,-47,244,159,-16,260,118,-28,271,93,-38,281,71,-44,221,158,-19,230,119,-32,239,94,-41,247,72,-46,197,165,-24,197,135,-36,199,115,-42,202,95,-46,0
202,246,0,241,245,-18,274,230,-27,297,211,-34,318,199,-41,264,171,-15,287,141,-28,301,122,-38,313,105,-46,243,159,-15,259,118,-27,271,91,-37,280,69,-44,220,158,-18,229,119,-31,237,93,-40,246,71,-46,196,165,-23,196,136,-35,198,115,-41,202,95,-45,0
202,248,0,240,246,-18,273,231,-27,296,212,-34,318,199,-42,264,171,-16,287,141,-29,301,122,-39,313,105,-47,243,159,-16,259,118,-28,271,93,-38,280,70,-45,220,158,-19,229,119,-32,237,94,-41,246,71,-47,195,166,-24,196,136,-37,198,115,-43,201,95,-47,0
201,248,0,240,246,-18,272,231,-27,296,212,-35,318,199,-43,264,171,-16,287,141,-29,301,122,-40,313,105,-47,243,159,-16,260,118,-28,271,93,-38,280,70,-45,220,158,-19,229,119,-32,237,94,-41,246,71,-46,195,166,-23,196,135,-36,197,115,-42,201,95,-46,0
202,248,0,241,245,-18,273,231,-27,296,212,-35,318,199,-43,264,171,-16,287,142,-29,302,123,-39,314,106,-47,243,159,-16,259,119,-28,270,93,-38,279,70,-45,220,159,-19,229,120,-32,237,95,-41,245,72,-47,196,166,-23,196,136,-36,198,115,-43,202,95,-46,0
202,247,0,241,245,-18,273,231,-27,296,212,-35,318,199,-42,264,171,-15,287,142,-28,301,123,-39,313,106,-46,243,159,-15,259,119,-27,270,93,-37,279,71,-44,220,158,-18,229,120,-31,237,95,-40,245,72,-45,196,166,-22,196,136,-35,198,115,-41,201,95,-45,0
202,247,0,241,245,-18,274,230,-26,296,212,-34,317,199,-42,264,171,-15,287,141,-28,301,123,-39,313,105,-46,243,159,-16,259,118,-28,270,93,-38,280,70,-45,220,158,-19,229,119,-32,237,94,-41,245,71,-46,196,165,-24,196,135,-36,198,115,-42,202,95,-45,0
202,248,0,241,245,-17,273,230,-25,296,212,-33,317,200,-41,264,171,-14,287,141,-27,301,122,-38,314,105,-45,242,159,-15,259,119,-27,270,93,-37,279,71,-44,220,158,-19,228,120,-31,236,94,-40,245,72,-46,195,165,-23,196,136,-36,198,115,-42,201,95,-45,0
202,248,0,240,246,-17,273,230,-25,296,212,-33,317,200,-40,264,171,-13,287,141,-26,301,122,-37,312,105,-44,242,159,-14,259,119,-26,270,93,-36,279,71,-43,220,158,-18,229,120,-30,236,94,-39,244,72,-45,195,165,-23,196,136,-35,197,115,-41,201,94,-44,0
201,247,0,240,245,-18,272,230,-27,295,211,-35,317,198,-43,264,171,-15,287,140,-28,301,121,-39,312,104,-46,243,159,-16,259,118,-28,270,92,-37,279,70,-44,219,158,-19,228,119,-31,236,94,-40,244,72,-45,195,165,-23,195,135,-36,197,115,-41,200,95,-45,0
201,247,0,240,244,-18,272,230,-27,295,211,-35,317,199,-42,264,170,-15,287,140,-28,300,121,-39,312,104,-46,243,159,-16,259,118,-28,270,93,-38,279,70,-45,219,158,-19,228,119,-32,236,94,-41,244,71,-47,195,165,-24,195,135,-37,197,115,-43,200,95,-46,0
201,247,0,240,244,-17,273,229,-26,295,211,-34,317,199,-42,264,170,-15,287,140,-28,300,121,-38,312,104,-46,243,159,-16,259,118,-28,270,93,-37,279,70,-44,219,158,-19,228,119,-32,236,94,-41,244,72,-46,195,165,-24,195,135,-36,197,115,-42,200,95,-46,0
202,247,0,240,244,-16,272,229,-24,295,210,-31,316,198,-38,263,170,-14,286,140,-26,300,121,-36,311,103,-43,242,158,-15,258,118,-26,268,92,-35,277,70,-42,219,158,-18,227,119,-30,235,94,-39,243,72,-45,194,165,-23,195,136,-35,196,116,-41,199,96,-44,0
201,247,0,239,245,-17,272,229,-25,295,211,-32,317,198,-40,263,170,-14,285,140,-27,299,121,-37,311,104,-44,241,159,-15,258,118,-26,269,93,-36,278,71,-43,219,158,-18,227,119,-31,235,94,-39,243,71,-45,194,165,-23,194,135,-35,196,115,-41,199,94,-45,0
200,247,0,239,245,-18,271,230,-27,294,211,-35,315,198,-42,262,170,-15,285,140,-28,299,121,-38,311,103,-46,241,158,-15,257,117,-27,268,92,-37,277,70,-43,218,157,-18,226,119,-31,234,94,-40,243,71,-45,194,165,-22,194,135,-35,195,115,-41,199,95,-44,0
201,247,0,239,245,-18,271,230,-27,294,211,-35,315,198,-42,262,170,-15,285,140,-28,299,121,-39,311,104,-46,241,158,-16,257,117,-27,268,92,-37,277,70,-44,218,157,-18,226,119,-31,234,93,-40,242,71,-46,194,165,-23,194,135,-35,195,115,-41,199,95,-45,0
200,246,0,239,244,-17,271,229,-26,294,211,-35,316,198,-43,262,170,-15,285,139,-29,298,120,-39,311,103,-47,240,158,-16,257,118,-28,268,92,-38,277,70,-45,217,157,-19,227,119,-32,234,93,-41,243,71,-47,193,165,-24,193,135,-37,194,115,-42,198,95,-46,0
200,246,0,238,243,-17,271,229,-26,294,211,-34,316,198,-43,262,170,-15,285,140,-29,299,121,-39,311,103,-47,240,158,-16,257,118,-28,268,92,-38,277,70,-45,218,157,-19,227,119,-32,234,93,-41,243,71,-47,193,165,-24,193,135,-37,194,115,-43,198,95,-46,0
200,247,0,239,244,-17,271,229,-25,294,211,-33,315,198,-40,261,170,-14,284,140,-27,298,121,-38,310,104,-45,240,158,-16,256,118,-27,267,92,-37,277,70,-44,217,157,-19,226,118,-32,233,93,-40,241,71,-46,193,164,-24,193,135,-36,194,115,-42,198,95,-45,0
200,247,0,238,244,-16,271,229,-25,294,211,-33,315,198,-40,261,170,-14,284,139,-27,297,121,-37,309,104,-45,240,158,-15,256,118,-27,267,93,-36,276,71,-43,217,157,-18,226,119,-31,233,93,-39,241,71,-44,193,164,-23,193,135,-35,194,115,-40,198,95,-44,0
200,247,0,238,244,-16,271,229,-25,294,211,-32,315,198,-40,261,170,-14,284,140,-27,298,121,-37,310,104,-45,240,158,-15,256,118,-27,267,92,-36,276,70,-43,217,157,-19,225,118,-31,233,93,-39,241,70,-45,193,164,-23,193,135,-35,194,115,-41,198,95,-44,0
199,246,0,237,244,-17,270,229,-26,294,210,-34,315,198,-41,261,170,-15,284,139,-27,298,121,-38,310,103,-45,240,158,-15,256,117,-27,266,92,-36,275,69,-43,217,157,-18,226,118,-30,233,93,-39,241,70,-45,193,164,-23,192,135,-35,194,115,-40,197,95,-44,0
199,246,0,237,245,-17,270,229,-26,293,210,-33,315,197,-40,261,170,-14,284,139,-27,298,121,-37,310,104,-44,240,158,-15,256,117,-26,266,92,-36,275,69,-42,217,157,-18,226,118,-30,233,93,-38,241,71,-44,193,164,-22,192,135,-34,194,115,-39,196,95,-43,0
199,247,0,238,244,-17,270,229,-26,293,211,-33,314,198,-41,261,170,-15,284,140,-27,297,121,-38,309,103,-45,240,158,-15,255,117,-27,266,92,-36,275,69,-43,217,157,-18,225,119,-30,233,94,-39,241,72,-45,192,164,-22,192,135,-35,194,115,-40,196,96,-43,0
198,246,0,237,245,-18,270,229,-26,293,210,-33,314,198,-40,261,170,-14,283,139,-27,297,120,-37,309,103,-44,239,158,-15,255,118,-26,266,92,-36,275,70,-43,216,157,-17,225,119,-30,232,94,-38,241,71,-44,192,164,-22,192,135,-34,193,115,-39,196,95,-43,0
198,247,0,237,244,-17,270,229,-25,293,210,-32,314,198,-39,261,170,-13,283,139,-26,297,120,-36,309,103,-43,239,158,-14,255,118,-25,266,92,-35,275,70,-42,216,157,-17,225,119,-29,233,94,-38,241,72,-44,192,164,-22,192,135,-34,193,115,-39,196,95,-43,0
198,246,0,236,245,-18,270,229,-26,293,211,-34,314,197,-41,261,170,-15,283,140,-28,297,121,-38,309,104,-45,239,158,-16,255,117,-27,266,92,-37,275,70,-43,216,157,-18,225,119,-31,233,94,-39,241,71,-45,192,164,-23,192,135,-35,193,115,-41,196,95,-44,0
198,246,0,237,245,-18,270,229,-26,293,210,-33,314,197,-41,261,170,-15,284,140,-28,297,121,-38,309,103,-45,239,158,-16,255,117,-27,265,92,-36,274,70,-43,216,157,-18,225,119,-30,233,94,-39,241,71,-44,191,164,-22,192,135,-34,193,115,-40,196,95,-43,0
198,246,0,237,244,-17,270,229,-26,293,211,-33,314,198,-40,260,170,-15,283,139,-27,297,120,-37,309,103,-45,239,158,-15,255,117,-26,266,92,-36,275,70,-42,216,157,-18,225,118,-30,233,93,-38,240,71,-44,192,164,-22,192,135,-34,193,115,-39,196,95,-43,0
198,246,0,237,244,-17,270,229,-26,293,211,-33,314,198,-40,260,170,-15,283,139,-27,297,120,-37,309,103,-44,239,158,-15,255,117,-26,266,92,-35,275,71,-42,216,157,-18,225,118,-30,233,93,-38,241,71,-44,192,163,-22,192,134,-34,193,114,-39,196,95,-43,0
198,247,0,237,245,-17,270,229,-26,293,211,-33,314,197,-40,261,170,-15,283,139,-27,297,120,-37,308,103,-44,239,158,-15,255,117,-26,265,92,-35,274,70,-41,216,156,-17,225,118,-29,232,93,-37,240,71,-43,192,163,-22,192,134,-33,193,114,-38,196,95,-41,0
198,247,0,237,245,-17,270,229,-26,293,211,-33,314,197,-41,261,170,-15,283,139,-27,296,120,-37,308,103,-44,239,158,-15,255,117,-26,265,92,-35,274,70,-42,216,156,-18,225,118,-29,232,93,-38,240,71,-43,192,163,-22,191,134,-33,193,115,-38,196,95,-42,0
198,247,0,237,245,-17,270,229,-26,293,211,-34,314,197,-41,261,170,-15,283,139,-27,296,120,-37,308,103,-44,239,158,-15,255,117,-26,265,92,-35,274,70,-42,216,156,-18,225,118,-29,232,93,-37,240,71,-43,192,163,-22,191,134,-33,193,115,-38,196,95,-41,0
198,247,0,236,245,-17,270,229,-25,293,210,-33,314,197,-40,261,170,-14,283,139,-26,297,120,-36,309,103,-43,239,158,-14,255,118,-25,265,92,-34,274,71,-41,216,157,-17,225,119,-29,232,94,-37,240,71,-42,192,164,-21,192,135,-33,193,115,-38,196,95,-41,0
198,247,0,236,244,-17,270,229,-25,293,210,-32,314,197,-39,261,170,-14,283,139,-26,297,120,-36,309,103,-43,239,158,-14,255,118,-25,265,92,-34,274,71,-41,217,157,-17,225,119,-28,233,94,-37,240,71,-42,192,163,-21,192,134,-33,193,114,-38,196,95,-41,0
199,246,0,237,244,-17,270,229,-26,293,211,-33,314,197,-40,261,170,-15,283,140,-28,297,121,-38,309,104,-46,240,158,-16,255,118,-28,266,92,-37,275,70,-44,217,157,-19,225,119,-32,233,94,-40,241,72,-46,192,164,-24,192,135,-36,193,115,-42,196,95,-45,0
198,246,0,237,244,-17,270,229,-25,293,210,-32,314,197,-39,261,170,-14,283,140,-26,297,121,-36,309,104,-43,239,158,-14,255,118,-25,266,93,-35,275,70,-41,216,157,-17,225,119,-29,232,94,-38,240,72,-43,192,164,-21,192,135,-33,193,115,-39,196,96,-42,0
199,247,0,237,244,-16,270,229,-24,293,210,-31,314,197,-38,261,170,-14,284,140,-26,297,121,-36,309,104,-43,239,158,-14,255,118,-26,265,92,-35,274,70,-42,216,157,-18,225,120,-30,232,94,-38,240,72,-44,192,164,-22,192,135,-34,193,115,-40,196,96,-43,0
198,246,0,237,244,-18,270,229,-27,293,211,-34,313,198,-42,260,170,-15,283,140,-29,296,121,-39,308,104,-46,239,158,-16,255,118,-28,265,92,-38,274,70,-45,216,158,-19,225,120,-32,232,94,-41,240,72,-47,192,165,-23,191,136,-36,192,116,-42,195,96,-45,0
198,246,0,237,244,-17,270,229,-26,293,211,-33,313,198,-41,261,170,-15,283,140,-28,296,121,-38,308,104,-45,239,158,-15,255,118,-27,265,92,-37,274,70,-44,216,158,-18,225,120,-31,232,95,-40,240,72,-46,192,165,-23,191,136,-35,192,116,-41,195,96,-45,0
198,247,0,236,245,-17,269,229,-25,292,211,-33,313,198,-40,260,170,-14,283,140,-26,297,121,-36,309,105,-44,238,159,-15,254,118,-26,264,92,-35,273,70,-42,215,157,-17,224,120,-30,231,95,-38,239,72,-43,191,164,-22,191,136,-33,193,116,-39,196,96,-42,0
198,248,0,236,245,-17,269,230,-26,292,211,-34,313,198,-41,260,170,-14,282,140,-27,296,121,-37,308,104,-44,238,159,-15,254,118,-26,265,93,-36,274,71,-43,215,158,-18,224,120,-30,231,95,-39,240,72,-45,191,165,-22,191,136,-35,192,116,-40,195,96,-44,0
198,247,0,236,246,-17,269,231,-26,292,212,-34,313,199,-41,260,170,-15,283,140,-27,296,121,-37,308,104,-44,238,159,-15,254,118,-26,264,93,-36,273,71,-42,215,158,-18,224,120,-30,231,95,-38,239,72,-44,191,165,-22,191,136,-34,192,115,-39,195,96,-43,0
212,251,0,242,245,-8,268,230,-14,282,209,-20,276,190,-23,243,184,0,269,186,-15,262,208,-23,250,210,-27,230,178,-1,261,183,-17,253,209,-21,241,208,-20,218,176,-6,249,186,-23,242,211,-20,229,210,-14,206,178,-12,234,189,-21,230,207,-19,218,208,-15,0
196,265,0,236,264,-16,273,253,-26,300,242,-36,323,237,-46,266,191,-20,292,161,-35,308,142,-46,321,124,-53,243,177,-23,263,135,-37,276,108,-48,286,84,-54,217,176,-28,220,135,-43,224,107,-53,230,83,-59,190,185,-34,186,154,-48,185,133,-55,186,113,-58,0
195,267,0,234,266,-18,271,256,-30,301,250,-41,326,251,-53,264,189,-21,290,156,-35,304,136,-46,315,117,-54,239,175,-23,254,131,-36,264,104,-46,271,80,-53,212,174,-27,212,131,-41,214,104,-51,217,79,-57,186,183,-33,177,151,-46,172,130,-52,170,109,-56,0
194,267,0,234,267,-20,271,256,-33,301,250,-44,327,252,-57,264,189,-23,289,156,-38,304,135,-49,315,115,-57,239,175,-24,254,131,-38,264,104,-48,271,80,-55,212,174,-28,212,132,-42,214,104,-52,217,80,-58,185,183,-33,176,151,-47,171,129,-53,169,108,-57,0
195,267,0,234,266,-20,271,257,-33,301,251,-44,326,252,-57,264,189,-23,290,156,-38,304,135,-49,315,116,-57,239,175,-24,254,131,-38,264,104,-48,271,80,-55,212,174,-28,212,132,-42,214,104,-52,217,80,-58,185,182,-33,176,151,-47,171,129,-53,170,108,-57,0
194,267,0,233,267,-20,271,257,-32,301,251,-44,326,252,-56,263,189,-23,289,156,-38,303,135,-49,314,116,-57,238,175,-24,253,131,-38,263,104,-48,270,80,-55,211,174,-28,211,132,-42,213,105,-52,217,80,-58,185,183,-33,176,152,-47,171,131,-53,169,110,-57,0
194,267,0,234,267,-21,271,257,-33,300,250,-45,326,251,-58,264,189,-24,289,156,-39,303,135,-50,314,115,-59,238,175,-26,253,132,-40,263,104,-50,270,80,-57,211,175,-29,211,132,-44,213,104,-54,217,79,-60,185,184,-34,176,152,-48,171,130,-55,169,108,-59,0
194,267,0,234,267,-20,271,257,-33,300,251,-45,325,252,-57,264,189,-24,289,156,-39,303,135,-50,314,115,-58,238,175,-26,253,132,-40,263,104,-50,270,80,-57,212,175,-29,212,132,-44,213,104,-54,217,79,-61,185,184,-35,176,152,-49,171,130,-55,169,109,-60,0
194,267,0,234,266,-19,271,256,-31,300,250,-42,326,251,-54,263,189,-23,289,156,-37,303,135,-48,315,115,-56,238,175,-24,253,131,-38,263,103,-48,271,79,-54,211,174,-28,211,131,-42,213,104,-52,217,79,-58,185,183,-33,176,151,-47,171,129,-53,170,108,-57,0
194,267,0,234,266,-19,271,256,-31,300,250,-43,326,251,-55,263,189,-23,289,156,-37,303,135,-48,314,115,-56,238,174,-24,253,130,-38,263,103,-48,270,79,-55,212,173,-28,212,131,-42,213,103,-52,217,78,-58,185,183,-33,176,151,-47,171,129,-53,169,107,-57,0
194,266,0,234,265,-20,270,255,-33,300,249,-45,325,250,-58,263,188,-24,288,155,-39,302,134,-51,313,114,-59,238,174,-25,253,131,-40,264,103,-50,271,79,-57,212,173,-29,211,131,-43,213,104,-53,217,79,-60,185,182,-34,176,151,-48,171,129,-55,170,108,-59,0
194,266,0,234,265,-20,271,256,-33,300,249,-45,325,250,-58,263,188,-24,288,155,-39,302,134,-50,313,114,-59,238,174,-25,253,130,-40,263,103,-50,271,79,-57,212,173,-29,211,131,-44,213,103,-54,217,78,-60,185,182,-34,176,151,-48,171,129,-55,170,108,-59,0
194,266,0,234,265,-20,270,255,-33,300,249,-45,325,250,-58,263,188,-24,288,155,-40,302,134,-51,312,114,-59,238,174,-26,253,130,-40,263,103,-50,271,79,-58,212,173,-29,211,131,-44,213,104,-54,217,78,-60,185,182,-34,176,151,-48,171,129,-55,170,108,-59,0
194,266,0,233,265,-20,270,255,-32,300,248,-44,326,250,-55,262,188,-23,288,155,-38,303,134,-49,314,115,-57,237,174,-24,253,130,-38,263,102,-48,270,78,-55,211,173,-28,211,131,-42,214,103,-52,217,79,-58,185,182,-33,176,150,-46,171,129,-53,170,108,-57,0
193,265,0,233,265,-20,270,255,-32,300,248,-44,326,250,-56,263,187,-23,288,155,-38,303,134,-49,314,114,-57,237,173,-24,253,130,-38,263,102,-48,270,78,-55,211,172,-28,212,130,-42,214,103,-52,217,78,-58,185,182,-33,176,150,-46,172,129,-53,170,108,-56,0
194,266,0,234,265,-20,271,255,-33,300,248,-45,325,250,-57,263,188,-24,288,155,-40,302,133,-51,313,114,-59,238,174,-26,253,130,-40,263,103,-50,271,79,-57,211,173,-29,211,131,-44,213,103,-54,217,79,-60,184,182,-34,175,151,-48,171,129,-55,170,108,-59,0
194,266,0,234,265,-21,270,255,-34,300,249,-47,326,251,-59,263,188,-25,289,155,-41,303,134,-52,314,114,-60,238,174,-26,253,130,-41,263,103,-51,270,79,-58,211,173,-30,211,131,-44,213,103,-54,216,79,-61,184,182,-35,175,151,-48,170,129,-55,169,108,-59,0
194,266,0,234,265,-20,270,255,-32,300,248,-44,325,250,-56,263,187,-23,288,154,-38,302,133,-49,313,114,-56,237,173,-24,252,130,-38,262,102,-48,269,78,-55,211,172,-28,211,130,-42,213,103,-51,216,78,-57,184,182,-33,175,150,-46,171,129,-53,169,107,-56,0
194,265,0,233,265,-20,269,254,-33,299,247,-44,324,248,-56,262,187,-24,287,154,-39,301,133,-50,312,113,-58,236,173,-25,250,129,-40,260,102,-50,268,78,-57,210,172,-29,209,130,-43,211,103,-53,214,78,-59,183,182,-34,174,150,-47,170,129,-54,169,107,-58,0
193,265,0,232,264,-20,269,253,-33,298,246,-45,323,246,-57,260,186,-23,285,153,-38,298,132,-49,309,113,-58,235,173,-24,249,129,-39,259,101,-49,266,77,-56,209,172,-28,208,131,-42,210,103,-52,213,78,-59,183,182,-33,174,151,-47,170,129,-54,168,107,-58,0
193,265,0,232,264,-20,269,253,-33,298,246,-45,323,246,-57,260,186,-24,285,154,-39,299,133,-50,310,113,-58,235,173,-25,249,129,-39,259,101,-50,266,77,-57,209,173,-28,208,131,-43,210,103,-54,213,78,-61,183,182,-34,174,151,-48,170,129,-55,168,107,-59,0
194,266,0,233,264,-19,269,253,-32,298,246,-43,324,246,-55,260,186,-23,285,153,-38,300,132,-49,311,113,-57,235,173,-25,249,129,-38,259,101,-48,266,77,-56,209,172,-28,208,131,-42,210,103,-52,213,78,-58,183,182,-33,174,150,-46,170,128,-53,168,107,-57,0
194,265,0,233,264,-19,269,253,-32,298,245,-43,323,245,-55,261,186,-23,285,153,-38,299,132,-49,310,113,-57,235,173,-24,249,129,-38,259,101,-48,265,76,-55,209,172,-28,208,130,-42,209,102,-52,212,78,-58,183,181,-33,174,150,-46,170,128,-52,168,107,-56,0
193,266,0,232,265,-20,268,253,-32,298,246,-43,323,247,-55,260,187,-23,284,154,-38,298,133,-49,309,113,-57,235,173,-24,249,129,-38,259,102,-48,265,78,-56,209,172,-28,208,131,-42,209,103,-52,212,79,-59,183,182,-33,174,151,-46,170,129,-53,168,107,-57,0
193,266,0,232,264,-19,268,253,-32,298,246,-43,323,247,-55,260,186,-23,284,154,-37,298,133,-48,310,114,-56,235,173,-24,249,129,-38,259,102,-48,266,78,-55,209,172,-28,207,131,-42,209,103,-52,212,78,-58,183,182,-33,174,151,-46,170,129,-53,168,107,-57,0
193,266,0,232,265,-20,268,254,-33,298,247,-44,323,246,-56,260,187,-23,285,154,-38,299,133,-49,310,114,-56,235,173,-24,249,130,-38,259,102,-48,265,78,-55,209,173,-27,207,131,-42,209,103,-52,212,79,-58,183,183,-33,174,151,-46,170,130,-53,168,108,-57,0
193,265,0,232,265,-20,268,254,-33,298,247,-44,323,246,-56,260,187,-23,285,154,-38,299,133,-49,310,114,-57,235,173,-24,249,129,-38,259,102,-48,265,78,-55,209,173,-27,207,131,-42,209,103,-52,212,79,-58,183,182,-32,174,151,-46,170,129,-53,168,108,-57,0
193,265,0,232,265,-20,268,254,-32,298,246,-43,323,247,-55,260,187,-23,285,154,-37,299,134,-48,310,114,-56,235,173,-24,249,130,-38,258,102,-48,265,78,-55,209,173,-27,207,131,-42,209,104,-52,212,79,-59,183,182,-32,174,151,-46,169,129,-53,168,108,-57,0
193,266,0,232,264,-20,268,254,-32,297,247,-44,322,246,-56,260,188,-24,284,155,-39,298,134,-50,309,114,-58,235,174,-25,249,130,-39,258,102,-49,265,78,-57,209,173,-28,207,131,-43,208,104,-53,211,79,-59,183,182,-33,174,151,-47,170,129,-53,168,107,-57,0
193,266,0,232,264,-20,268,254,-32,297,247,-44,323,247,-55,260,187,-23,284,155,-38,299,134,-49,310,115,-57,235,173,-24,249,130,-38,258,102,-48,265,78,-55,209,173,-28,207,131,-42,209,103,-52,212,79,-58,183,182,-33,174,150,-46,170,129,-52,169,107,-56,0
193,266,0,232,264,-20,268,254,-32,298,247,-44,323,247,-56,260,187,-23,284,154,-38,298,134,-48,309,115,-56,235,173,-24,249,130,-38,258,102,-48,265,78,-55,209,173,-27,207,131,-42,209,103,-51,212,79,-58,183,182,-33,174,151,-46,170,129,-52,169,107,-56,0
192,266,0,232,265,-20,269,254,-32,298,247,-43,323,247,-55,260,187,-23,285,154,-37,299,134,-48,310,114,-56,235,173,-24,249,130,-38,259,102,-48,266,79,-55,209,173,-28,207,131,-42,209,104,-52,212,80,-58,183,183,-33,174,151,-46,169,129,-53,168,108,-57,0
192,266,0,232,265,-19,269,254,-32,298,247,-43,323,247,-55,260,187,-23,285,154,-37,299,134,-48,310,114,-56,235,174,-24,249,130,-38,259,103,-48,266,79,-55,209,173,-28,208,131,-42,209,104,-52,212,79,-59,183,183,-33,174,151,-47,170,129,-54,168,108,-58,0
193,266,0,232,264,-20,268,254,-32,298,247,-44,323,247,-55,259,187,-23,284,154,-38,298,134,-48,310,114,-56,234,173,-24,248,130,-37,258,102,-47,265,79,-54,208,173,-27,207,131,-41,209,104,-51,212,80,-57,182,182,-33,174,151,-46,169,130,-52,168,108,-56,0
193,266,0,232,264,-19,268,254,-31,298,246,-43,323,246,-54,259,187,-22,284,154,-37,298,133,-47,309,114,-55,234,173,-24,249,130,-37,258,102,-47,265,79,-54,208,173,-27,207,131,-41,209,103,-51,212,79,-57,183,182,-32,174,151,-46,170,130,-52,168,108,-56,0
193,266,0,232,265,-19,268,254,-31,298,246,-43,323,246,-54,259,187,-22,284,154,-37,298,133,-47,309,114,-55,235,173,-24,249,130,-37,258,102,-47,265,79,-54,208,173,-27,207,131,-41,209,103,-51,211,79,-57,183,182,-32,174,151,-45,170,129,-52,169,108,-56,0
193,266,0,232,265,-19,268,254,-32,297,247,-43,323,246,-55,259,187,-23,284,154,-38,298,134,-49,309,114,-57,234,174,-25,249,130,-39,258,102,-49,265,78,-56,208,174,-28,207,131,-43,208,103,-53,211,79,-60,182,183,-34,173,152,-47,169,130,-54,168,109,-58,0
193,266,0,232,265,-20,269,254,-32,298,246,-43,323,246,-55,260,187,-23,284,154,-38,298,134,-48,309,114,-56,235,174,-24,248,130,-38,258,102,-48,265,78,-55,208,173,-28,207,132,-42,208,104,-52,211,79,-58,183,183,-33,174,151,-46,170,129,-53,169,108,-57,0
193,265,0,232,264,-19,268,253,-32,297,246,-43,322,245,-55,259,187,-23,283,154,-38,297,134,-49,308,114,-57,234,173,-24,248,130,-38,257,102,-49,264,78,-56,208,172,-28,207,131,-42,208,103,-52,211,79,-59,183,182,-33,174,150,-46,170,129,-53,168,108,-57,0
192,266,0,232,264,-19,268,253,-31,297,245,-43,322,245,-54,259,187,-22,283,155,-37,298,134,-48,309,114,-56,234,174,-24,248,130,-38,257,103,-48,264,78,-55,207,173,-27,206,131,-42,208,104,-52,211,79,-58,181,183,-32,173,151,-46,169,130,-53,168,109,-57,0
193,265,0,232,264,-19,269,253,-31,297,245,-42,322,245,-53,259,186,-22,284,154,-37,297,133,-47,308,114,-55,234,173,-24,248,129,-37,257,102,-47,264,78,-54,208,173,-27,206,131,-41,208,104,-51,211,79,-58,183,183,-33,174,151,-46,170,130,-52,168,109,-57,0
192,266,0,231,265,-20,268,253,-31,297,245,-42,322,245,-54,258,187,-23,282,154,-37,296,133,-48,307,113,-56,233,173,-24,247,130,-38,256,102,-48,263,78,-55,207,173,-27,206,131,-41,208,104,-51,211,79,-58,182,183,-32,173,151,-46,169,130,-52,168,108,-56,0
192,266,0,231,264,-19,268,253,-30,297,245,-41,322,246,-53,259,187,-21,283,155,-36,297,134,-46,308,115,-54,234,174,-23,247,131,-37,257,103,-47,264,79,-54,208,174,-27,207,132,-41,208,105,-51,211,80,-57,182,183,-32,173,152,-46,169,130,-52,168,108,-56,0
192,266,0,231,264,-19,267,253,-31,296,245,-42,321,244,-54,258,187,-22,283,155,-37,296,134,-47,307,114,-55,233,174,-24,247,130,-37,256,103,-47,263,79,-54,208,173,-27,207,131,-41,208,104,-51,211,80,-58,182,183,-32,173,151,-46,169,130,-53,168,109,-57,0
193,266,0,232,265,-19,268,254,-32,297,247,-43,322,247,-55,259,188,-22,284,155,-37,298,135,-48,310,116,-56,235,175,-24,248,131,-38,258,104,-48,265,80,-56,209,174,-28,208,133,-42,210,105,-52,213,80,-59,183,184,-33,175,152,-47,171,131,-54,169,109,-58,0
192,266,0,232,264,-20,268,253,-32,297,246,-43,322,247,-55,260,188,-23,284,155,-38,298,134,-49,310,115,-58,234,174,-25,248,131,-39,258,103,-49,265,79,-57,208,174,-28,208,133,-43,210,105,-53,213,81,-59,182,183,-33,174,152,-47,171,130,-54,169,109,-58,0
192,266,0,232,265,-20,268,254,-32,296,246,-43,321,246,-55,259,187,-23,284,155,-37,297,135,-48,308,115,-57,234,174,-24,248,131,-38,257,103,-48,263,79,-56,208,174,-28,208,132,-42,210,105,-52,213,80,-59,183,183,-33,174,152,-47,170,130,-53,169,109,-58,0
192,266,0,231,265,-19,267,254,-31,296,246,-42,321,246,-53,259,188,-22,283,156,-36,297,135,-47,308,115,-55,234,174,-24,248,131,-37,257,103,-47,263,79,-55,209,174,-27,208,132,-41,210,105,-51,212,81,-58,183,183,-33,175,151,-46,171,130,-52,169,109,-56,0
165,261,0,204,267,-17,241,261,-25,268,249,-32,291,240,-39,246,201,-13,277,178,-25,294,162,-35,309,148,-42,228,183,-14,253,148,-25,269,126,-35,281,107,-42,205,176,-17,216,140,-30,225,116,-39,235,96,-44,179,178,-22,182,149,-34,186,130,-40,192,112,-43,0
164,255,0,202,262,-17,237,257,-26,263,245,-34,286,236,-41,242,197,-16,272,175,-28,290,160,-38,305,146,-44,224,179,-16,249,146,-27,265,124,-37,278,105,-43,201,173,-18,213,137,-31,222,113,-39,232,93,-45,176,174,-22,179,145,-34,183,126,-40,189,108,-43,0
164,255,0,202,262,-17,237,257,-26,263,245,-33,286,236,-40,243,197,-15,272,175,-27,290,160,-37,305,146,-44,224,180,-15,249,146,-27,265,124,-36,278,105,-42,201,173,-18,213,137,-30,222,113,-39,232,93,-44,176,174,-22,179,145,-34,183,126,-39,189,109,-43,0
163,256,0,202,263,-16,238,257,-24,264,245,-31,286,237,-38,242,197,-14,272,175,-26,289,160,-36,304,146,-43,223,180,-15,249,147,-26,265,125,-35,278,105,-42,201,173,-17,213,137,-30,222,114,-38,232,93,-44,176,174,-21,179,146,-33,183,127,-39,189,109,-42,0
163,256,0,201,262,-16,238,257,-25,264,245,-32,286,237,-39,242,197,-15,272,175,-27,289,159,-37,304,145,-43,223,180,-15,248,146,-27,265,125,-36,278,105,-42,201,173,-18,213,137,-30,222,113,-39,232,93,-44,176,174,-22,179,145,-34,183,127,-39,189,108,-42,0
162,256,0,201,262,-17,238,257,-25,264,245,-32,287,237,-39,242,198,-14,272,175,-26,290,160,-35,305,146,-42,224,180,-14,249,146,-26,265,124,-35,278,105,-41,201,173,-17,213,137,-29,222,114,-37,232,94,-43,176,174,-21,180,145,-32,184,127,-38,190,109,-41,0
162,256,0,202,262,-17,238,257,-24,264,245,-31,287,237,-37,241,198,-14,272,175,-25,289,160,-34,304,146,-41,223,181,-14,249,146,-25,265,124,-34,278,105,-40,201,174,-16,213,138,-29,222,114,-37,232,93,-43,176,175,-20,179,147,-32,183,128,-38,189,110,-41,0
164,256,0,202,261,-17,238,257,-26,263,245,-33,286,236,-41,242,197,-15,272,175,-27,289,159,-37,304,145,-44,224,180,-16,249,146,-27,265,124,-37,278,105,-43,201,173,-18,213,137,-31,223,114,-40,232,93,-45,176,174,-22,179,146,-34,182,127,-40,188,109,-43,0
164,256,0,202,262,-17,238,257,-26,264,245,-33,286,236,-41,242,197,-15,272,175,-28,290,160,-37,305,146,-44,224,180,-16,249,146,-27,265,124,-37,278,105,-43,201,173,-18,213,137,-31,222,114,-39,232,94,-45,176,174,-22,179,145,-34,183,126,-40,188,109,-43,0
164,255,0,202,262,-17,238,256,-25,264,245,-33,287,236,-40,242,197,-15,272,175,-27,290,160,-37,304,146,-44,224,179,-15,249,146,-27,265,124,-36,278,104,-42,202,173,-18,214,137,-30,223,114,-39,232,94,-45,176,174,-22,179,145,-34,183,127,-40,188,110,-43,0
164,255,0,202,262,-17,238,256,-25,264,244,-33,287,236,-40,242,197,-15,272,175,-27,290,160,-37,305,146,-43,224,180,-15,249,146,-27,265,124,-36,278,104,-43,202,173,-18,214,137,-30,223,113,-39,232,93,-45,176,174,-22,179,145,-34,183,127,-40,188,110,-43,0
164,255,0,202,261,-18,238,256,-26,263,244,-33,286,236,-40,242,196,-15,272,174,-27,290,159,-37,304,145,-43,224,179,-15,249,146,-26,265,124,-36,278,104,-42,201,172,-17,214,137,-29,223,113,-38,232,93,-43,176,173,-21,180,145,-33,184,127,-38,189,109,-41,0
164,255,0,202,261,-17,238,256,-26,264,244,-33,286,236,-41,242,196,-15,272,174,-27,289,159,-37,304,145,-44,224,179,-15,249,145,-27,265,124,-36,278,104,-42,201,172,-17,214,137,-30,223,113,-38,232,94,-44,176,173,-21,180,145,-33,184,127,-38,189,110,-41,0
164,254,0,202,260,-16,239,255,-24,264,244,-31,286,235,-38,242,197,-14,272,174,-26,290,159,-35,304,145,-42,224,179,-15,249,145,-26,265,123,-35,278,104,-41,202,172,-17,214,137,-29,223,114,-38,232,94,-43,176,173,-21,180,145,-33,183,127,-38,189,109,-41,0
164,253,0,203,260,-16,239,255,-24,264,243,-30,286,235,-37,243,196,-13,273,174,-25,291,159,-34,305,145,-40,224,179,-14,249,145,-24,265,123,-33,277,104,-39,202,172,-16,214,137,-28,223,113,-36,232,93,-42,176,173,-20,180,145,-32,184,127,-37,189,110,-40,0
165,254,0,203,261,-17,239,256,-26,264,244,-34,286,236,-41,243,197,-15,273,174,-27,291,160,-37,305,146,-44,225,179,-15,249,145,-27,265,124,-37,278,105,-43,202,172,-18,214,137,-30,223,113,-39,232,93,-45,176,174,-22,180,146,-34,184,128,-40,190,110,-43,0
165,254,0,203,261,-17,239,256,-26,264,244,-33,286,236,-41,243,197,-15,273,175,-28,290,160,-37,305,146,-44,225,179,-16,249,145,-28,265,124,-37,278,105,-44,202,172,-18,214,137,-31,223,113,-40,232,93,-46,176,174,-22,180,146,-34,184,128,-40,190,110,-44,0
165,254,0,203,261,-17,239,256,-25,264,244,-32,286,236,-38,243,197,-15,274,175,-27,291,160,-36,306,146,-43,225,180,-15,250,146,-26,266,124,-36,278,105,-42,202,173,-17,214,137,-30,223,113,-39,233,92,-44,177,174,-21,180,145,-33,184,126,-39,190,108,-43,0
165,254,0,203,261,-17,239,257,-26,264,244,-33,286,236,-40,244,197,-15,274,175,-27,292,160,-36,306,146,-43,225,180,-15,250,146,-26,265,124,-36,278,105,-42,202,173,-17,215,137,-30,223,113,-39,233,92,-45,177,174,-21,180,145,-33,184,127,-39,190,109,-43,0
165,254,0,203,261,-17,238,256,-25,264,244,-32,286,236,-39,243,197,-14,273,174,-26,291,159,-35,305,145,-42,225,179,-15,249,145,-26,265,124,-35,278,104,-42,202,173,-17,214,137,-30,223,113,-39,232,92,-45,176,174,-21,180,146,-34,184,127,-40,190,109,-44,0
164,254,0,203,261,-17,238,256,-25,264,244,-32,286,236,-39,243,196,-15,273,174,-27,291,159,-36,305,145,-43,225,179,-15,249,145,-26,265,124,-36,278,104,-42,202,172,-17,214,137,-30,223,113,-39,232,93,-45,176,174,-21,180,146,-34,184,127,-40,190,109,-43,0
164,253,0,203,259,-17,239,255,-25,264,243,-32,286,234,-38,243,196,-14,273,173,-26,290,158,-35,304,144,-42,224,178,-15,249,144,-25,265,123,-35,277,103,-41,202,172,-17,214,136,-29,223,112,-38,232,92,-43,176,173,-21,180,145,-32,183,127,-38,189,110,-41,0
164,253,0,203,260,-17,239,255,-25,264,243,-32,286,235,-38,243,196,-14,273,174,-26,290,158,-35,304,144,-42,225,178,-14,249,144,-26,265,123,-35,277,104,-41,202,172,-17,214,136,-29,223,113,-38,232,92,-43,177,173,-21,180,145,-33,183,127,-39,189,109,-42,0
165,253,0,203,260,-17,239,255,-25,264,242,-32,286,234,-39,243,195,-14,273,173,-26,290,158,-35,305,144,-42,224,178,-14,249,144,-25,265,122,-34,277,103,-41,202,171,-17,214,136,-29,223,112,-37,232,92,-43,177,172,-21,180,145,-32,184,126,-38,189,109,-41,0
165,253,0,203,260,-16,239,254,-24,264,242,-31,286,234,-38,243,195,-14,273,173,-26,291,158,-35,305,145,-42,224,178,-14,249,144,-26,265,123,-35,278,104,-41,202,171,-17,214,135,-29,223,112,-38,232,92,-43,177,173,-21,180,145,-33,184,126,-39,189,108,-42,0
165,252,0,203,259,-17,238,254,-26,264,242,-33,286,234,-40,243,195,-15,273,173,-27,290,158,-36,305,144,-43,225,177,-15,250,144,-26,266,122,-36,278,103,-42,203,171,-17,215,135,-30,224,112,-38,233,92,-44,177,172,-21,181,144,-33,185,125,-39,190,107,-42,0
165,252,0,203,259,-17,238,255,-26,264,242,-33,286,234,-40,243,195,-14,273,173,-26,291,158,-36,305,144,-43,225,177,-15,250,144,-26,266,122,-35,278,103,-42,203,171,-17,215,135,-29,224,112,-38,232,92,-44,178,172,-21,181,144,-33,184,126,-39,189,108,-43,0
166,252,0,204,259,-17,240,255,-25,265,242,-32,286,234,-39,244,194,-14,274,172,-26,291,157,-35,305,143,-41,226,177,-14,250,144,-25,265,122,-34,278,103,-40,204,170,-16,215,135,-28,224,112,-36,233,92,-41,178,171,-20,182,143,-31,185,125,-37,190,107,-40,0
166,252,0,204,259,-17,240,254,-25,265,242,-32,286,234,-39,244,194,-14,274,172,-26,291,157,-35,305,143,-41,226,177,-14,250,144,-25,265,122,-34,278,103,-40,203,170,-16,215,135,-28,224,112,-36,233,92,-42,178,171,-20,181,143,-31,185,124,-37,191,107,-40,0
165,251,0,203,258,-17,238,254,-25,264,242,-32,286,233,-39,244,195,-14,273,172,-26,291,157,-35,305,143,-41,225,177,-14,250,144,-25,265,122,-34,277,103,-41,203,170,-16,215,135,-28,224,111,-37,233,91,-42,178,171,-20,181,143,-32,185,125,-37,190,108,-41,0
165,251,0,203,259,-17,238,254,-25,264,242,-32,286,233,-39,243,194,-14,273,172,-25,290,157,-34,305,143,-41,225,177,-14,250,144,-25,265,122,-34,277,103,-40,203,170,-16,215,135,-28,224,111,-37,233,91,-42,178,171,-20,181,143,-31,185,125,-37,190,108,-41,0
166,252,0,204,258,-17,239,253,-25,264,241,-32,286,232,-39,243,194,-14,273,172,-25,290,157,-35,304,143,-41,225,177,-14,249,143,-25,265,122,-34,278,103,-41,202,170,-17,214,135,-29,223,111,-38,232,91,-44,177,171,-21,180,144,-33,183,125,-39,189,108,-43,0
166,251,0,204,257,-17,239,253,-25,264,241,-33,286,233,-40,243,194,-14,273,172,-26,291,157,-36,305,143,-43,225,176,-14,250,143,-26,265,122,-35,278,103,-41,203,170,-17,214,135,-29,223,111,-38,232,91,-43,177,171,-21,180,143,-33,184,125,-39,189,108,-42,0
165,251,0,203,258,-17,239,253,-25,264,241,-32,286,232,-38,242,194,-14,272,172,-25,290,157,-34,304,143,-41,224,177,-14,249,143,-25,264,122,-34,277,103,-40,202,170,-16,214,134,-28,223,111,-37,232,91,-42,177,171,-20,180,143,-32,184,124,-37,189,107,-40,0
165,250,0,203,258,-17,238,253,-25,264,241,-32,286,232,-39,242,194,-14,272,172,-26,290,157,-35,304,143,-42,224,177,-14,249,143,-25,265,122,-35,277,102,-41,202,170,-16,214,134,-29,223,111,-37,232,90,-43,177,171,-20,181,143,-32,184,124,-38,190,106,-41,0
165,250,0,204,257,-17,239,254,-24,264,241,-31,286,232,-38,243,193,-13,273,171,-24,290,157,-33,305,143,-40,225,176,-13,249,143,-24,265,122,-33,277,103,-39,203,169,-15,214,134,-27,223,111,-36,232,91,-41,177,171,-19,180,143,-30,184,125,-36,190,108,-40,0
165,250,0,204,257,-17,239,254,-25,264,241,-31,286,232,-38,243,193,-13,273,172,-25,290,156,-34,304,142,-40,225,176,-13,249,143,-24,265,121,-33,277,102,-40,202,169,-15,214,134,-27,223,111,-36,232,91,-42,177,171,-19,180,143,-31,184,124,-37,190,107,-41,0
165,251,0,203,258,-17,238,254,-25,264,242,-32,286,233,-39,244,194,-14,274,172,-25,291,157,-35,305,143,-42,226,177,-14,250,143,-25,265,122,-34,278,103,-41,203,170,-16,215,135,-28,223,111,-37,232,91,-43,178,171,-20,181,143,-32,185,125,-38,191,107,-41,0
166,251,0,204,258,-17,239,254,-24,265,242,-31,287,233,-37,244,194,-13,274,172,-24,291,157,-33,305,142,-40,226,177,-13,250,143,-24,266,121,-33,278,102,-39,203,170,-16,215,134,-28,224,111,-36,233,91,-42,178,171,-20,181,143,-31,185,124,-37,191,107,-40,0
165,251,0,204,258,-17,239,254,-24,265,242,-31,287,233,-37,244,194,-13,274,172,-24,291,157,-33,305,142,-40,226,177,-13,250,143,-24,266,121,-33,278,102,-39,203,170,-15,215,134,-27,224,111,-36,233,91,-41,178,171,-19,181,143,-31,185,124,-37,190,107,-40,0
166,251,0,204,258,-17,239,254,-25,265,241,-32,287,232,-39,245,194,-14,274,171,-25,291,156,-34,306,142,-41,226,176,-13,251,142,-24,266,121,-33,279,102,-39,204,169,-15,216,134,-27,225,111,-36,233,91,-41,178,170,-19,182,142,-31,186,124,-37,191,106,-40,0
166,251,0,204,258,-17,239,254,-25,265,241,-32,287,233,-39,245,194,-13,274,171,-25,291,156,-34,305,142,-40,226,176,-13,251,142,-24,266,121,-33,279,102,-39,204,169,-16,216,134,-27,225,111,-36,234,92,-41,178,170,-19,182,142,-31,185,124,-37,191,106,-40,0
165,249,0,204,257,-17,240,252,-24,265,240,-31,287,231,-37,244,193,-13,274,171,-24,291,155,-32,305,141,-39,226,175,-13,251,142,-23,266,121,-32,278,102,-38,204,168,-15,216,133,-27,225,110,-35,234,90,-41,179,169,-18,181,142,-30,185,124,-36,191,106,-40,0
165,250,0,204,257,-17,240,252,-24,265,240,-30,287,231,-37,244,193,-13,274,171,-24,291,155,-33,305,141,-39,226,175,-13,250,142,-23,266,121,-32,278,102,-39,204,168,-15,216,133,-27,225,110,-36,234,90,-41,179,170,-19,182,142,-31,185,123,-37,191,106,-40,0
165,249,0,204,257,-17,239,252,-24,265,239,-30,287,231,-36,244,192,-13,274,170,-24,291,155,-32,305,141,-39,226,175,-13,250,142,-23,266,120,-32,278,101,-38,204,168,-15,216,133,-27,225,110,-35,234,90,-41,179,169,-19,181,141,-30,185,123,-36,191,106,-39,0
165,249,0,203,257,-17,239,252,-24,265,240,-30,287,231,-36,244,192,-13,274,170,-24,291,155,-32,306,141,-39,226,175,-13,250,142,-23,266,120,-32,278,101,-38,204,168,-15,216,133,-26,225,110,-35,234,90,-40,179,169,-18,181,141,-30,185,123,-36,191,106,-39,0
165,250,0,204,257,-16,240,252,-23,266,239,-29,287,231,-35,244,192,-12,274,170,-23,291,155,-32,305,141,-38,226,175,-13,250,142,-23,265,120,-32,278,101,-38,204,169,-15,216,133,-27,225,110,-35,234,90,-41,179,170,-19,182,142,-30,185,124,-36,191,107,-39,0
166,250,0,204,257,-16,240,252,-23,266,239,-29,287,231,-35,244,192,-12,274,170,-23,291,155,-32,305,141,-38,226,175,-12,250,142,-23,265,120,-31,278,101,-37,204,169,-15,216,133,-26,225,110,-34,234,90,-40,179,170,-19,182,142,-30,185,124,-35,191,107,-38,0
167,250,0,205,257,-16,240,252,-24,265,240,-31,287,231,-37,244,193,-13,274,171,-24,291,156,-33,305,142,-40,226,175,-13,250,142,-24,265,120,-33,278,101,-39,204,169,-16,216,134,-28,224,110,-36,233,91,-42,179,170,-20,181,143,-32,184,124,-38,189,107,-41,0
165,250,0,203,258,-17,239,253,-25,265,240,-31,287,231,-38,244,193,-14,273,171,-25,290,156,-34,305,141,-41,225,175,-13,250,142,-24,265,121,-33,277,101,-40,203,169,-15,215,134,-28,224,111,-36,233,91,-42,178,170,-19,181,143,-31,184,124,-37,189,107,-40,0
166,251,0,204,257,-17,240,252,-25,265,240,-31,287,231,-38,243,192,-13,273,170,-25,290,155,-34,304,141,-41,225,176,-13,249,142,-25,264,120,-34,277,101,-40,202,169,-16,214,134,-28,223,111,-37,232,91,-42,177,171,-20,180,143,-32,183,125,-38,189,107,-41,0
166,251,0,204,257,-17,240,252,-24,265,240,-31,287,231,-38,243,192,-14,273,170,-25,290,155,-35,304,141,-41,225,176,-14,249,142,-25,264,121,-34,277,101,-40,203,169,-16,214,134,-29,223,110,-37,232,90,-42,177,170,-20,180,143,-32,184,124,-37,189,107,-41,0
165,250,0,203,256,-16,239,251,-24,265,239,-30,286,230,-37,243,192,-14,272,170,-25,290,155,-34,304,141,-41,224,175,-14,249,142,-25,264,120,-34,277,101,-40,202,169,-16,214,133,-28,223,110,-37,232,89,-43,177,170,-20,180,142,-32,184,123,-38,189,105,-41,0
165,250,0,204,257,-17,239,252,-25,265,240,-31,286,230,-38,243,192,-14,272,170,-26,290,155,-35,304,140,-42,224,175,-14,249,142,-26,264,120,-35,277,100,-41,202,169,-17,214,133,-29,223,110,-38,232,89,-44,177,170,-21,180,142,-33,183,124,-39,189,106,-42,0
166,249,0,204,257,-17,240,252,-25,265,239,-32,287,230,-38,243,193,-14,273,170,-26,290,155,-35,304,141,-41,225,175,-14,249,142,-25,264,120,-34,276,101,-40,203,169,-16,215,133,-28,223,110,-37,232,89,-42,178,170,-19,180,142,-31,184,124,-37,189,106,-40,0
166,249,0,204,257,-17,240,252,-25,265,239,-32,286,230,-38,243,193,-14,273,170,-26,290,155,-35,304,140,-42,225,175,-14,249,142,-25,264,120,-34,276,101,-41,203,169,-16,215,133,-29,223,109,-37,232,89,-43,178,170,-20,180,142,-32,184,123,-38,190,106,-42,0
165,250,0,204,257,-16,239,252,-23,265,239,-29,286,230,-35,244,193,-12,273,170,-23,291,155,-32,304,140,-38,226,175,-13,250,142,-23,265,120,-32,277,101,-38,204,169,-15,215,133,-27,224,110,-35,232,90,-41,178,170,-19,181,142,-30,184,124,-36,190,107,-40,0
165,250,0,204,257,-16,240,252,-23,265,239,-29,287,230,-34,244,193,-12,273,170,-22,290,155,-31,304,140,-37,226,175,-12,250,142,-22,265,120,-31,277,101,-37,204,169,-14,215,133,-26,224,110,-34,232,90,-40,179,170,-18,181,142,-30,184,124,-36,189,107,-39,0
165,250,0,204,257,-16,240,251,-24,265,239,-30,286,231,-37,244,192,-13,273,170,-24,290,154,-33,304,140,-40,226,175,-13,250,141,-24,265,119,-33,278,100,-39,203,168,-16,215,133,-28,224,109,-36,233,89,-42,178,170,-20,181,142,-32,185,124,-37,190,106,-41,0
166,251,0,204,257,-16,240,251,-23,266,239,-30,287,231,-36,244,192,-13,273,170,-24,290,154,-32,304,140,-39,226,175,-13,250,141,-23,265,120,-32,277,100,-38,203,168,-15,215,133,-27,224,109,-36,232,89,-41,178,170,-19,181,142,-31,184,124,-37,190,106,-40,0
166,249,0,204,256,-18,239,252,-26,265,239,-33,287,230,-39,244,192,-14,273,170,-25,290,154,-34,303,140,-41,226,175,-14,250,141,-24,265,120,-33,277,100,-40,203,168,-16,215,133,-28,223,110,-36,232,90,-41,178,169,-19,181,141,-31,184,123,-37,189,106,-40,0
166,249,0,205,256,-16,240,251,-23,266,239,-29,287,230,-35,244,192,-12,273,170,-23,290,154,-32,304,140,-38,226,175,-12,249,141,-23,265,119,-32,277,100,-38,204,168,-15,215,133,-27,224,110,-36,233,90,-41,178,170,-19,180,142,-31,183,124,-37,189,107,-41,0
166,250,0,205,257,-16,240,251,-23,266,239,-29,287,230,-35,244,192,-12,273,170,-23,290,154,-32,304,140,-38,226,175,-13,250,142,-23,265,120,-32,277,100,-38,204,169,-15,215,133,-27,223,110,-36,232,90,-41,178,170,-19,180,143,-31,183,125,-37,189,108,-40,0
166,250,0,204,257,-16,239,252,-23,265,239,-29,286,230,-35,244,192,-12,273,170,-23,290,154,-32,304,140,-39,225,175,-12,249,142,-23,265,120,-32,277,101,-38,204,168,-15,215,133,-27,224,110,-35,233,90,-41,179,170,-19,181,142,-30,184,123,-36,190,105,-40,0
166,249,0,204,256,-17,239,251,-25,265,239,-32,286,230,-39,244,192,-14,274,170,-25,291,155,-34,305,140,-41,226,175,-14,250,142,-25,265,120,-34,277,101,-40,204,168,-16,215,133,-28,224,110,-37,232,90,-42,178,170,-20,181,142,-32,184,124,-37,189,107,-41,0
166,249,0,204,256,-17,239,251,-25,264,239,-32,286,230,-39,244,192,-14,274,170,-25,290,154,-35,304,140,-41,226,175,-14,250,141,-25,265,120,-34,277,101,-41,204,169,-16,215,133,-29,224,110,-37,233,90,-43,178,170,-20,181,142,-32,184,124,-39,189,106,-42,0
166,250,0,204,257,-16,240,252,-23,265,239,-29,286,230,-35,243,192,-13,273,170,-24,290,155,-32,304,140,-39,225,175,-13,249,142,-23,264,120,-33,276,101,-39,203,169,-15,215,133,-27,223,110,-36,232,90,-42,178,170,-19,180,142,-31,184,124,-37,190,107,-41,0
165,250,0,204,257,-16,239,252,-24,265,239,-30,286,230,-36,243,192,-13,273,170,-24,290,154,-33,304,140,-40,225,175,-13,249,142,-24,264,120,-33,276,101,-39,203,169,-16,214,133,-27,223,110,-36,232,90,-41,178,170,-20,180,142,-31,184,124,-37,190,106,-40,0
166,251,0,204,257,-17,239,251,-25,264,239,-32,286,230,-38,243,192,-14,272,170,-26,289,154,-35,303,140,-42,224,175,-14,249,142,-26,264,120,-35,276,101,-41,202,169,-17,214,133,-29,223,110,-38,232,89,-43,177,170,-21,180,142,-33,183,124,-39,189,106,-42,0
166,250,0,204,257,-17,239,252,-25,264,239,-31,286,230,-38,243,192,-14,273,170,-26,290,154,-35,304,140,-41,225,175,-14,249,142,-25,264,120,-34,277,101,-40,202,168,-16,214,133,-29,223,110,-37,232,91,-42,177,170,-20,180,142,-32,183,124,-37,189,107,-40,0
166,250,0,204,257,-16,240,252,-24,265,239,-30,286,230,-37,243,192,-13,273,170,-25,290,154,-34,305,140,-40,225,175,-14,249,142,-25,264,120,-34,276,101,-40,203,169,-16,214,133,-28,223,110,-37,231,90,-42,178,170,-20,180,142,-32,183,123,-38,189,106,-41,0
166,250,0,204,257,-16,240,251,-24,265,239,-30,286,230,-37,243,192,-13,273,170,-25,291,154,-34,305,140,-40,225,175,-13,249,142,-24,264,120,-33,276,101,-40,203,169,-16,214,133,-28,223,110,-36,232,90,-42,178,170,-20,180,142,-31,183,123,-37,188,106,-40,0
165,250,0,203,256,-17,239,251,-25,264,238,-31,286,229,-38,242,192,-14,273,170,-25,290,154,-34,304,140,-41,224,175,-14,249,141,-24,264,120,-33,276,101,-40,202,168,-16,214,133,-28,223,109,-36,232,90,-41,177,169,-19,180,141,-31,184,123,-37,189,106,-40,0
165,250,0,203,256,-17,238,251,-25,264,238,-32,286,230,-38,242,192,-14,273,170,-25,290,155,-34,305,140,-41,224,175,-14,249,141,-24,264,120,-33,277,101,-40,202,168,-16,214,132,-27,223,109,-36,231,90,-41,177,169,-19,181,141,-31,184,123,-36,189,105,-39,0
165,249,0,204,256,-16,239,251,-24,265,238,-31,286,230,-37,244,192,-13,273,169,-25,289,154,-34,303,139,-41,225,175,-14,249,142,-25,264,120,-34,277,100,-41,203,168,-17,214,133,-29,223,110,-38,231,89,-43,177,170,-21,180,142,-33,184,123,-38,189,106,-42,0
166,249,0,204,256,-16,240,250,-24,265,238,-30,286,230,-37,243,192,-13,272,169,-25,289,154,-34,303,140,-41,225,175,-14,249,141,-25,264,119,-34,276,100,-41,202,169,-17,214,133,-29,223,110,-38,232,89,-43,177,170,-21,180,142,-33,184,123,-39,189,106,-43,0
165,250,0,203,257,-17,238,251,-25,264,239,-32,285,230,-39,243,192,-14,272,170,-26,290,155,-35,303,140,-42,224,175,-14,249,141,-26,264,119,-35,276,100,-41,202,169,-16,214,133,-29,223,109,-38,232,89,-44,177,170,-20,180,142,-33,184,123,-39,189,106,-42,0
165,250,0,203,256,-17,239,251,-25,264,239,-32,286,229,-39,243,192,-14,273,170,-26,290,155,-35,304,141,-42,224,175,-14,249,142,-25,264,120,-35,276,100,-41,202,169,-16,213,133,-29,222,110,-37,231,90,-43,177,170,-20,180,142,-32,184,123,-38,189,106,-41,0
164,250,0,203,256,-17,238,251,-26,263,239,-33,285,230,-40,242,192,-14,272,170,-26,289,155,-35,303,141,-42,224,175,-14,248,141,-25,263,120,-35,276,100,-41,202,168,-16,213,133,-29,222,110,-37,231,90,-43,176,170,-20,180,142,-32,184,123,-38,189,105,-41,0
165,249,0,203,257,-17,239,252,-24,264,239,-31,285,231,-38,243,193,-14,273,170,-25,290,155,-34,304,140,-41,225,175,-14,249,142,-24,264,120,-33,276,101,-40,202,169,-16,214,133,-27,223,110,-36,232,90,-42,177,170,-19,180,142,-31,184,124,-37,189,107,-40,0
164,249,0,202,256,-18,237,252,-26,263,239,-33,285,230,-39,242,192,-14,272,170,-26,288,154,-35,302,139,-41,224,175,-14,248,141,-25,263,120,-34,275,100,-40,201,168,-15,213,133,-28,222,110,-36,231,91,-42,176,170,-19,179,143,-31,183,125,-37,189,108,-40,0
165,250,0,203,256,-17,238,252,-25,263,239,-32,285,230,-39,242,192,-14,272,170,-25,288,154,-34,302,140,-41,224,175,-14,248,142,-24,263,120,-34,275,101,-40,202,169,-16,213,133,-28,222,110,-37,231,90,-42,177,170,-20,180,142,-31,183,124,-37,189,107,-41,0
165,250,0,203,257,-17,238,252,-25,263,239,-32,285,230,-39,242,192,-14,272,170,-25,289,154,-34,302,140,-41,224,175,-14,248,141,-24,263,119,-34,275,100,-40,202,168,-16,213,133,-28,222,110,-36,231,90,-42,177,170,-19,180,142,-31,184,124,-37,189,107,-40,0
166,250,0,204,256,-17,238,252,-25,263,240,-33,285,231,-40,243,192,-15,272,170,-26,289,155,-36,303,140,-42,225,175,-15,248,142,-26,264,120,-35,276,100,-42,202,169,-17,213,133,-30,222,110,-38,231,90,-44,177,171,-21,180,143,-33,183,124,-39,189,106,-43,0
166,249,0,203,256,-17,238,252,-25,263,239,-33,285,231,-40,243,192,-15,272,170,-26,289,155,-36,303,140,-42,225,175,-15,249,142,-26,264,120,-35,276,100,-42,202,169,-17,213,133,-29,222,110,-38,231,90,-44,177,171,-21,180,143,-33,183,124,-39,189,106,-42,0
164,249,0,203,256,-17,239,251,-24,264,239,-31,286,230,-37,243,192,-13,272,170,-24,289,154,-33,303,140,-39,225,175,-13,249,142,-23,264,120,-32,277,101,-38,203,168,-15,214,133,-27,223,110,-35,232,91,-40,177,169,-19,180,142,-30,183,124,-36,189,107,-39,0
165,250,0,203,256,-17,238,251,-25,264,239,-32,285,230,-39,243,192,-14,272,170,-25,289,154,-34,303,140,-41,225,175,-14,249,142,-25,264,120,-34,276,100,-41,203,169,-17,214,133,-29,223,110,-38,232,90,-43,177,170,-21,180,142,-33,183,124,-39,189,106,-42,0
165,250,0,203,256,-17,238,251,-25,264,239,-32,285,230,-39,243,192,-14,273,170,-25,290,154,-34,304,140,-41,225,175,-14,249,142,-25,264,120,-34,276,101,-40,203,169,-16,214,133,-29,223,110,-37,232,90,-43,177,170,-20,180,142,-33,183,124,-39,189,106,-42,0
165,249,0,203,256,-18,238,252,-26,263,239,-33,285,230,-40,243,192,-14,272,170,-26,289,154,-35,303,140,-42,225,175,-14,249,142,-25,264,120,-34,276,101,-40,202,168,-16,214,133,-28,223,111,-36,232,91,-42,177,170,-19,180,142,-31,183,125,-37,189,108,-40,0
165,249,0,202,256,-17,237,252,-26,263,239,-33,285,230,-40,243,192,-14,272,169,-26,289,154,-35,303,140,-42,225,175,-14,249,141,-25,264,120,-34,276,100,-41,202,168,-16,214,133,-28,223,110,-37,232,90,-43,177,170,-20,180,143,-32,184,125,-38,189,108,-41,0
164,250,0,202,256,-18,237,251,-26,263,239,-33,285,230,-40,243,192,-14,272,170,-26,289,154,-35,303,140,-42,225,175,-14,249,141,-25,264,119,-34,276,100,-41,202,168,-16,214,133,-28,223,110,-37,232,90,-42,177,170,-20,180,142,-32,184,124,-38,189,107,-41,0
165,250,0,203,256,-17,238,251,-26,263,239,-33,285,230,-40,242,191,-14,272,169,-25,289,154,-35,303,140,-42,224,175,-14,248,142,-25,263,120,-34,275,100,-40,202,168,-16,214,133,-28,223,110,-37,232,90,-42,177,169,-20,180,142,-31,183,124,-37,188,106,-41,0
165,250,0,203,256,-18,238,251,-26,263,239,-33,285,230,-40,242,191,-14,272,169,-26,289,154,-35,304,140,-42,224,175,-14,248,142,-25,264,120,-34,276,101,-40,202,168,-16,214,133,-28,223,110,-36,232,90,-42,177,169,-19,180,142,-31,183,124,-37,189,106,-40,0
165,250,0,203,257,-17,238,252,-25,263,239,-32,285,230,-38,242,192,-14,272,170,-26,289,154,-35,303,140,-42,224,175,-14,248,141,-25,263,119,-34,276,100,-40,202,169,-16,214,133,-28,222,110,-37,231,90,-42,176,170,-20,180,142,-32,184,124,-37,190,106,-40,0
165,250,0,203,257,-17,238,251,-25,264,239,-31,285,230,-38,242,192,-14,272,170,-25,289,154,-35,303,140,-41,224,175,-14,248,141,-25,263,119,-34,275,100,-40,202,169,-16,214,133,-28,223,110,-37,231,90,-42,177,170,-20,180,142,-32,184,124,-37,189,107,-40,0
165,250,0,203,257,-17,238,251,-25,263,239,-32,285,230,-39,242,192,-14,272,170,-26,289,154,-35,303,140,-42,224,175,-14,248,141,-25,263,119,-34,275,100,-41,202,169,-16,214,133,-28,222,110,-37,231,90,-42,177,170,-20,180,142,-32,184,124,-38,189,107,-41,0
165,250,0,203,256,-17,238,251,-25,263,239,-32,285,230,-39,242,192,-14,271,170,-26,288,155,-35,302,141,-42,223,175,-14,248,142,-25,263,120,-34,275,100,-41,201,169,-16,213,134,-29,222,111,-37,231,91,-42,176,171,-20,180,143,-32,184,124,-38,189,107,-41,0
165,249,0,202,256,-17,237,251,-25,263,239,-32,284,230,-39,241,192,-14,271,170,-26,289,155,-35,303,140,-42,223,175,-14,248,142,-26,263,120,-35,275,100,-41,201,169,-16,213,133,-29,222,110,-38,231,90,-43,176,170,-20,179,142,-32,183,124,-38,188,107,-41,0
165,249,0,202,256,-17,237,251,-25,263,239,-32,285,230,-38,242,192,-14,271,170,-26,289,155,-35,303,140,-42,224,175,-14,248,141,-26,263,120,-35,275,100,-41,202,169,-17,213,133,-29,222,110,-38,231,90,-43,176,170,-21,179,143,-33,183,124,-38,188,107,-42,0
164,248,0,202,256,-17,237,252,-25,263,239,-31,284,230,-38,242,192,-14,272,170,-26,288,154,-35,302,140,-42,224,175,-14,248,141,-25,263,120,-34,276,100,-41,202,169,-16,213,133,-29,222,110,-37,231,90,-43,176,170,-20,179,142,-32,183,124,-38,189,107,-41,0
138,292,0,165,288,-17,190,270,-28,186,245,-39,172,224,-50,199,215,-20,217,178,-36,228,154,-45,236,134,-51,173,209,-21,175,206,-47,170,236,-55,166,258,-53,148,211,-22,149,218,-48,150,250,-46,149,271,-37,124,217,-25,128,221,-44,130,247,-40,131,264,-32,1
137,288,0,164,284,-17,188,266,-29,185,242,-40,170,221,-51,197,213,-21,216,177,-37,227,153,-47,235,133,-54,172,207,-21,173,204,-49,167,234,-56,163,257,-55,147,208,-23,148,215,-49,148,246,-46,148,266,-37,124,213,-26,127,218,-44,129,242,-40,130,257,-32,1
138,288,0,165,284,-18,189,267,-30,185,243,-41,169,222,-53,198,214,-21,217,177,-38,228,153,-48,235,133,-55,173,208,-21,174,205,-49,167,235,-57,163,257,-56,148,208,-23,147,216,-50,148,247,-47,148,267,-38,124,213,-26,127,219,-45,129,244,-41,130,259,-33,1
138,288,0,165,284,-17,189,266,-29,185,242,-40,169,222,-51,198,213,-20,217,176,-36,228,152,-46,236,133,-52,172,207,-20,174,204,-48,167,234,-56,163,257,-54,148,209,-22,147,215,-49,148,247,-46,148,268,-37,124,214,-25,127,218,-44,129,243,-41,130,259,-33,1
138,288,0,164,284,-17,190,266,-29,186,242,-40,170,221,-51,198,212,-20,217,176,-36,228,152,-46,236,133,-52,173,206,-21,175,204,-48,169,234,-56,164,256,-54,148,207,-23,149,215,-49,149,246,-46,149,266,-37,125,212,-26,128,219,-44,130,243,-40,131,258,-32,1
137,288,0,164,284,-17,189,266,-29,186,242,-41,170,221,-52,198,212,-21,217,176,-37,228,152,-47,236,133,-53,173,206,-21,175,204,-49,169,233,-56,164,255,-55,149,207,-22,149,216,-49,149,246,-46,149,266,-37,125,212,-25,128,219,-44,130,244,-41,131,258,-33,1
137,288,0,164,284,-17,189,266,-29,186,242,-40,170,221,-52,198,212,-21,217,175,-37,228,152,-47,236,133,-53,173,206,-21,175,204,-48,169,234,-56,164,255,-55,149,207,-23,149,216,-49,149,246,-46,149,265,-37,125,212,-26,128,219,-44,130,244,-40,131,258,-32,1
138,289,0,165,284,-18,189,266,-29,186,242,-41,172,220,-52,199,213,-20,217,176,-36,228,152,-46,236,133,-53,173,208,-20,175,203,-48,169,233,-55,164,255,-54,148,209,-22,149,212,-49,149,244,-46,148,265,-37,125,215,-25,127,215,-44,129,240,-40,131,256,-32,1
138,289,0,165,284,-17,190,265,-29,185,241,-40,171,220,-51,199,213,-19,217,176,-35,228,153,-45,236,133,-52,173,208,-20,175,203,-47,169,233,-55,164,256,-54,148,209,-21,149,211,-49,149,244,-46,148,265,-36,125,215,-25,127,215,-44,129,240,-40,131,256,-32,1
138,288,0,164,284,-17,189,268,-29,186,245,-41,174,223,-53,198,213,-20,217,176,-37,229,152,-47,236,133,-53,173,208,-21,175,205,-49,167,236,-56,163,259,-54,149,209,-23,148,211,-49,148,244,-46,148,265,-36,125,214,-26,127,214,-45,128,239,-41,130,255,-32,1
138,287,0,164,284,-18,189,267,-31,186,244,-43,173,222,-55,199,213,-21,217,176,-38,229,152,-48,236,133,-54,173,208,-21,175,204,-49,168,236,-56,163,258,-54,149,209,-23,149,211,-49,149,243,-45,148,264,-36,125,214,-26,128,214,-45,129,239,-41,130,255,-32,1
139,288,0,165,284,-18,190,266,-31,186,242,-44,172,220,-56,199,213,-23,218,177,-40,229,153,-50,237,134,-57,173,208,-22,176,204,-51,169,236,-58,165,258,-56,148,209,-24,149,212,-51,150,244,-46,150,264,-36,124,214,-27,128,215,-45,130,240,-41,131,254,-32,1
140,288,0,165,284,-18,190,267,-31,187,243,-43,173,221,-55,200,214,-22,218,177,-39,229,153,-49,237,133,-56,175,207,-21,175,205,-50,167,236,-58,163,258,-56,151,208,-22,149,212,-50,148,244,-46,148,264,-37,127,213,-25,127,215,-45,128,239,-41,130,255,-33,1
141,287,0,167,283,-18,191,265,-31,187,240,-42,173,218,-54,200,212,-22,219,175,-39,230,151,-48,238,132,-55,175,206,-22,176,205,-50,170,236,-57,166,259,-56,150,207,-23,151,213,-49,151,245,-46,151,266,-37,127,212,-26,130,217,-44,132,242,-41,133,258,-33,1
140,287,0,166,283,-18,191,266,-31,188,242,-43,173,219,-54,200,213,-23,219,176,-39,230,153,-49,237,133,-56,175,206,-22,177,205,-50,170,236,-57,166,258,-56,151,206,-24,150,214,-49,151,245,-46,151,265,-37,127,211,-26,129,217,-44,131,242,-40,133,257,-32,1
141,286,0,167,283,-17,191,266,-28,187,243,-40,174,222,-51,200,213,-21,219,176,-37,230,153,-47,238,133,-54,176,207,-21,176,205,-49,170,236,-56,166,258,-55,151,208,-23,150,212,-49,150,243,-45,151,264,-36,127,213,-26,129,214,-44,131,238,-40,133,253,-32,1
141,286,0,167,282,-17,191,266,-29,187,242,-40,173,221,-52,200,213,-21,219,177,-37,230,153,-47,238,133,-54,175,207,-21,177,205,-49,170,236,-56,166,259,-55,151,208,-23,151,212,-49,151,243,-45,151,264,-36,127,213,-26,130,213,-44,131,237,-40,132,252,-31,1
141,286,0,167,282,-17,191,266,-29,187,242,-41,173,220,-52,201,213,-21,220,176,-37,231,152,-47,238,133,-54,176,207,-21,177,205,-49,170,236,-56,166,259,-54,151,208,-23,151,212,-49,151,243,-45,151,263,-35,127,213,-26,130,214,-43,132,237,-39,132,252,-31,1
141,286,0,168,282,-18,192,264,-30,189,241,-42,176,219,-54,202,213,-22,220,176,-39,231,152,-50,239,132,-57,177,206,-22,177,205,-51,170,236,-58,166,259,-56,152,206,-23,151,213,-50,150,244,-46,150,264,-37,128,210,-26,129,216,-44,131,240,-41,133,255,-33,1
141,286,0,168,282,-18,192,264,-29,189,241,-41,175,219,-52,202,212,-22,220,176,-38,231,152,-49,239,133,-55,177,205,-21,177,205,-50,170,236,-57,165,258,-55,152,205,-23,150,214,-49,150,244,-45,150,264,-36,128,210,-26,130,217,-43,132,241,-40,134,255,-32,1
143,286,0,169,281,-16,193,264,-28,189,241,-39,176,220,-50,203,212,-20,221,176,-37,232,153,-46,240,134,-52,178,205,-21,179,206,-48,172,236,-56,168,258,-54,153,205,-23,152,215,-48,152,246,-45,153,265,-37,129,210,-26,131,218,-43,133,242,-40,135,257,-32,1
142,287,0,168,282,-17,192,265,-28,189,241,-39,176,219,-51,203,212,-20,221,176,-37,232,153,-47,240,134,-53,178,206,-21,179,206,-48,172,237,-56,168,259,-54,153,206,-22,152,214,-48,153,245,-45,153,265,-36,129,211,-26,131,217,-43,133,242,-40,135,257,-32,1
143,287,0,169,283,-18,192,266,-30,190,242,-42,177,220,-54,202,212,-22,221,176,-38,232,153,-48,240,134,-54,177,206,-21,178,206,-49,172,237,-56,167,261,-55,152,207,-23,153,213,-48,153,244,-45,152,265,-36,129,213,-26,131,215,-43,133,237,-39,133,251,-31,1
143,287,0,169,283,-18,192,266,-30,190,242,-42,177,220,-54,202,213,-21,221,176,-38,232,153,-48,240,133,-54,177,207,-21,179,206,-49,172,238,-56,168,261,-54,152,208,-23,153,212,-48,153,244,-44,153,265,-35,128,214,-26,131,215,-43,133,237,-39,134,251,-30,1
142,287,0,167,284,-18,192,268,-30,188,244,-43,175,222,-55,202,212,-21,220,177,-38,231,153,-47,239,134,-53,176,207,-21,179,206,-49,172,237,-55,168,258,-53,152,209,-23,153,213,-49,152,245,-45,152,264,-35,128,215,-26,131,215,-43,133,237,-38,133,250,-30,1
141,288,0,167,284,-17,192,267,-30,188,244,-42,174,223,-54,201,212,-22,219,176,-38,230,153,-48,238,134,-55,176,205,-22,177,205,-49,170,235,-57,165,256,-56,151,206,-23,151,215,-50,150,246,-47,151,266,-38,127,211,-26,129,218,-44,131,242,-41,132,258,-33,1
141,287,0,167,283,-18,191,266,-31,188,242,-42,175,220,-54,201,213,-22,219,176,-39,230,152,-49,238,133,-55,176,206,-21,177,206,-49,170,236,-57,166,259,-55,151,207,-22,151,214,-49,151,244,-45,151,264,-36,128,212,-25,130,217,-43,131,241,-39,132,256,-31,1
141,287,0,167,283,-19,191,267,-31,188,243,-44,174,220,-55,201,213,-22,219,176,-39,231,152,-49,238,133,-55,176,207,-21,177,205,-50,170,236,-57,166,258,-55,151,208,-22,151,213,-49,151,244,-46,151,264,-36,128,213,-25,129,216,-43,131,240,-39,132,254,-31,1
141,287,0,167,284,-19,191,266,-32,188,242,-44,175,220,-56,201,213,-22,219,176,-39,231,151,-49,239,132,-55,176,207,-22,177,204,-50,170,236,-57,166,258,-55,151,208,-23,151,213,-50,151,244,-46,151,263,-36,127,213,-25,130,215,-44,131,239,-39,132,254,-31,1
140,287,0,166,283,-17,191,266,-29,188,242,-40,173,221,-52,201,212,-20,219,176,-37,231,152,-46,238,133,-53,176,206,-20,177,205,-48,170,236,-55,166,258,-53,151,207,-22,151,213,-47,151,243,-43,151,263,-34,128,212,-24,130,215,-42,132,239,-38,133,253,-30,1
141,286,0,167,282,-18,192,265,-31,189,242,-43,174,221,-55,201,212,-22,219,175,-39,231,151,-49,238,132,-55,176,206,-22,177,203,-50,171,233,-58,167,256,-56,151,207,-23,151,212,-50,151,244,-47,151,263,-37,128,212,-26,130,216,-44,132,240,-41,134,255,-33,1
141,286,0,167,282,-18,192,266,-31,189,242,-43,174,220,-55,201,212,-22,219,175,-38,230,151,-48,238,132,-55,176,207,-22,177,203,-50,171,234,-57,167,256,-56,151,208,-23,151,212,-50,151,243,-46,151,263,-37,127,213,-26,130,215,-45,132,240,-40,134,255,-32,1
141,286,0,167,283,-18,191,265,-31,188,241,-43,173,219,-54,201,213,-22,219,175,-38,230,151,-48,238,132,-55,176,208,-22,176,204,-50,169,234,-57,164,256,-56,152,209,-23,150,212,-49,149,243,-46,149,263,-37,128,214,-25,129,214,-44,130,239,-41,132,254,-32,1
140,287,0,167,283,-18,191,265,-31,187,241,-42,173,220,-54,200,212,-22,219,175,-38,230,151,-48,238,132,-55,176,208,-22,175,204,-50,169,234,-58,164,256,-56,151,209,-23,149,212,-50,149,243,-47,149,263,-37,128,215,-26,129,214,-45,130,239,-41,132,254,-33,1
140,287,0,166,284,-18,191,266,-31,188,241,-43,173,219,-55,200,213,-22,219,176,-39,230,152,-49,238,133,-56,175,208,-22,177,204,-50,170,235,-57,165,258,-56,151,209,-24,151,211,-50,151,243,-46,150,263,-36,127,215,-27,130,214,-45,132,239,-41,132,255,-32,1
141,287,0,167,283,-17,192,266,-29,189,243,-41,173,222,-52,201,212,-20,219,175,-36,230,152,-46,238,133,-52,176,207,-21,177,205,-48,171,236,-55,166,258,-54,151,209,-22,151,212,-48,151,244,-45,151,264,-36,128,215,-25,130,215,-43,132,239,-39,133,254,-31,1
141,287,0,167,284,-17,192,266,-30,188,243,-42,173,221,-54,201,213,-21,219,176,-37,230,152,-47,238,133,-54,176,208,-21,177,205,-49,171,236,-56,166,259,-55,151,210,-23,152,212,-49,152,243,-45,151,263,-35,128,216,-26,130,215,-44,132,238,-39,133,253,-31,1
141,286,0,167,284,-17,192,266,-30,189,242,-42,172,221,-53,200,213,-21,219,175,-37,230,152,-47,238,133,-54,175,208,-21,177,204,-49,171,236,-56,166,258,-55,151,210,-23,151,211,-49,151,243,-45,151,263,-36,128,216,-26,130,214,-44,132,238,-39,133,253,-31,1
140,288,0,167,284,-18,190,266,-30,187,241,-42,174,219,-54,200,213,-21,219,176,-38,231,152,-48,238,132,-54,175,207,-21,177,205,-49,170,235,-56,166,256,-55,151,208,-23,151,213,-49,151,245,-46,151,265,-36,127,213,-25,130,216,-44,132,242,-41,134,257,-32,1
141,289,0,167,285,-18,190,266,-30,187,241,-42,173,219,-53,201,213,-20,219,176,-37,230,152,-47,238,133,-53,176,207,-20,176,204,-48,170,234,-55,166,257,-54,151,207,-21,150,214,-48,150,245,-45,150,265,-36,127,213,-24,129,218,-43,131,243,-40,133,258,-32,1
141,286,0,167,283,-19,191,267,-32,187,243,-44,172,222,-56,201,212,-22,219,176,-39,230,152,-49,237,133,-55,176,206,-22,176,205,-50,169,235,-56,165,257,-55,151,208,-23,149,213,-49,149,244,-45,150,263,-36,128,213,-26,129,215,-43,130,238,-39,131,252,-31,1
141,286,0,167,283,-19,191,266,-32,188,242,-44,173,220,-56,201,212,-23,219,175,-40,230,151,-49,238,133,-55,176,207,-23,177,204,-50,170,235,-57,166,257,-55,151,209,-24,151,211,-50,151,243,-45,151,263,-36,128,214,-27,130,212,-44,131,234,-39,131,247,-30,1
141,286,0,167,283,-19,191,266,-32,188,241,-44,173,219,-56,201,212,-23,219,175,-40,231,152,-49,238,133,-56,176,207,-23,176,204,-50,170,235,-57,165,257,-56,151,209,-24,151,211,-50,151,242,-46,150,263,-36,128,215,-27,130,212,-44,131,234,-40,131,248,-31,1
140,287,0,166,284,-19,191,267,-32,189,242,-44,173,220,-56,201,213,-22,219,176,-39,230,152,-49,239,133,-56,176,208,-22,176,204,-51,170,235,-59,165,260,-57,151,209,-23,151,211,-50,150,243,-47,150,265,-37,128,215,-26,129,214,-45,131,237,-41,132,253,-33,1
140,287,0,166,284,-18,190,267,-31,189,242,-43,174,221,-55,201,213,-22,219,176,-39,231,152,-49,238,132,-57,176,208,-22,176,204,-51,169,235,-59,164,259,-58,152,210,-23,150,211,-50,150,243,-47,150,265,-38,128,215,-26,129,214,-45,131,238,-42,132,255,-34,1
140,287,0,167,283,-17,191,266,-29,188,242,-41,174,220,-52,200,212,-21,219,175,-37,231,151,-47,239,132,-54,175,207,-21,176,204,-49,170,234,-57,165,257,-55,151,208,-22,150,211,-49,150,242,-45,150,263,-36,128,214,-25,129,214,-44,131,238,-40,132,254,-32,1
140,287,0,167,283,-18,191,266,-31,187,241,-42,174,219,-54,201,212,-21,219,176,-38,231,152,-48,238,133,-54,175,206,-21,177,204,-49,170,235,-56,166,257,-54,151,207,-22,151,213,-49,151,244,-45,151,263,-35,128,213,-25,130,215,-43,132,238,-38,133,252,-30,1
140,287,0,167,283,-18,191,266,-31,188,241,-43,174,219,-54,201,211,-21,219,176,-38,231,152,-48,238,133,-54,176,205,-21,176,204,-49,169,235,-56,165,257,-54,151,206,-22,150,213,-49,150,244,-45,150,264,-35,128,211,-25,130,215,-43,131,239,-39,133,254,-30,1
140,286,0,167,283,-19,191,266,-31,188,241,-43,174,219,-54,201,212,-22,219,176,-38,231,152,-48,238,133,-54,176,205,-21,176,204,-49,170,235,-56,165,258,-54,151,206,-22,150,213,-49,150,244,-45,150,264,-35,128,212,-25,130,215,-43,131,239,-39,133,253,-30,1
140,287,0,167,283,-19,191,266,-31,188,241,-42,174,219,-54,201,213,-21,220,176,-38,231,152,-48,239,132,-54,176,207,-21,177,203,-49,170,233,-57,166,255,-55,151,207,-22,150,212,-49,150,243,-46,150,264,-36,128,212,-25,129,214,-43,131,239,-40,132,254,-31,1
141,286,0,167,283,-19,191,266,-31,188,241,-43,174,219,-54,201,212,-22,220,176,-39,231,152,-49,238,132,-55,176,207,-21,176,203,-50,170,233,-57,166,256,-56,151,207,-22,150,212,-49,150,244,-46,150,264,-37,128,212,-25,129,214,-44,131,239,-40,132,254,-32,1
141,286,0,168,282,-18,192,265,-30,188,241,-42,173,220,-54,201,212,-22,219,175,-38,230,151,-48,238,132,-55,176,207,-22,176,203,-50,170,233,-57,165,256,-56,151,209,-23,151,211,-50,151,243,-46,150,263,-37,128,215,-26,130,213,-44,132,236,-40,133,250,-32,1
140,286,0,166,283,-18,190,266,-31,188,242,-43,173,221,-55,201,212,-21,219,175,-38,231,152,-48,238,133,-54,176,206,-21,177,204,-49,171,235,-56,166,256,-55,151,207,-22,151,211,-48,151,242,-45,151,262,-36,128,212,-25,131,213,-43,132,237,-39,133,252,-31,1
141,286,0,167,282,-17,191,266,-29,188,243,-42,174,222,-54,200,211,-21,219,175,-37,231,151,-47,239,132,-53,176,206,-21,176,205,-49,169,237,-56,165,260,-54,152,208,-23,150,211,-48,150,243,-44,150,263,-35,128,214,-26,130,213,-43,131,235,-39,132,249,-30,1
141,286,0,167,283,-18,191,266,-30,188,243,-42,174,221,-55,201,211,-21,219,175,-37,231,151,-47,239,132,-53,176,207,-21,177,204,-49,170,236,-55,165,258,-54,152,209,-23,151,211,-48,151,242,-44,151,263,-35,129,215,-26,130,212,-43,131,234,-38,131,248,-30,1
141,286,0,167,282,-18,191,266,-31,188,242,-43,173,220,-55,202,212,-22,221,175,-38,232,151,-48,239,132,-55,177,206,-22,177,205,-50,170,236,-57,166,257,-55,153,207,-23,151,213,-50,151,244,-46,151,264,-37,129,212,-26,130,215,-44,132,240,-41,134,255,-32,1
140,286,0,166,283,-18,191,265,-31,188,241,-43,174,218,-56,201,212,-23,220,175,-39,231,151,-50,239,132,-57,176,206,-22,177,205,-51,171,236,-58,166,259,-57,152,207,-24,151,212,-50,151,244,-47,150,265,-38,128,213,-26,131,214,-45,132,239,-42,133,255,-33,1
141,286,0,167,283,-18,191,265,-31,188,240,-43,174,218,-55,201,212,-22,219,175,-38,230,152,-48,238,132,-55,176,206,-22,177,205,-50,170,236,-57,166,259,-56,152,207,-23,151,211,-49,151,243,-46,150,264,-37,128,212,-26,130,214,-44,132,239,-41,133,255,-33,1
141,286,0,167,283,-18,191,265,-31,188,241,-43,174,218,-55,201,212,-22,219,175,-39,230,151,-49,238,132,-55,176,206,-22,177,205,-50,171,236,-57,166,259,-56,152,207,-23,151,212,-50,151,243,-46,150,265,-37,128,212,-25,130,214,-45,132,240,-41,133,256,-33,1
140,286,0,167,282,-18,191,265,-31,188,241,-43,174,219,-55,201,211,-22,219,175,-39,230,151,-49,238,132,-55,176,205,-22,176,205,-50,170,235,-57,165,258,-56,151,206,-23,150,214,-49,150,245,-46,151,266,-37,128,212,-26,130,216,-44,132,241,-41,133,256,-33,1
140,286,0,167,282,-19,191,265,-31,188,241,-43,174,219,-55,201,211,-22,219,175,-39,230,151,-49,238,132,-55,176,205,-22,176,204,-50,170,235,-57,166,258,-56,152,206,-23,150,214,-49,150,245,-46,151,266,-37,129,211,-25,130,217,-44,132,241,-40,134,256,-32,1
141,287,0,167,283,-18,191,265,-30,187,242,-42,173,220,-54,201,211,-21,219,174,-37,230,151,-47,238,132,-54,176,206,-21,177,203,-49,171,234,-57,166,256,-55,152,207,-22,150,212,-49,151,244,-46,151,264,-37,128,212,-25,130,215,-44,132,240,-41,134,255,-32,1
141,287,0,167,283,-18,191,266,-31,187,242,-43,173,220,-55,201,211,-21,219,174,-37,231,151,-47,238,132,-54,176,206,-21,178,203,-49,171,234,-56,167,256,-55,152,207,-22,151,212,-49,151,244,-46,151,264,-36,128,212,-25,130,215,-44,132,239,-40,134,254,-32,1
141,285,0,168,282,-19,192,265,-31,188,241,-43,174,219,-54,202,211,-23,220,174,-39,230,150,-49,237,131,-56,177,204,-22,177,204,-49,170,234,-57,166,256,-55,153,205,-23,151,214,-48,151,244,-46,151,264,-37,130,209,-25,131,216,-43,132,241,-40,134,256,-32,1
141,285,0,167,282,-19,192,264,-31,187,240,-43,172,218,-55,201,211,-23,220,174,-39,231,149,-49,238,129,-56,176,206,-22,177,203,-50,171,233,-57,167,254,-55,152,207,-24,151,212,-50,151,244,-46,151,262,-36,128,212,-26,130,214,-44,132,238,-40,133,253,-31,1
141,286,0,167,282,-18,191,264,-31,187,240,-43,173,218,-54,201,211,-22,219,174,-38,230,149,-48,238,130,-55,176,206,-21,176,204,-49,170,235,-56,166,257,-54,151,207,-23,150,212,-49,150,243,-45,150,262,-36,128,212,-26,129,214,-44,131,238,-39,133,253,-31,1
142,286,0,168,281,-17,191,264,-29,188,241,-41,174,220,-53,202,210,-23,219,174,-39,230,150,-49,237,130,-55,177,202,-22,176,206,-49,171,235,-56,167,257,-55,153,203,-24,151,216,-48,152,246,-45,153,266,-37,130,208,-26,130,220,-43,133,243,-41,135,258,-34,1
141,285,0,167,282,-17,191,265,-29,189,241,-41,173,220,-52,201,211,-22,219,174,-38,229,150,-47,236,130,-53,176,205,-22,177,204,-48,170,235,-55,165,257,-53,152,206,-23,151,213,-48,150,243,-44,150,263,-35,129,211,-25,130,215,-42,131,238,-38,133,253,-30,1
141,286,0,167,282,-17,191,265,-30,189,242,-42,174,220,-54,201,211,-22,220,174,-38,230,150,-48,238,130,-54,177,205,-22,177,205,-49,170,235,-56,166,258,-54,152,206,-23,151,212,-49,151,243,-45,150,263,-36,129,211,-26,130,214,-43,132,238,-39,133,253,-30,1
140,286,0,166,282,-18,190,265,-30,188,241,-42,173,219,-53,201,211,-22,220,174,-38,230,150,-48,238,130,-54,177,206,-22,177,205,-49,170,234,-57,165,256,-56,152,206,-23,151,212,-49,150,243,-46,151,264,-37,129,211,-26,130,213,-44,132,237,-40,133,253,-32,1
141,286,0,167,282,-18,190,265,-30,188,241,-41,173,219,-53,201,211,-21,220,174,-38,230,149,-47,238,129,-54,177,205,-21,177,205,-49,170,234,-57,165,256,-56,152,206,-23,151,212,-49,150,243,-46,150,263,-37,129,211,-26,130,213,-44,132,237,-40,133,253,-32,1
140,286,0,166,282,-18,191,265,-31,187,241,-43,173,219,-55,202,210,-22,220,173,-38,231,149,-48,238,129,-55,176,205,-22,176,204,-50,169,234,-57,165,256,-56,152,206,-23,149,214,-50,149,245,-47,149,265,-38,128,211,-26,129,217,-45,131,242,-41,132,258,-33,1
140,286,0,166,282,-18,190,266,-30,187,241,-42,173,219,-54,201,210,-22,220,173,-38,230,149,-48,237,129,-55,176,204,-22,176,203,-50,169,233,-58,165,255,-56,152,205,-23,149,215,-50,149,246,-47,149,266,-39,129,210,-26,128,218,-45,130,243,-42,132,259,-34,1
141,286,0,167,282,-18,191,264,-30,187,240,-42,174,218,-54,201,211,-21,219,174,-38,230,149,-47,238,130,-54,176,206,-21,176,202,-49,170,234,-56,166,257,-55,151,208,-23,150,211,-49,150,244,-45,150,265,-36,128,213,-25,130,213,-44,131,237,-40,132,253,-31,1
140,286,0,166,282,-17,191,265,-30,188,242,-41,173,221,-53,200,211,-22,219,174,-38,230,150,-48,237,131,-54,176,205,-22,175,205,-49,169,234,-56,165,256,-55,152,206,-23,149,214,-49,150,244,-46,150,264,-37,129,211,-26,129,215,-44,131,239,-40,133,254,-32,1
140,286,0,166,282,-17,190,265,-29,188,242,-41,173,221,-53,200,211,-21,218,174,-37,230,151,-47,237,131,-54,176,205,-21,176,204,-49,170,235,-56,165,257,-55,152,206,-23,149,214,-48,150,244,-45,150,265,-37,129,211,-26,129,216,-43,131,239,-40,133,254,-32,1
141,287,0,167,282,-18,191,264,-30,187,240,-41,173,218,-53,201,211,-21,219,174,-37,230,150,-46,238,131,-53,176,205,-21,176,204,-48,170,235,-55,166,257,-53,151,206,-22,150,213,-48,150,244,-44,151,263,-36,128,211,-25,129,216,-43,131,241,-39,134,256,-32,1
140,285,0,166,282,-19,190,265,-31,188,241,-43,173,219,-54,201,210,-23,219,174,-40,230,150,-49,237,131,-55,177,203,-22,176,205,-50,169,235,-57,165,256,-55,152,203,-23,149,215,-48,149,245,-45,150,264,-36,130,208,-25,130,216,-42,131,240,-38,133,254,-30,1
140,285,0,166,282,-19,191,265,-31,187,240,-43,172,218,-54,200,211,-24,219,174,-40,230,150,-50,237,130,-56,176,204,-23,175,205,-50,169,236,-57,165,258,-56,152,204,-24,149,214,-49,149,245,-45,149,264,-36,129,209,-26,129,215,-43,131,240,-39,132,254,-31,1
140,285,0,166,282,-18,191,264,-30,188,240,-41,172,218,-53,200,211,-22,219,174,-38,230,150,-48,237,131,-54,176,205,-22,175,204,-49,169,235,-56,165,258,-54,151,206,-23,149,212,-48,149,242,-45,149,262,-36,128,211,-26,129,213,-43,131,237,-39,132,253,-31,1
140,285,0,166,282,-18,190,264,-30,187,240,-42,172,218,-54,200,211,-22,219,174,-38,230,150,-48,237,131,-55,175,205,-22,175,204,-49,169,235,-56,165,258,-55,151,206,-23,149,211,-49,149,242,-45,149,262,-36,128,212,-26,129,213,-43,131,237,-39,132,252,-31,1
140,285,0,166,281,-19,190,264,-31,187,240,-43,172,218,-55,201,210,-23,219,174,-39,230,150,-49,238,130,-56,176,204,-22,175,204,-50,169,235,-58,165,258,-56,152,205,-23,149,214,-49,149,245,-46,150,265,-37,129,210,-26,129,215,-44,130,239,-40,132,254,-33,1
140,284,0,167,281,-18,191,264,-31,187,240,-43,172,218,-55,201,210,-23,219,173,-40,230,150,-49,238,130,-56,176,203,-23,175,205,-50,169,236,-57,165,259,-56,152,204,-24,149,215,-49,149,245,-46,150,266,-37,129,209,-26,129,217,-44,130,241,-41,132,255,-33,1
141,285,0,167,281,-19,191,264,-32,186,240,-44,172,218,-55,201,210,-23,219,174,-40,230,150,-50,238,130,-57,176,204,-23,176,203,-50,170,234,-57,166,255,-55,151,206,-24,150,212,-50,150,243,-46,151,262,-37,128,211,-27,129,215,-45,131,240,-41,133,254,-33,1
140,285,0,167,282,-18,191,264,-31,187,240,-42,172,218,-54,201,211,-22,219,174,-39,230,150,-49,238,130,-55,176,204,-22,175,203,-49,169,234,-56,166,256,-55,151,205,-23,149,212,-49,150,244,-45,151,263,-36,128,210,-26,129,216,-44,131,241,-40,133,256,-33,1
140,286,0,166,282,-19,191,265,-31,188,241,-43,172,218,-55,201,212,-22,219,174,-39,230,151,-49,238,131,-55,176,206,-22,176,203,-49,170,234,-56,166,257,-55,152,207,-23,150,211,-49,150,242,-45,150,263,-36,128,212,-25,129,215,-44,131,239,-40,132,255,-33,1
141,286,0,167,282,-18,191,265,-30,187,241,-42,172,220,-54,201,211,-22,219,174,-39,230,150,-49,238,130,-56,176,206,-22,176,203,-50,170,234,-58,166,256,-56,152,208,-24,150,211,-50,150,243,-46,150,263,-37,128,213,-26,130,214,-45,131,238,-41,132,254,-33,1
140,286,0,167,282,-18,190,263,-30,186,239,-41,171,218,-53,201,212,-22,219,174,-39,230,150,-49,238,131,-56,175,206,-22,176,203,-50,169,233,-58,165,256,-56,151,207,-23,149,212,-50,149,243,-47,149,264,-38,128,211,-26,128,216,-45,130,241,-42,132,258,-35,1
140,285,0,167,281,-17,191,263,-29,186,238,-41,171,217,-52,201,211,-22,219,174,-38,230,150,-48,238,131,-54,176,205,-21,176,203,-49,169,233,-57,165,257,-55,151,206,-23,149,212,-49,149,243,-46,149,264,-37,128,211,-25,128,217,-44,130,242,-42,132,258,-34,1
141,286,0,166,282,-20,190,266,-33,188,242,-46,172,221,-59,200,211,-23,218,174,-41,229,150,-51,237,130,-58,175,207,-23,174,202,-51,168,233,-59,165,256,-57,150,208,-24,149,209,-50,148,240,-47,149,260,-37,127,214,-26,128,211,-45,130,236,-41,131,252,-33,1
141,286,0,167,282,-18,191,263,-30,187,239,-42,174,217,-53,201,211,-22,219,173,-38,230,150,-48,237,130,-55,175,205,-21,176,203,-50,170,234,-57,166,257,-55,151,206,-22,150,210,-49,150,242,-46,151,263,-36,128,212,-25,129,213,-44,131,238,-41,133,255,-33,1
141,286,0,167,281,-18,190,263,-30,187,239,-41,174,217,-52,201,210,-21,219,173,-37,229,150,-47,237,131,-53,176,204,-21,175,204,-48,169,234,-56,166,258,-54,151,205,-22,149,212,-47,150,243,-45,150,264,-36,128,210,-24,129,216,-43,131,241,-40,134,257,-33,1
141,286,0,167,281,-16,189,265,-28,187,242,-40,173,220,-52,201,209,-21,219,174,-38,230,150,-48,238,131,-54,176,202,-22,176,204,-49,170,233,-56,165,253,-55,151,203,-24,149,217,-49,150,247,-46,151,266,-38,127,208,-27,128,221,-44,131,245,-41,135,258,-33,1
141,285,0,167,281,-18,192,264,-31,188,240,-43,172,219,-55,201,210,-22,219,173,-40,230,150,-50,237,130,-57,176,204,-22,176,203,-51,169,235,-58,166,257,-57,151,205,-23,149,212,-50,150,242,-46,151,262,-37,128,210,-26,128,215,-44,131,240,-41,133,254,-33,1
140,285,0,167,282,-18,192,263,-30,188,239,-42,172,217,-53,201,211,-22,219,173,-38,230,149,-48,237,130,-54,176,205,-21,176,203,-49,170,234,-56,166,258,-54,151,206,-22,150,211,-48,150,242,-44,150,263,-35,128,211,-25,129,213,-43,131,237,-39,132,253,-31,1
141,284,0,167,281,-17,191,263,-29,187,239,-41,172,218,-52,200,210,-22,219,173,-38,230,148,-48,237,129,-55,175,205,-22,175,203,-49,170,233,-56,166,256,-55,151,207,-23,150,211,-49,149,241,-45,149,262,-36,128,212,-26,129,213,-44,131,237,-40,131,253,-32,1
141,284,0,167,280,-17,191,262,-29,187,238,-40,172,218,-51,200,210,-21,219,173,-37,229,149,-47,237,130,-54,175,204,-21,175,203,-48,170,234,-55,166,257,-54,151,206,-22,149,211,-47,149,242,-44,149,262,-35,128,211,-25,129,214,-43,130,239,-39,131,254,-31,1
141,284,0,168,281,-18,193,264,-30,187,240,-42,171,219,-54,201,210,-22,219,173,-39,229,149,-49,237,130,-55,176,204,-22,175,202,-49,169,232,-57,166,255,-56,151,206,-23,149,212,-49,150,243,-46,150,263,-38,129,211,-26,129,215,-44,130,239,-41,132,255,-33,1
141,285,0,166,282,-18,190,265,-30,186,241,-42,171,219,-53,200,210,-23,218,173,-39,229,149,-49,236,130,-55,175,205,-23,174,204,-50,168,235,-56,164,258,-54,151,206,-24,148,214,-49,149,244,-45,149,264,-36,128,212,-26,128,215,-44,130,239,-40,131,254,-32,1
140,286,0,166,282,-18,190,264,-31,185,240,-43,170,219,-54,199,211,-23,216,175,-39,227,151,-49,235,132,-55,174,206,-22,173,204,-50,168,235,-56,165,258,-55,149,208,-24,148,212,-49,149,243,-45,149,263,-36,126,214,-26,127,214,-44,129,238,-40,130,252,-32,1
